{"type":"FeatureCollection","features":[{"type":"Feature","properties":{"lake_id":"GL_30.1111_81.67915","l_km2":0.0266,"z":4254,"typ":"unconnected glacial lake","d":3856.0,"chg":-1.2,"cls":"stable","glof":0,"prov":"Karnali","gnm":"","rgi":"RGI2000-v7.0-G-15-02836"},"geometry":{"type":"Polygon","coordinates":[[[81.67749,30.11166],[81.67762,30.11202],[81.67809,30.11202],[81.6787,30.11162],[81.67965,30.11151],[81.67992,30.11111],[81.68062,30.11078],[81.68043,30.11024],[81.68059,30.10986],[81.67973,30.11049],[81.67846,30.1109],[81.67813,30.11135],[81.67749,30.11166]]]}},{"type":"Feature","properties":{"lake_id":"GL_29.85569_81.51663","l_km2":0.0158,"z":4034,"typ":"unmatched","d":0.0,"chg":null,"cls":"not assessed","glof":0,"prov":"Sudurpaschim","gnm":"","rgi":"RGI2000-v7.0-G-15-02449"},"geometry":{"type":"Polygon","coordinates":[[[81.51596,29.85484],[81.51609,29.85596],[81.51638,29.85603],[81.5168,29.8568],[81.51705,29.85667],[81.51715,29.85532],[81.51694,29.85498],[81.51596,29.85484]]]}},{"type":"Feature","properties":{"lake_id":"GL_29.86773_82.07926","l_km2":0.0093,"z":4348,"typ":"unmatched","d":1859.0,"chg":2.2,"cls":"not assessed","glof":0,"prov":"Karnali","gnm":"","rgi":"RGI2000-v7.0-G-15-04453"},"geometry":{"type":"Polygon","coordinates":[[[82.07861,29.86788],[82.07897,29.86826],[82.07944,29.86825],[82.0797,29.86708],[82.07924,29.86717],[82.07861,29.86788]]]}},{"type":"Feature","properties":{"lake_id":"GL_30.10686_81.83212","l_km2":0.0058,"z":4671,"typ":"unmatched","d":1064.0,"chg":-6.4,"cls":"not assessed","glof":0,"prov":"Karnali","gnm":"","rgi":"RGI2000-v7.0-G-15-03124"},"geometry":{"type":"Polygon","coordinates":[[[81.83167,30.1067],[81.83215,30.10729],[81.83262,30.10702],[81.83223,30.10649],[81.83185,30.10648],[81.83167,30.1067]]]}},{"type":"Feature","properties":{"lake_id":"GL_29.8499_81.51034","l_km2":0.0295,"z":3987,"typ":"proglacial lake","d":388.0,"chg":22.3,"cls":"expanding","glof":0,"prov":"Sudurpaschim","gnm":"","rgi":"RGI2000-v7.0-G-15-02449"},"geometry":{"type":"Polygon","coordinates":[[[81.50939,29.84937],[81.50944,29.85028],[81.5106,29.85132],[81.51104,29.85137],[81.51108,29.85112],[81.51026,29.84991],[81.51097,29.84986],[81.51127,29.84949],[81.51159,29.84953],[81.51121,29.84904],[81.51036,29.84871],[81.51001,29.84892],[81.51004,29.84952],[81.50939,29.84937]]]}},{"type":"Feature","properties":{"lake_id":"GL_29.93072_81.03768","l_km2":0.0062,"z":4894,"typ":"unmatched","d":666.0,"chg":-3.1,"cls":"not assessed","glof":0,"prov":"Sudurpaschim","gnm":"","rgi":"RGI2000-v7.0-G-15-02225"},"geometry":{"type":"Polygon","coordinates":[[[81.03716,29.93065],[81.03724,29.931],[81.03767,29.93091],[81.03809,29.93122],[81.03817,29.93084],[81.0378,29.93022],[81.03716,29.93065]]]}},{"type":"Feature","properties":{"lake_id":"GL_30.03185_82.28436","l_km2":0.019,"z":5018,"typ":"proglacial lake","d":55.0,"chg":92.1,"cls":"expanding","glof":0,"prov":"Karnali","gnm":"","rgi":"RGI2000-v7.0-G-15-03163"},"geometry":{"type":"Polygon","coordinates":[[[82.283,30.03185],[82.28379,30.03231],[82.28537,30.0323],[82.28545,30.03206],[82.28568,30.03208],[82.28557,30.03176],[82.28442,30.03123],[82.283,30.03185]]]}},{"type":"Feature","properties":{"lake_id":"GL_29.95537_82.32035","l_km2":0.0215,"z":4770,"typ":"unconnected glacial lake","d":640.0,"chg":37.2,"cls":"expanding","glof":0,"prov":"Karnali","gnm":"","rgi":"RGI2000-v7.0-G-15-03172"},"geometry":{"type":"Polygon","coordinates":[[[82.31921,29.95528],[82.31968,29.9558],[82.3209,29.95604],[82.3214,29.9558],[82.32072,29.95474],[82.31989,29.95477],[82.31921,29.95528]]]}},{"type":"Feature","properties":{"lake_id":"GL_29.84042_82.34952","l_km2":0.0088,"z":5018,"typ":"unconnected glacial lake","d":609.0,"chg":2.3,"cls":"not assessed","glof":0,"prov":"Karnali","gnm":"","rgi":"RGI2000-v7.0-G-15-03200"},"geometry":{"type":"Polygon","coordinates":[[[82.34892,29.84013],[82.34915,29.84078],[82.35002,29.84077],[82.35012,29.84046],[82.34978,29.83999],[82.34892,29.84013]]]}},{"type":"Feature","properties":{"lake_id":"GL_29.8392_82.35447","l_km2":0.0156,"z":4951,"typ":"proglacial lake","d":1055.0,"chg":4.9,"cls":"stable","glof":0,"prov":"Karnali","gnm":"","rgi":"RGI2000-v7.0-G-15-03198"},"geometry":{"type":"Polygon","coordinates":[[[82.35392,29.83952],[82.35409,29.84006],[82.35487,29.83993],[82.35491,29.8381],[82.35421,29.83845],[82.35392,29.83952]]]}},{"type":"Feature","properties":{"lake_id":"GL_29.97678_82.20897","l_km2":0.0152,"z":4916,"typ":"unmatched","d":0.0,"chg":8.4,"cls":"stable","glof":0,"prov":"Karnali","gnm":"","rgi":"RGI2000-v7.0-G-15-02990"},"geometry":{"type":"Polygon","coordinates":[[[82.20806,29.97719],[82.20825,29.9775],[82.20861,29.97753],[82.21013,29.97638],[82.20986,29.97615],[82.20853,29.97636],[82.20806,29.97719]]]}},{"type":"Feature","properties":{"lake_id":"GL_29.91139_82.21526","l_km2":0.0713,"z":4924,"typ":"proglacial lake","d":0.0,"chg":30.0,"cls":"expanding","glof":0,"prov":"Karnali","gnm":"","rgi":"RGI2000-v7.0-G-15-03012"},"geometry":{"type":"Polygon","coordinates":[[[82.21349,29.91235],[82.21415,29.91359],[82.21477,29.91319],[82.21511,29.91263],[82.21705,29.91183],[82.21705,29.91154],[82.21629,29.91092],[82.21584,29.90939],[82.21522,29.90923],[82.21499,29.90938],[82.21456,29.91007],[82.21475,29.91131],[82.21436,29.912],[82.21349,29.91235]]]}},{"type":"Feature","properties":{"lake_id":"GL_29.79222_82.43822","l_km2":0.0079,"z":4844,"typ":"unmatched","d":824.0,"chg":-5.3,"cls":"not assessed","glof":0,"prov":"Karnali","gnm":"","rgi":"RGI2000-v7.0-G-15-03329"},"geometry":{"type":"Polygon","coordinates":[[[82.43768,29.792],[82.43804,29.79268],[82.43862,29.79275],[82.4385,29.79165],[82.43768,29.792]]]}},{"type":"Feature","properties":{"lake_id":"GL_29.9475_82.30101","l_km2":0.013,"z":4874,"typ":"unmatched","d":1103.0,"chg":13.4,"cls":"stable","glof":0,"prov":"Karnali","gnm":"","rgi":"RGI2000-v7.0-G-15-03172"},"geometry":{"type":"Polygon","coordinates":[[[82.30027,29.94737],[82.30038,29.94776],[82.3013,29.94804],[82.30161,29.94798],[82.30177,29.94757],[82.30149,29.94716],[82.30066,29.94691],[82.30027,29.94737]]]}},{"type":"Feature","properties":{"lake_id":"GL_29.42789_82.40039","l_km2":0.0145,"z":4560,"typ":"unconnected glacial lake","d":1197.0,"chg":3.1,"cls":"stable","glof":0,"prov":"Karnali","gnm":"","rgi":"RGI2000-v7.0-G-15-03528"},"geometry":{"type":"Polygon","coordinates":[[[82.39983,29.4274],[82.39974,29.42812],[82.40032,29.42835],[82.40045,29.42893],[82.40059,29.42887],[82.40095,29.4281],[82.40067,29.42717],[82.39983,29.4274]]]}},{"type":"Feature","properties":{"lake_id":"GL_29.70483_82.34251","l_km2":0.0464,"z":4558,"typ":"proglacial lake","d":646.0,"chg":2.6,"cls":"stable","glof":0,"prov":"Karnali","gnm":"","rgi":"RGI2000-v7.0-G-15-03274"},"geometry":{"type":"Polygon","coordinates":[[[82.34134,29.70341],[82.34163,29.70514],[82.34299,29.70646],[82.34334,29.70644],[82.3436,29.70564],[82.34321,29.7042],[82.34266,29.70354],[82.34134,29.70341]]]}},{"type":"Feature","properties":{"lake_id":"GL_29.69284_82.24017","l_km2":0.0275,"z":4680,"typ":"proglacial lake","d":190.0,"chg":2.0,"cls":"stable","glof":0,"prov":"Karnali","gnm":"","rgi":"RGI2000-v7.0-G-15-03260"},"geometry":{"type":"Polygon","coordinates":[[[82.23971,29.69193],[82.23917,29.69323],[82.23967,29.69362],[82.24143,29.69348],[82.24075,29.69223],[82.24019,29.69187],[82.23971,29.69193]]]}},{"type":"Feature","properties":{"lake_id":"GL_29.85311_81.5139","l_km2":0.013,"z":4020,"typ":"unmatched","d":0.0,"chg":16.7,"cls":"stable","glof":0,"prov":"Sudurpaschim","gnm":"","rgi":"RGI2000-v7.0-G-15-02449"},"geometry":{"type":"Polygon","coordinates":[[[81.51338,29.85257],[81.51355,29.85355],[81.51409,29.854],[81.51445,29.85349],[81.51448,29.85295],[81.51403,29.85271],[81.51398,29.85219],[81.51338,29.85257]]]}},{"type":"Feature","properties":{"lake_id":"GL_27.62962_87.69597","l_km2":0.1322,"z":4175,"typ":"unconnected glacial lake","d":5110.0,"chg":-0.7,"cls":"stable","glof":0,"prov":"Province 1","gnm":"","rgi":"RGI2000-v7.0-G-15-07462"},"geometry":{"type":"Polygon","coordinates":[[[87.6936,27.63086],[87.6935,27.63239],[87.6954,27.63145],[87.69827,27.629],[87.69852,27.62785],[87.69795,27.62726],[87.69759,27.62714],[87.69656,27.62763],[87.69494,27.62896],[87.6936,27.63086]]]}},{"type":"Feature","properties":{"lake_id":"GL_27.65321_87.61089","l_km2":0.0128,"z":4623,"typ":"unconnected glacial lake","d":1558.0,"chg":9.2,"cls":"stable","glof":0,"prov":"Province 1","gnm":"","rgi":"RGI2000-v7.0-G-15-07454"},"geometry":{"type":"Polygon","coordinates":[[[87.61022,27.65326],[87.61059,27.65386],[87.61104,27.65389],[87.61144,27.65311],[87.61139,27.65251],[87.61092,27.6525],[87.61022,27.65326]]]}},{"type":"Feature","properties":{"lake_id":"GL_27.77945_87.68517","l_km2":0.0122,"z":4862,"typ":"unmatched","d":444.0,"chg":-2.8,"cls":"stable","glof":0,"prov":"Province 1","gnm":"","rgi":"RGI2000-v7.0-G-15-07433"},"geometry":{"type":"Polygon","coordinates":[[[87.68447,27.77935],[87.68455,27.77967],[87.68536,27.78009],[87.68579,27.77963],[87.68538,27.77882],[87.68447,27.77935]]]}},{"type":"Feature","properties":{"lake_id":"GL_27.75406_87.64779","l_km2":0.0253,"z":5089,"typ":"proglacial lake","d":429.0,"chg":24.0,"cls":"expanding","glof":0,"prov":"Province 1","gnm":"","rgi":"RGI2000-v7.0-G-15-07427"},"geometry":{"type":"Polygon","coordinates":[[[87.6469,27.75386],[87.64705,27.75472],[87.64785,27.75496],[87.64845,27.75486],[87.64857,27.75365],[87.6483,27.7532],[87.64731,27.75312],[87.64745,27.75387],[87.6469,27.75386]]]}},{"type":"Feature","properties":{"lake_id":"GL_27.66217_87.62938","l_km2":0.0387,"z":4901,"typ":"proglacial lake","d":830.0,"chg":null,"cls":"not assessed","glof":0,"prov":"Province 1","gnm":"","rgi":"RGI2000-v7.0-G-15-07454"},"geometry":{"type":"Polygon","coordinates":[[[87.62858,27.66156],[87.62885,27.66322],[87.62971,27.66395],[87.62958,27.66338],[87.63003,27.66309],[87.6302,27.66251],[87.62983,27.66104],[87.62949,27.66074],[87.62896,27.66069],[87.62858,27.66156]]]}},{"type":"Feature","properties":{"lake_id":"GL_27.70468_87.60036","l_km2":0.0431,"z":4814,"typ":"proglacial lake","d":4.0,"chg":null,"cls":"not assessed","glof":0,"prov":"Province 1","gnm":"","rgi":"RGI2000-v7.0-G-15-07455"},"geometry":{"type":"Polygon","coordinates":[[[87.59874,27.70419],[87.59915,27.70509],[87.60039,27.70564],[87.60114,27.70537],[87.60176,27.70485],[87.60231,27.70482],[87.60184,27.70423],[87.60115,27.70403],[87.60079,27.7042],[87.60064,27.70393],[87.60046,27.70407],[87.59937,27.7039],[87.59874,27.70419]]]}},{"type":"Feature","properties":{"lake_id":"GL_27.72905_87.67789","l_km2":0.0284,"z":4820,"typ":"unconnected glacial lake","d":2354.0,"chg":-1.3,"cls":"stable","glof":0,"prov":"Province 1","gnm":"","rgi":"RGI2000-v7.0-G-15-07430"},"geometry":{"type":"Polygon","coordinates":[[[87.67699,27.72871],[87.67728,27.72965],[87.67813,27.73007],[87.67866,27.72998],[87.67855,27.72823],[87.67781,27.72804],[87.67699,27.72871]]]}},{"type":"Feature","properties":{"lake_id":"GL_27.79936_87.6634","l_km2":0.0089,"z":5086,"typ":"unmatched","d":155.0,"chg":4.1,"cls":"not assessed","glof":0,"prov":"Province 1","gnm":"","rgi":"RGI2000-v7.0-G-15-07419"},"geometry":{"type":"Polygon","coordinates":[[[87.66248,27.79961],[87.66255,27.79975],[87.6635,27.79969],[87.66419,27.79936],[87.66345,27.79886],[87.66248,27.79961]]]}},{"type":"Feature","properties":{"lake_id":"GL_27.79666_87.63139","l_km2":0.095,"z":4922,"typ":"proglacial lake","d":1163.0,"chg":5.2,"cls":"stable","glof":0,"prov":"Province 1","gnm":"","rgi":"RGI2000-v7.0-G-15-07405"},"geometry":{"type":"Polygon","coordinates":[[[87.62926,27.79799],[87.62985,27.7988],[87.63042,27.79876],[87.63177,27.79717],[87.63346,27.79677],[87.6337,27.79622],[87.63361,27.79557],[87.6328,27.79549],[87.63178,27.79479],[87.63117,27.79499],[87.63058,27.79553],[87.63022,27.79613],[87.63007,27.79707],[87.62926,27.79799]]]}},{"type":"Feature","properties":{"lake_id":"GL_27.81373_87.63269","l_km2":0.013,"z":5112,"typ":"unmatched","d":957.0,"chg":1.9,"cls":"stable","glof":0,"prov":"Province 1","gnm":"","rgi":"RGI2000-v7.0-G-15-07405"},"geometry":{"type":"Polygon","coordinates":[[[87.6319,27.81333],[87.63258,27.81433],[87.63355,27.8139],[87.63286,27.81327],[87.6319,27.81333]]]}},{"type":"Feature","properties":{"lake_id":"GL_27.6176_87.54479","l_km2":0.0684,"z":4474,"typ":"unconnected glacial lake","d":8429.0,"chg":3.0,"cls":"stable","glof":0,"prov":"Province 1","gnm":"","rgi":"RGI2000-v7.0-G-15-07452"},"geometry":{"type":"Polygon","coordinates":[[[87.54234,27.61662],[87.54364,27.61815],[87.5446,27.6186],[87.54608,27.6187],[87.54686,27.61826],[87.54644,27.61729],[87.54536,27.61677],[87.54343,27.61676],[87.54329,27.61643],[87.54268,27.61626],[87.54268,27.61656],[87.54234,27.61662]]]}},{"type":"Feature","properties":{"lake_id":"GL_27.80788_87.63387","l_km2":0.0055,"z":5062,"typ":"unmatched","d":1152.0,"chg":2.6,"cls":"not assessed","glof":0,"prov":"Province 1","gnm":"","rgi":"RGI2000-v7.0-G-15-07405"},"geometry":{"type":"Polygon","coordinates":[[[87.63325,27.8078],[87.63423,27.80823],[87.63447,27.8081],[87.63408,27.80766],[87.63346,27.80756],[87.63325,27.8078]]]}},{"type":"Feature","properties":{"lake_id":"GL_27.68132_87.58307","l_km2":0.0673,"z":4761,"typ":"unconnected glacial lake","d":1906.0,"chg":2.5,"cls":"stable","glof":0,"prov":"Province 1","gnm":"","rgi":"RGI2000-v7.0-G-15-07452"},"geometry":{"type":"Polygon","coordinates":[[[87.58099,27.68069],[87.58148,27.68153],[87.58305,27.68255],[87.58367,27.68215],[87.5845,27.68201],[87.58523,27.6824],[87.58568,27.68202],[87.58572,27.68164],[87.58545,27.68141],[87.58425,27.68131],[87.58348,27.68098],[87.58267,27.6801],[87.58145,27.68011],[87.58099,27.68069]]]}},{"type":"Feature","properties":{"lake_id":"GL_27.59591_87.53633","l_km2":0.0106,"z":4394,"typ":"unmatched","d":10943.0,"chg":null,"cls":"not assessed","glof":0,"prov":"Province 1","gnm":"","rgi":"RGI2000-v7.0-G-15-07452"},"geometry":{"type":"Polygon","coordinates":[[[87.53583,27.59552],[87.5361,27.59646],[87.53664,27.59644],[87.53672,27.59548],[87.53597,27.59534],[87.53583,27.59552]]]}},{"type":"Feature","properties":{"lake_id":"GL_27.68105_87.51788","l_km2":0.1134,"z":4457,"typ":"unconnected glacial lake","d":8260.0,"chg":-0.2,"cls":"stable","glof":0,"prov":"Province 1","gnm":"","rgi":"RGI2000-v7.0-G-15-07452"},"geometry":{"type":"Polygon","coordinates":[[[87.51607,27.681],[87.51619,27.68183],[87.51707,27.68265],[87.51774,27.68395],[87.51891,27.68167],[87.51881,27.68127],[87.5196,27.68113],[87.52004,27.68152],[87.52023,27.68139],[87.51916,27.67961],[87.51857,27.67917],[87.51772,27.67892],[87.51687,27.67901],[87.51707,27.67971],[87.51692,27.68025],[87.51607,27.681]]]}},{"type":"Feature","properties":{"lake_id":"GL_27.64504_87.57353","l_km2":0.1087,"z":3856,"typ":"unconnected glacial lake","d":4257.0,"chg":0.3,"cls":"stable","glof":0,"prov":"Province 1","gnm":"","rgi":"RGI2000-v7.0-G-15-07452"},"geometry":{"type":"Polygon","coordinates":[[[87.57175,27.64508],[87.5719,27.64613],[87.57223,27.64611],[87.57271,27.64649],[87.57262,27.6468],[87.57282,27.64697],[87.57367,27.64706],[87.57347,27.64737],[87.57355,27.64755],[87.57398,27.64728],[87.57468,27.64614],[87.57429,27.64572],[87.57429,27.64491],[87.57471,27.64467],[87.57541,27.64534],[87.57581,27.64491],[87.57505,27.6433],[87.57438,27.64363],[87.57377,27.64331],[87.5727,27.64327],[87.57203,27.64387],[87.57209,27.64445],[87.57175,27.64508]]]}},{"type":"Feature","properties":{"lake_id":"GL_27.8127_87.63615","l_km2":0.0144,"z":5048,"typ":"proglacial lake","d":1298.0,"chg":7.5,"cls":"stable","glof":0,"prov":"Province 1","gnm":"","rgi":"RGI2000-v7.0-G-15-07405"},"geometry":{"type":"Polygon","coordinates":[[[87.63545,27.81259],[87.63623,27.81343],[87.63682,27.81289],[87.63667,27.81239],[87.63596,27.81197],[87.63545,27.81259]]]}},{"type":"Feature","properties":{"lake_id":"GL_27.65143_87.70301","l_km2":0.1365,"z":4460,"typ":"unconnected glacial lake","d":2676.0,"chg":0.1,"cls":"stable","glof":0,"prov":"Province 1","gnm":"","rgi":"RGI2000-v7.0-G-15-07462"},"geometry":{"type":"Polygon","coordinates":[[[87.69942,27.65098],[87.70068,27.65179],[87.70141,27.65192],[87.70188,27.6525],[87.70266,27.65288],[87.7041,27.65301],[87.70477,27.65287],[87.70541,27.65246],[87.70577,27.65183],[87.70542,27.65122],[87.7054,27.65062],[87.7042,27.65016],[87.7016,27.65021],[87.69992,27.65056],[87.69942,27.65098]]]}},{"type":"Feature","properties":{"lake_id":"GL_27.62875_87.70622","l_km2":0.1236,"z":4316,"typ":"unconnected glacial lake","d":5187.0,"chg":-5.9,"cls":"shrinking","glof":0,"prov":"Province 1","gnm":"","rgi":"RGI2000-v7.0-G-15-07462"},"geometry":{"type":"Polygon","coordinates":[[[87.70384,27.62896],[87.70372,27.62965],[87.70456,27.6301],[87.70685,27.63023],[87.70732,27.62999],[87.70735,27.6294],[87.70871,27.62892],[87.70894,27.62836],[87.70884,27.62797],[87.70914,27.62784],[87.70845,27.62748],[87.70746,27.62738],[87.70621,27.62769],[87.70415,27.62761],[87.70381,27.62774],[87.70382,27.62814],[87.70432,27.62838],[87.70443,27.6288],[87.70384,27.62896]]]}},{"type":"Feature","properties":{"lake_id":"GL_27.63429_87.71562","l_km2":0.0157,"z":4494,"typ":"unconnected glacial lake","d":4717.0,"chg":-7.5,"cls":"stable","glof":0,"prov":"Province 1","gnm":"","rgi":"RGI2000-v7.0-G-15-07462"},"geometry":{"type":"Polygon","coordinates":[[[87.71458,27.63373],[87.71576,27.63481],[87.71572,27.63517],[87.71537,27.63519],[87.716,27.63519],[87.71621,27.6351],[87.7164,27.63407],[87.71536,27.63382],[87.71506,27.63353],[87.71458,27.63373]]]}},{"type":"Feature","properties":{"lake_id":"GL_27.7768_87.57767","l_km2":0.0808,"z":4623,"typ":"unconnected glacial lake","d":4572.0,"chg":-2.7,"cls":"stable","glof":0,"prov":"Province 1","gnm":"","rgi":"RGI2000-v7.0-G-15-07405"},"geometry":{"type":"Polygon","coordinates":[[[87.57587,27.77602],[87.57604,27.77667],[87.57728,27.77822],[87.57799,27.77841],[87.57893,27.77828],[87.57925,27.77729],[87.57916,27.77678],[87.57804,27.7754],[87.57795,27.77491],[87.57755,27.77496],[87.57684,27.77567],[87.57648,27.77564],[87.57587,27.77602]]]}},{"type":"Feature","properties":{"lake_id":"GL_27.66595_87.58642","l_km2":0.0233,"z":4565,"typ":"unconnected glacial lake","d":1910.0,"chg":3.3,"cls":"stable","glof":0,"prov":"Province 1","gnm":"","rgi":"RGI2000-v7.0-G-15-07452"},"geometry":{"type":"Polygon","coordinates":[[[87.58565,27.66565],[87.58596,27.66667],[87.58675,27.66696],[87.58727,27.66573],[87.58672,27.66549],[87.58644,27.66485],[87.58614,27.66492],[87.58565,27.66565]]]}},{"type":"Feature","properties":{"lake_id":"GL_27.64052_87.55367","l_km2":0.0159,"z":4608,"typ":"unmatched","d":6172.0,"chg":null,"cls":"not assessed","glof":0,"prov":"Province 1","gnm":"","rgi":"RGI2000-v7.0-G-15-07452"},"geometry":{"type":"Polygon","coordinates":[[[87.5529,27.64039],[87.55339,27.64113],[87.55387,27.64109],[87.55462,27.64055],[87.5545,27.64028],[87.55338,27.63989],[87.5529,27.64039]]]}},{"type":"Feature","properties":{"lake_id":"GL_27.65164_87.70934","l_km2":0.0563,"z":4472,"typ":"unconnected glacial lake","d":2726.0,"chg":-2.8,"cls":"stable","glof":0,"prov":"Province 1","gnm":"","rgi":"RGI2000-v7.0-G-15-07462"},"geometry":{"type":"Polygon","coordinates":[[[87.70713,27.65188],[87.70758,27.65247],[87.70906,27.65241],[87.71132,27.65184],[87.71157,27.65164],[87.71153,27.65117],[87.71108,27.65085],[87.70954,27.65087],[87.70737,27.65141],[87.70713,27.65188]]]}},{"type":"Feature","properties":{"lake_id":"GL_27.66716_87.70295","l_km2":0.0693,"z":4588,"typ":"unconnected glacial lake","d":1004.0,"chg":0.4,"cls":"stable","glof":0,"prov":"Province 1","gnm":"","rgi":"RGI2000-v7.0-G-15-07462"},"geometry":{"type":"Polygon","coordinates":[[[87.70057,27.66635],[87.70088,27.66746],[87.70172,27.66779],[87.70456,27.66814],[87.70541,27.66774],[87.70463,27.66715],[87.7042,27.66634],[87.70384,27.66618],[87.70272,27.66642],[87.70057,27.66635]]]}},{"type":"Feature","properties":{"lake_id":"GL_27.65668_87.70936","l_km2":0.0113,"z":4608,"typ":"unmatched","d":2209.0,"chg":0.2,"cls":"stable","glof":0,"prov":"Province 1","gnm":"","rgi":"RGI2000-v7.0-G-15-07462"},"geometry":{"type":"Polygon","coordinates":[[[87.7087,27.65642],[87.70923,27.65723],[87.70982,27.65721],[87.70992,27.65663],[87.70955,27.65617],[87.70892,27.65617],[87.7087,27.65642]]]}},{"type":"Feature","properties":{"lake_id":"GL_27.7023_87.65647","l_km2":0.0383,"z":4737,"typ":"proglacial lake","d":1155.0,"chg":2.5,"cls":"stable","glof":0,"prov":"Province 1","gnm":"","rgi":"RGI2000-v7.0-G-15-07441"},"geometry":{"type":"Polygon","coordinates":[[[87.6552,27.70234],[87.65529,27.70287],[87.65618,27.70306],[87.65737,27.703],[87.65804,27.70275],[87.65757,27.70203],[87.65629,27.70136],[87.65556,27.70144],[87.6552,27.70234]]]}},{"type":"Feature","properties":{"lake_id":"GL_27.66666_87.70714","l_km2":0.0355,"z":4588,"typ":"unconnected glacial lake","d":1069.0,"chg":1.8,"cls":"stable","glof":0,"prov":"Province 1","gnm":"","rgi":"RGI2000-v7.0-G-15-07462"},"geometry":{"type":"Polygon","coordinates":[[[87.7054,27.66689],[87.70565,27.6673],[87.70625,27.66743],[87.70774,27.66724],[87.7086,27.66635],[87.70907,27.66617],[87.7087,27.66595],[87.70669,27.66602],[87.7054,27.66689]]]}},{"type":"Feature","properties":{"lake_id":"GL_27.66168_87.70166","l_km2":0.0129,"z":4436,"typ":"unmatched","d":1695.0,"chg":1.4,"cls":"stable","glof":0,"prov":"Province 1","gnm":"","rgi":"RGI2000-v7.0-G-15-07462"},"geometry":{"type":"Polygon","coordinates":[[[87.70145,27.6609],[87.70115,27.66236],[87.70148,27.66238],[87.70231,27.66185],[87.70177,27.66079],[87.70145,27.6609]]]}},{"type":"Feature","properties":{"lake_id":"GL_27.65228_87.72334","l_km2":0.0072,"z":4758,"typ":"unmatched","d":3106.0,"chg":-5.9,"cls":"not assessed","glof":0,"prov":"Province 1","gnm":"","rgi":"RGI2000-v7.0-G-15-07462"},"geometry":{"type":"Polygon","coordinates":[[[87.72293,27.65216],[87.72307,27.65281],[87.72356,27.65268],[87.7238,27.65232],[87.72333,27.65178],[87.72293,27.65216]]]}},{"type":"Feature","properties":{"lake_id":"GL_27.70582_87.69196","l_km2":0.0295,"z":4750,"typ":"unconnected glacial lake","d":3252.0,"chg":null,"cls":"not assessed","glof":0,"prov":"Province 1","gnm":"","rgi":"RGI2000-v7.0-G-15-07462"},"geometry":{"type":"Polygon","coordinates":[[[87.69092,27.7054],[87.69125,27.70621],[87.69199,27.70683],[87.69245,27.70684],[87.69287,27.70584],[87.69275,27.70522],[87.69244,27.70501],[87.69157,27.705],[87.69092,27.7054]]]}},{"type":"Feature","properties":{"lake_id":"GL_27.65519_87.62267","l_km2":0.0166,"z":4690,"typ":"unconnected glacial lake","d":1128.0,"chg":12.8,"cls":"stable","glof":0,"prov":"Province 1","gnm":"","rgi":"RGI2000-v7.0-G-15-07454"},"geometry":{"type":"Polygon","coordinates":[[[87.62197,27.65496],[87.62208,27.65564],[87.62244,27.65586],[87.6236,27.65546],[87.62351,27.65515],[87.62264,27.65447],[87.62225,27.65451],[87.62197,27.65496]]]}},{"type":"Feature","properties":{"lake_id":"GL_27.63881_87.73284","l_km2":0.0316,"z":4572,"typ":"unmatched","d":4820.0,"chg":4.8,"cls":"stable","glof":0,"prov":"Province 1","gnm":"","rgi":"RGI2000-v7.0-G-15-07462"},"geometry":{"type":"Polygon","coordinates":[[[87.73172,27.63904],[87.73209,27.63958],[87.73298,27.63972],[87.73359,27.63945],[87.73395,27.63851],[87.73333,27.63824],[87.73282,27.63736],[87.7326,27.63787],[87.73277,27.63819],[87.73224,27.63837],[87.73172,27.63904]]]}},{"type":"Feature","properties":{"lake_id":"GL_27.74484_87.7826","l_km2":0.185,"z":4784,"typ":"unconnected glacial lake","d":449.0,"chg":-0.3,"cls":"stable","glof":0,"prov":"Province 1","gnm":"","rgi":"RGI2000-v7.0-G-15-07463"},"geometry":{"type":"Polygon","coordinates":[[[87.7784,27.74361],[87.77852,27.74399],[87.77985,27.74492],[87.78059,27.74573],[87.78258,27.74599],[87.78292,27.74619],[87.78313,27.74681],[87.78362,27.74701],[87.78544,27.74686],[87.78599,27.74631],[87.78566,27.74525],[87.78347,27.74384],[87.78314,27.74279],[87.78271,27.74256],[87.78188,27.74251],[87.78194,27.7428],[87.78152,27.7428],[87.78099,27.74242],[87.78038,27.74237],[87.78042,27.74288],[87.78115,27.74291],[87.7813,27.74323],[87.78114,27.74397],[87.78074,27.7441],[87.77991,27.744],[87.77982,27.74364],[87.77911,27.74343],[87.7784,27.74361]]]}},{"type":"Feature","properties":{"lake_id":"GL_27.67861_87.71277","l_km2":0.025,"z":4906,"typ":"unconnected glacial lake","d":418.0,"chg":null,"cls":"not assessed","glof":0,"prov":"Province 1","gnm":"","rgi":"RGI2000-v7.0-G-15-07462"},"geometry":{"type":"Polygon","coordinates":[[[87.71166,27.67885],[87.71189,27.67937],[87.71325,27.67918],[87.71371,27.67871],[87.71389,27.67806],[87.71338,27.67783],[87.71249,27.67803],[87.71178,27.67839],[87.71166,27.67885]]]}},{"type":"Feature","properties":{"lake_id":"GL_27.73754_87.7135","l_km2":0.0514,"z":4764,"typ":"unconnected glacial lake","d":2945.0,"chg":5.0,"cls":"stable","glof":0,"prov":"Province 1","gnm":"","rgi":"RGI2000-v7.0-G-15-07431"},"geometry":{"type":"Polygon","coordinates":[[[87.71212,27.7366],[87.71217,27.73758],[87.71286,27.73832],[87.71362,27.73869],[87.71429,27.7385],[87.71526,27.73902],[87.71461,27.73802],[87.71468,27.73711],[87.71425,27.7367],[87.71259,27.7364],[87.71212,27.7366]]]}},{"type":"Feature","properties":{"lake_id":"GL_27.69047_87.69195","l_km2":0.047,"z":4656,"typ":"unconnected glacial lake","d":1778.0,"chg":0.7,"cls":"stable","glof":0,"prov":"Province 1","gnm":"","rgi":"RGI2000-v7.0-G-15-07462"},"geometry":{"type":"Polygon","coordinates":[[[87.69104,27.68928],[87.69118,27.69146],[87.69193,27.69186],[87.69258,27.69174],[87.6929,27.69082],[87.69287,27.68981],[87.69211,27.68902],[87.69187,27.68924],[87.69104,27.68928]]]}},{"type":"Feature","properties":{"lake_id":"GL_27.75896_87.69167","l_km2":0.0082,"z":4998,"typ":"unmatched","d":421.0,"chg":1.7,"cls":"not assessed","glof":0,"prov":"Province 1","gnm":"","rgi":"RGI2000-v7.0-G-15-07432"},"geometry":{"type":"Polygon","coordinates":[[[87.69087,27.75874],[87.69114,27.75909],[87.69256,27.75934],[87.69225,27.75884],[87.69116,27.75854],[87.69087,27.75874]]]}},{"type":"Feature","properties":{"lake_id":"GL_27.78071_87.66191","l_km2":0.0365,"z":5017,"typ":"proglacial lake","d":124.0,"chg":0.1,"cls":"stable","glof":0,"prov":"Province 1","gnm":"","rgi":"RGI2000-v7.0-G-15-07422"},"geometry":{"type":"Polygon","coordinates":[[[87.66077,27.78089],[87.66124,27.78132],[87.6615,27.78208],[87.66225,27.78173],[87.66258,27.78143],[87.66257,27.78048],[87.66301,27.78005],[87.66299,27.77967],[87.66273,27.77945],[87.66129,27.78004],[87.66077,27.78089]]]}},{"type":"Feature","properties":{"lake_id":"GL_27.72916_87.67445","l_km2":0.0208,"z":4874,"typ":"unconnected glacial lake","d":2175.0,"chg":null,"cls":"not assessed","glof":0,"prov":"Province 1","gnm":"","rgi":"RGI2000-v7.0-G-15-07434"},"geometry":{"type":"Polygon","coordinates":[[[87.67374,27.72836],[87.67397,27.729],[87.67379,27.72984],[87.67517,27.72986],[87.67531,27.72942],[87.67473,27.72848],[87.67423,27.72823],[87.67374,27.72836]]]}},{"type":"Feature","properties":{"lake_id":"GL_27.78519_87.58444","l_km2":0.0241,"z":4764,"typ":"unconnected glacial lake","d":3544.0,"chg":12.0,"cls":"stable","glof":0,"prov":"Province 1","gnm":"","rgi":"RGI2000-v7.0-G-15-07405"},"geometry":{"type":"Polygon","coordinates":[[[87.58341,27.78518],[87.58357,27.78552],[87.5842,27.78555],[87.58471,27.78602],[87.58548,27.78571],[87.58532,27.78508],[87.58417,27.78434],[87.58365,27.78447],[87.58341,27.78518]]]}},{"type":"Feature","properties":{"lake_id":"GL_27.76692_87.63649","l_km2":0.0283,"z":5023,"typ":"unconnected glacial lake","d":1535.0,"chg":6.7,"cls":"stable","glof":0,"prov":"Province 1","gnm":"","rgi":"RGI2000-v7.0-G-15-07427"},"geometry":{"type":"Polygon","coordinates":[[[87.63543,27.76642],[87.63606,27.7675],[87.63688,27.76786],[87.63733,27.76775],[87.63765,27.76699],[87.63681,27.76635],[87.63575,27.76597],[87.63543,27.76642]]]}},{"type":"Feature","properties":{"lake_id":"GL_27.71858_87.56354","l_km2":0.0236,"z":4805,"typ":"unconnected glacial lake","d":3528.0,"chg":1.5,"cls":"stable","glof":0,"prov":"Province 1","gnm":"","rgi":"RGI2000-v7.0-G-15-07456"},"geometry":{"type":"Polygon","coordinates":[[[87.56205,27.71803],[87.56277,27.7187],[87.56449,27.71941],[87.56522,27.71939],[87.5649,27.71885],[87.56406,27.71869],[87.56323,27.71783],[87.56264,27.71772],[87.56205,27.71803]]]}},{"type":"Feature","properties":{"lake_id":"GL_27.77035_87.65848","l_km2":0.0273,"z":5015,"typ":"proglacial lake","d":30.0,"chg":-2.2,"cls":"stable","glof":0,"prov":"Province 1","gnm":"","rgi":"RGI2000-v7.0-G-15-07424"},"geometry":{"type":"Polygon","coordinates":[[[87.65728,27.77139],[87.65742,27.77156],[87.6577,27.77125],[87.65922,27.77072],[87.65967,27.77025],[87.65963,27.76994],[87.65855,27.76938],[87.65828,27.76948],[87.65792,27.76978],[87.65728,27.77139]]]}},{"type":"Feature","properties":{"lake_id":"GL_27.7906_87.58726","l_km2":0.0444,"z":4838,"typ":"unconnected glacial lake","d":2936.0,"chg":10.7,"cls":"stable","glof":0,"prov":"Province 1","gnm":"","rgi":"RGI2000-v7.0-G-15-07405"},"geometry":{"type":"Polygon","coordinates":[[[87.58538,27.78995],[87.58551,27.79053],[87.58614,27.79127],[87.58669,27.7911],[87.58695,27.79135],[87.58833,27.79137],[87.58876,27.791],[87.58867,27.79021],[87.58798,27.7896],[87.58767,27.7896],[87.58679,27.79034],[87.58573,27.78984],[87.58538,27.78995]]]}},{"type":"Feature","properties":{"lake_id":"GL_27.7993_87.72022","l_km2":0.0462,"z":5028,"typ":"proglacial lake","d":0.0,"chg":7.7,"cls":"stable","glof":0,"prov":"Province 1","gnm":"","rgi":"RGI2000-v7.0-G-15-08229"},"geometry":{"type":"Polygon","coordinates":[[[87.71896,27.79934],[87.71938,27.80011],[87.72037,27.8004],[87.72112,27.80009],[87.7215,27.79916],[87.72093,27.79837],[87.72018,27.79807],[87.71904,27.7988],[87.71896,27.79934]]]}},{"type":"Feature","properties":{"lake_id":"GL_27.66635_87.51914","l_km2":0.0663,"z":4807,"typ":"unconnected glacial lake","d":8118.0,"chg":1.6,"cls":"stable","glof":0,"prov":"Province 1","gnm":"","rgi":"RGI2000-v7.0-G-15-07452"},"geometry":{"type":"Polygon","coordinates":[[[87.51731,27.66602],[87.51756,27.6666],[87.51888,27.6675],[87.52083,27.66693],[87.52124,27.66778],[87.52186,27.66758],[87.5215,27.66749],[87.52172,27.66709],[87.52143,27.66684],[87.5204,27.66654],[87.52015,27.66605],[87.5204,27.66574],[87.51934,27.66551],[87.51952,27.66529],[87.51922,27.66513],[87.51891,27.66526],[87.51818,27.66501],[87.51784,27.6651],[87.51731,27.66602]]]}},{"type":"Feature","properties":{"lake_id":"GL_27.7208_87.55543","l_km2":0.007,"z":4583,"typ":"unmatched","d":4435.0,"chg":-1.8,"cls":"not assessed","glof":0,"prov":"Province 1","gnm":"","rgi":"RGI2000-v7.0-G-15-07456"},"geometry":{"type":"Polygon","coordinates":[[[87.5548,27.72066],[87.5549,27.72096],[87.55572,27.72116],[87.55618,27.72087],[87.55529,27.72039],[87.5548,27.72066]]]}},{"type":"Feature","properties":{"lake_id":"GL_27.74678_87.64971","l_km2":0.0426,"z":5001,"typ":"proglacial lake","d":0.0,"chg":-5.1,"cls":"stable","glof":0,"prov":"Province 1","gnm":"","rgi":"RGI2000-v7.0-G-15-07435"},"geometry":{"type":"Polygon","coordinates":[[[87.64792,27.74627],[87.64869,27.74637],[87.64834,27.74683],[87.64908,27.74755],[87.65101,27.74754],[87.65112,27.7468],[87.65076,27.74669],[87.65063,27.74606],[87.65016,27.74586],[87.64925,27.74607],[87.64852,27.74587],[87.64792,27.74627]]]}},{"type":"Feature","properties":{"lake_id":"GL_27.72537_87.61953","l_km2":0.0678,"z":5027,"typ":"proglacial lake","d":0.0,"chg":1.1,"cls":"stable","glof":0,"prov":"Province 1","gnm":"","rgi":"RGI2000-v7.0-G-15-07458"},"geometry":{"type":"Polygon","coordinates":[[[87.61847,27.7251],[87.61885,27.72714],[87.61938,27.72829],[87.61967,27.72836],[87.61924,27.72715],[87.62025,27.72697],[87.62024,27.72553],[87.62054,27.72469],[87.62015,27.72336],[87.6197,27.72298],[87.61935,27.72302],[87.61903,27.72447],[87.61847,27.7251]]]}},{"type":"Feature","properties":{"lake_id":"GL_27.57075_87.93254","l_km2":0.0059,"z":4455,"typ":"unmatched","d":4493.0,"chg":5.5,"cls":"not assessed","glof":0,"prov":"Province 1","gnm":"","rgi":"RGI2000-v7.0-G-15-07847"},"geometry":{"type":"Polygon","coordinates":[[[87.93209,27.57072],[87.93215,27.57111],[87.93259,27.57118],[87.93304,27.5706],[87.93251,27.57035],[87.93209,27.57072]]]}},{"type":"Feature","properties":{"lake_id":"GL_27.51404_87.95915","l_km2":0.0055,"z":4273,"typ":"unmatched","d":7235.0,"chg":-2.4,"cls":"not assessed","glof":0,"prov":"Province 1","gnm":"","rgi":"RGI2000-v7.0-G-15-07843"},"geometry":{"type":"Polygon","coordinates":[[[87.95866,27.51408],[87.95872,27.51429],[87.95927,27.51445],[87.95953,27.51362],[87.95866,27.51408]]]}},{"type":"Feature","properties":{"lake_id":"GL_27.68125_87.88143","l_km2":0.0191,"z":4714,"typ":"unconnected glacial lake","d":1788.0,"chg":4.0,"cls":"stable","glof":0,"prov":"Province 1","gnm":"","rgi":"RGI2000-v7.0-G-15-08197"},"geometry":{"type":"Polygon","coordinates":[[[87.88064,27.68098],[87.88068,27.6816],[87.88188,27.68206],[87.88217,27.68198],[87.88206,27.68177],[87.88244,27.68133],[87.88175,27.68117],[87.88152,27.68029],[87.88064,27.68098]]]}},{"type":"Feature","properties":{"lake_id":"GL_27.54928_88.03762","l_km2":0.0127,"z":5088,"typ":"proglacial lake","d":267.0,"chg":-0.6,"cls":"stable","glof":0,"prov":"Province 1","gnm":"","rgi":"RGI2000-v7.0-G-15-07833"},"geometry":{"type":"Polygon","coordinates":[[[88.03705,27.54928],[88.03738,27.55003],[88.03783,27.55007],[88.03811,27.54813],[88.03705,27.54928]]]}},{"type":"Feature","properties":{"lake_id":"GL_27.42933_88.08185","l_km2":0.0088,"z":4390,"typ":"unmatched","d":10858.0,"chg":12.5,"cls":"not assessed","glof":0,"prov":"","gnm":"","rgi":"RGI2000-v7.0-G-15-07841"},"geometry":{"type":"Polygon","coordinates":[[[88.08134,27.42942],[88.08152,27.42982],[88.08213,27.42976],[88.0822,27.42879],[88.08164,27.42888],[88.08134,27.42942]]]}},{"type":"Feature","properties":{"lake_id":"GL_27.74364_87.78476","l_km2":0.0118,"z":4785,"typ":"unconnected glacial lake","d":421.0,"chg":-4.7,"cls":"stable","glof":0,"prov":"Province 1","gnm":"","rgi":"RGI2000-v7.0-G-15-07463"},"geometry":{"type":"Polygon","coordinates":[[[87.78404,27.74363],[87.78437,27.74408],[87.78492,27.74417],[87.78542,27.74375],[87.78542,27.74335],[87.78442,27.74314],[87.78404,27.74363]]]}},{"type":"Feature","properties":{"lake_id":"GL_27.73532_87.77288","l_km2":0.0291,"z":4668,"typ":"unconnected glacial lake","d":1164.0,"chg":0.0,"cls":"stable","glof":0,"prov":"Province 1","gnm":"","rgi":"RGI2000-v7.0-G-15-07463"},"geometry":{"type":"Polygon","coordinates":[[[87.77178,27.73469],[87.77224,27.73572],[87.77326,27.73633],[87.77407,27.73634],[87.77345,27.73591],[87.77396,27.73497],[87.77216,27.73431],[87.7719,27.73437],[87.77178,27.73469]]]}},{"type":"Feature","properties":{"lake_id":"GL_27.53032_88.05403","l_km2":0.01,"z":5101,"typ":"proglacial lake","d":353.0,"chg":14.0,"cls":"stable","glof":0,"prov":"Province 1","gnm":"","rgi":"RGI2000-v7.0-G-15-07840"},"geometry":{"type":"Polygon","coordinates":[[[88.0533,27.53056],[88.05357,27.53094],[88.05393,27.53034],[88.05458,27.53064],[88.05469,27.53001],[88.05435,27.52976],[88.054,27.52987],[88.05354,27.53011],[88.0533,27.53056]]]}},{"type":"Feature","properties":{"lake_id":"GL_29.91859_81.7384","l_km2":0.0154,"z":4650,"typ":"proglacial lake","d":559.0,"chg":14.9,"cls":"stable","glof":0,"prov":"Karnali","gnm":"","rgi":"RGI2000-v7.0-G-15-02467"},"geometry":{"type":"Polygon","coordinates":[[[81.73731,29.91905],[81.73774,29.91934],[81.73867,29.91899],[81.73976,29.91749],[81.73932,29.9175],[81.73854,29.91843],[81.73743,29.91854],[81.73731,29.91905]]]}},{"type":"Feature","properties":{"lake_id":"GL_30.3228_81.81014","l_km2":0.0123,"z":5495,"typ":"unmatched","d":264.0,"chg":28.8,"cls":"not assessed","glof":0,"prov":"Karnali","gnm":"","rgi":"RGI2000-v7.0-G-15-03156"},"geometry":{"type":"Polygon","coordinates":[[[81.80937,30.32269],[81.81007,30.32339],[81.81071,30.3231],[81.81087,30.32259],[81.80981,30.32227],[81.80937,30.32269]]]}},{"type":"Feature","properties":{"lake_id":"GL_30.27968_80.85388","l_km2":0.0084,"z":5245,"typ":"unmatched","d":432.0,"chg":26.2,"cls":"not assessed","glof":0,"prov":"","gnm":"","rgi":"RGI2000-v7.0-G-15-02064"},"geometry":{"type":"Polygon","coordinates":[[[80.85304,30.27984],[80.8542,30.28001],[80.8546,30.2793],[80.85344,30.27941],[80.85304,30.27984]]]}},{"type":"Feature","properties":{"lake_id":"GL_30.32356_81.83215","l_km2":0.1101,"z":5569,"typ":"proglacial lake","d":10.0,"chg":0.1,"cls":"stable","glof":0,"prov":"Karnali","gnm":"","rgi":"RGI2000-v7.0-G-15-03154"},"geometry":{"type":"Polygon","coordinates":[[[81.82927,30.32269],[81.83021,30.32421],[81.83138,30.32487],[81.8329,30.32472],[81.83336,30.32497],[81.8338,30.32493],[81.83468,30.32377],[81.83405,30.32313],[81.83401,30.32253],[81.83344,30.32227],[81.83325,30.32173],[81.83149,30.32284],[81.83064,30.32279],[81.83003,30.32245],[81.82939,30.32247],[81.82927,30.32269]]]}},{"type":"Feature","properties":{"lake_id":"GL_30.38427_81.56846","l_km2":0.0265,"z":5096,"typ":"unmatched","d":10167.0,"chg":null,"cls":"not assessed","glof":0,"prov":"Karnali","gnm":"CN5Z342A0019","rgi":"RGI2000-v7.0-G-14-35863"},"geometry":{"type":"Polygon","coordinates":[[[81.56739,30.38462],[81.56761,30.38534],[81.56883,30.38486],[81.56962,30.38365],[81.56945,30.38324],[81.56899,30.38328],[81.56781,30.38397],[81.56739,30.38462]]]}},{"type":"Feature","properties":{"lake_id":"GL_30.18508_80.97952","l_km2":0.0076,"z":5023,"typ":"unmatched","d":1160.0,"chg":220.7,"cls":"not assessed","glof":0,"prov":"Sudurpaschim","gnm":"","rgi":"RGI2000-v7.0-G-15-02128"},"geometry":{"type":"Polygon","coordinates":[[[80.97893,30.18542],[80.97962,30.18547],[80.98016,30.18481],[80.97968,30.18468],[80.97902,30.18488],[80.97893,30.18542]]]}},{"type":"Feature","properties":{"lake_id":"GL_30.1184_81.66223","l_km2":0.05,"z":4803,"typ":"unconnected glacial lake","d":2485.0,"chg":12.2,"cls":"stable","glof":0,"prov":"Karnali","gnm":"","rgi":"RGI2000-v7.0-G-15-02836"},"geometry":{"type":"Polygon","coordinates":[[[81.66068,30.11862],[81.66108,30.11947],[81.66158,30.11952],[81.66164,30.11972],[81.66241,30.11941],[81.66369,30.11837],[81.66375,30.11781],[81.66352,30.11747],[81.66258,30.11722],[81.66099,30.11815],[81.66068,30.11862]]]}},{"type":"Feature","properties":{"lake_id":"GL_30.37806_81.57362","l_km2":0.2478,"z":5096,"typ":"unconnected glacial lake","d":10436.0,"chg":0.8,"cls":"stable","glof":0,"prov":"Karnali","gnm":"CN5Z342A0019","rgi":"RGI2000-v7.0-G-14-35863"},"geometry":{"type":"Polygon","coordinates":[[[81.56944,30.38241],[81.56959,30.38302],[81.57069,30.38262],[81.57201,30.3809],[81.5746,30.37838],[81.57693,30.37691],[81.57744,30.37611],[81.57714,30.37501],[81.57779,30.37477],[81.57793,30.37436],[81.57768,30.37378],[81.57714,30.37385],[81.5767,30.37487],[81.57504,30.37473],[81.57352,30.37595],[81.5714,30.37846],[81.57099,30.37966],[81.57037,30.38029],[81.56944,30.38241]]]}},{"type":"Feature","properties":{"lake_id":"GL_29.93082_81.0341","l_km2":0.0846,"z":4910,"typ":"proglacial lake","d":271.0,"chg":-1.0,"cls":"stable","glof":0,"prov":"Sudurpaschim","gnm":"","rgi":"RGI2000-v7.0-G-15-02224"},"geometry":{"type":"Polygon","coordinates":[[[81.03191,29.9312],[81.03216,29.93174],[81.0332,29.93206],[81.0344,29.93183],[81.0356,29.93203],[81.03583,29.93062],[81.03573,29.92945],[81.03446,29.92948],[81.03313,29.92993],[81.03191,29.9312]]]}},{"type":"Feature","properties":{"lake_id":"GL_29.8439_81.55223","l_km2":0.0119,"z":4981,"typ":"proglacial lake","d":153.0,"chg":0.7,"cls":"stable","glof":0,"prov":"Sudurpaschim","gnm":"","rgi":"RGI2000-v7.0-G-15-02437"},"geometry":{"type":"Polygon","coordinates":[[[81.55164,29.84323],[81.5522,29.84437],[81.55219,29.84494],[81.55245,29.84501],[81.55274,29.84482],[81.55251,29.84325],[81.55205,29.84302],[81.55164,29.84323]]]}},{"type":"Feature","properties":{"lake_id":"GL_29.92433_81.57386","l_km2":0.0349,"z":4572,"typ":"unconnected glacial lake","d":1897.0,"chg":-0.4,"cls":"stable","glof":0,"prov":"Sudurpaschim","gnm":"","rgi":"RGI2000-v7.0-G-15-02451"},"geometry":{"type":"Polygon","coordinates":[[[81.57303,29.92342],[81.57308,29.92474],[81.57368,29.92508],[81.57399,29.92579],[81.57443,29.92576],[81.57441,29.92519],[81.57471,29.92461],[81.57448,29.92356],[81.57384,29.92317],[81.57336,29.92317],[81.57303,29.92342]]]}},{"type":"Feature","properties":{"lake_id":"GL_30.16205_81.74713","l_km2":0.1536,"z":5045,"typ":"proglacial lake","d":1390.0,"chg":3.6,"cls":"expanding","glof":0,"prov":"Karnali","gnm":"","rgi":"RGI2000-v7.0-G-15-02846"},"geometry":{"type":"Polygon","coordinates":[[[81.74505,30.16298],[81.74571,30.16432],[81.74656,30.16476],[81.74745,30.16418],[81.74753,30.16337],[81.74954,30.16258],[81.74968,30.16202],[81.7481,30.15983],[81.74634,30.1598],[81.74582,30.16004],[81.74562,30.16141],[81.74505,30.16298]]]}},{"type":"Feature","properties":{"lake_id":"GL_30.13342_81.62323","l_km2":0.0142,"z":4705,"typ":"unmatched","d":2924.0,"chg":11.7,"cls":"stable","glof":0,"prov":"Karnali","gnm":"","rgi":"RGI2000-v7.0-G-15-02843"},"geometry":{"type":"Polygon","coordinates":[[[81.62228,30.13361],[81.62274,30.13397],[81.62339,30.13395],[81.62388,30.13358],[81.62398,30.13304],[81.6233,30.13276],[81.62228,30.13361]]]}},{"type":"Feature","properties":{"lake_id":"GL_30.0108_81.38697","l_km2":0.0235,"z":5246,"typ":"proglacial lake","d":470.0,"chg":-30.4,"cls":"shrinking","glof":0,"prov":"Sudurpaschim","gnm":"","rgi":"RGI2000-v7.0-G-15-02269"},"geometry":{"type":"Polygon","coordinates":[[[81.38611,30.00938],[81.38574,30.01115],[81.38662,30.01202],[81.38776,30.01138],[81.38811,30.01082],[81.38794,30.01007],[81.38731,30.00956],[81.38717,30.00974],[81.38746,30.00998],[81.38746,30.01055],[81.38674,30.01156],[81.38641,30.01162],[81.38605,30.01092],[81.38634,30.00973],[81.38611,30.00938]]]}},{"type":"Feature","properties":{"lake_id":"GL_30.27375_81.56878","l_km2":0.0758,"z":5159,"typ":"proglacial lake","d":4083.0,"chg":4.8,"cls":"stable","glof":0,"prov":"Karnali","gnm":"","rgi":"RGI2000-v7.0-G-15-02811"},"geometry":{"type":"Polygon","coordinates":[[[81.56736,30.27437],[81.56793,30.27536],[81.5682,30.27555],[81.56845,30.27546],[81.56866,30.27591],[81.56918,30.27522],[81.56994,30.27491],[81.56971,30.27381],[81.57001,30.27262],[81.56969,30.27143],[81.56924,30.27149],[81.56922,30.27194],[81.56878,30.27239],[81.56752,30.27256],[81.56777,30.27351],[81.56736,30.27437]]]}},{"type":"Feature","properties":{"lake_id":"GL_29.85053_81.61818","l_km2":0.0171,"z":4570,"typ":"unconnected glacial lake","d":1339.0,"chg":8.9,"cls":"stable","glof":0,"prov":"Sudurpaschim","gnm":"","rgi":"RGI2000-v7.0-G-15-02472"},"geometry":{"type":"Polygon","coordinates":[[[81.61752,29.85002],[81.61794,29.85122],[81.61865,29.85143],[81.61868,29.84981],[81.61787,29.84973],[81.61752,29.85002]]]}},{"type":"Feature","properties":{"lake_id":"GL_29.91711_81.60072","l_km2":0.0324,"z":4506,"typ":"unconnected glacial lake","d":1484.0,"chg":9.8,"cls":"stable","glof":0,"prov":"Sudurpaschim","gnm":"","rgi":"RGI2000-v7.0-G-15-02453"},"geometry":{"type":"Polygon","coordinates":[[[81.59991,29.91756],[81.60029,29.91855],[81.60113,29.91826],[81.60141,29.91617],[81.60093,29.9155],[81.60042,29.91612],[81.59991,29.91756]]]}},{"type":"Feature","properties":{"lake_id":"GL_29.79772_81.52657","l_km2":0.0069,"z":4899,"typ":"unmatched","d":421.0,"chg":-9.0,"cls":"not assessed","glof":0,"prov":"Sudurpaschim","gnm":"","rgi":"RGI2000-v7.0-G-15-02480"},"geometry":{"type":"Polygon","coordinates":[[[81.52608,29.79747],[81.52629,29.7981],[81.52682,29.7981],[81.52715,29.79783],[81.52653,29.7972],[81.52608,29.79747]]]}},{"type":"Feature","properties":{"lake_id":"GL_30.3501_82.08774","l_km2":0.0819,"z":5317,"typ":"proglacial lake","d":2094.0,"chg":-0.8,"cls":"stable","glof":0,"prov":"Karnali","gnm":"","rgi":"RGI2000-v7.0-G-15-03070"},"geometry":{"type":"Polygon","coordinates":[[[82.08546,30.34967],[82.08518,30.35083],[82.08611,30.35046],[82.08618,30.35096],[82.08656,30.35132],[82.08693,30.35128],[82.08746,30.35158],[82.08891,30.35105],[82.08945,30.35132],[82.08959,30.3511],[82.0892,30.35103],[82.08875,30.35024],[82.08908,30.34959],[82.08893,30.34928],[82.0895,30.34875],[82.08965,30.3489],[82.08947,30.34915],[82.08983,30.34944],[82.09059,30.34901],[82.08994,30.34853],[82.08919,30.34874],[82.08871,30.34845],[82.08785,30.349],[82.08766,30.34951],[82.08725,30.34971],[82.08671,30.34977],[82.08612,30.34954],[82.08546,30.34967]]]}},{"type":"Feature","properties":{"lake_id":"GL_29.83841_81.55011","l_km2":0.0082,"z":4992,"typ":"unmatched","d":247.0,"chg":4.9,"cls":"not assessed","glof":0,"prov":"Sudurpaschim","gnm":"","rgi":"RGI2000-v7.0-G-15-02435"},"geometry":{"type":"Polygon","coordinates":[[[81.54948,29.83803],[81.54987,29.83871],[81.55056,29.83898],[81.55058,29.83831],[81.54993,29.83791],[81.54948,29.83803]]]}},{"type":"Feature","properties":{"lake_id":"GL_30.31998_81.97395","l_km2":0.0049,"z":5364,"typ":"unmatched","d":271.0,"chg":101.3,"cls":"not assessed","glof":0,"prov":"Karnali","gnm":"","rgi":"RGI2000-v7.0-G-15-03079"},"geometry":{"type":"Polygon","coordinates":[[[81.97338,30.3198],[81.97391,30.32036],[81.9745,30.31999],[81.97419,30.31972],[81.97338,30.3198]]]}},{"type":"Feature","properties":{"lake_id":"GL_29.83595_81.5515","l_km2":0.0246,"z":4990,"typ":"proglacial lake","d":0.0,"chg":0.9,"cls":"stable","glof":0,"prov":"Sudurpaschim","gnm":"","rgi":"RGI2000-v7.0-G-15-02435"},"geometry":{"type":"Polygon","coordinates":[[[81.54948,29.83559],[81.55185,29.83663],[81.55251,29.8366],[81.55278,29.83631],[81.55246,29.83565],[81.55149,29.83529],[81.55054,29.83562],[81.54948,29.83559]]]}},{"type":"Feature","properties":{"lake_id":"GL_29.99446_82.04423","l_km2":0.0245,"z":4688,"typ":"proglacial lake","d":0.0,"chg":3.7,"cls":"stable","glof":1,"prov":"Karnali","gnm":"","rgi":"RGI2000-v7.0-G-15-02918"},"geometry":{"type":"Polygon","coordinates":[[[82.04327,29.99372],[82.04395,29.9952],[82.04507,29.99523],[82.0451,29.99463],[82.04447,29.99364],[82.04327,29.99372]]]}},{"type":"Feature","properties":{"lake_id":"GL_30.31298_81.87518","l_km2":0.0837,"z":5542,"typ":"proglacial lake","d":0.0,"chg":-16.6,"cls":"shrinking","glof":0,"prov":"Karnali","gnm":"","rgi":"RGI2000-v7.0-G-15-03088"},"geometry":{"type":"Polygon","coordinates":[[[81.87338,30.31264],[81.87347,30.31385],[81.87384,30.31428],[81.87625,30.31424],[81.8769,30.31326],[81.87656,30.31188],[81.87581,30.31143],[81.87423,30.31185],[81.87421,30.31245],[81.87338,30.31264]]]}},{"type":"Feature","properties":{"lake_id":"GL_29.77287_81.52626","l_km2":0.4844,"z":4577,"typ":"proglacial lake","d":302.0,"chg":1.4,"cls":"expanding","glof":0,"prov":"Sudurpaschim","gnm":"","rgi":"RGI2000-v7.0-G-15-02486"},"geometry":{"type":"Polygon","coordinates":[[[81.52252,29.77402],[81.52357,29.77747],[81.5248,29.77865],[81.5252,29.78],[81.52546,29.7791],[81.52596,29.77858],[81.52595,29.77756],[81.52655,29.77729],[81.52632,29.77549],[81.52681,29.77525],[81.52702,29.7748],[81.52807,29.77431],[81.52792,29.77385],[81.52856,29.77333],[81.52858,29.77389],[81.52906,29.77407],[81.52921,29.77223],[81.529,29.77104],[81.52984,29.76878],[81.52987,29.7667],[81.52869,29.76694],[81.52677,29.76816],[81.52425,29.77201],[81.52272,29.77323],[81.52252,29.77402]]]}},{"type":"Feature","properties":{"lake_id":"GL_30.21274_82.0945","l_km2":0.0085,"z":5310,"typ":"unmatched","d":46.0,"chg":6.9,"cls":"not assessed","glof":0,"prov":"Karnali","gnm":"","rgi":"RGI2000-v7.0-G-15-03057"},"geometry":{"type":"Polygon","coordinates":[[[82.0938,30.21292],[82.09403,30.21324],[82.09439,30.21321],[82.09519,30.21254],[82.09458,30.21222],[82.0938,30.21292]]]}},{"type":"Feature","properties":{"lake_id":"GL_30.30185_81.86473","l_km2":0.0176,"z":5557,"typ":"proglacial lake","d":132.0,"chg":1.0,"cls":"stable","glof":0,"prov":"Karnali","gnm":"","rgi":"RGI2000-v7.0-G-15-03090"},"geometry":{"type":"Polygon","coordinates":[[[81.86382,30.30151],[81.86481,30.30248],[81.8656,30.30262],[81.86543,30.30184],[81.86461,30.30113],[81.86413,30.30106],[81.86382,30.30151]]]}},{"type":"Feature","properties":{"lake_id":"GL_30.30699_81.86497","l_km2":0.1034,"z":5493,"typ":"proglacial lake","d":591.0,"chg":0.0,"cls":"stable","glof":0,"prov":"Karnali","gnm":"","rgi":"RGI2000-v7.0-G-15-03090"},"geometry":{"type":"Polygon","coordinates":[[[81.86301,30.30641],[81.86296,30.30762],[81.8635,30.30765],[81.86448,30.3086],[81.86551,30.30872],[81.86674,30.30748],[81.86705,30.30661],[81.86658,30.30591],[81.8651,30.30529],[81.8634,30.30594],[81.86301,30.30641]]]}},{"type":"Feature","properties":{"lake_id":"GL_30.32548_81.83536","l_km2":0.0118,"z":5571,"typ":"proglacial lake","d":535.0,"chg":8.8,"cls":"not assessed","glof":0,"prov":"Karnali","gnm":"","rgi":"RGI2000-v7.0-G-15-03151"},"geometry":{"type":"Polygon","coordinates":[[[81.83463,30.32522],[81.83472,30.3257],[81.83514,30.32601],[81.83624,30.32546],[81.83609,30.32516],[81.83482,30.32502],[81.83463,30.32522]]]}},{"type":"Feature","properties":{"lake_id":"GL_30.23976_81.89653","l_km2":0.019,"z":5428,"typ":"proglacial lake","d":0.0,"chg":81.4,"cls":"expanding","glof":0,"prov":"Karnali","gnm":"","rgi":"RGI2000-v7.0-G-15-03100"},"geometry":{"type":"Polygon","coordinates":[[[81.8956,30.23968],[81.89571,30.24006],[81.89623,30.24049],[81.89717,30.24016],[81.89749,30.2398],[81.89743,30.23946],[81.8968,30.2391],[81.89572,30.23941],[81.89568,30.23958],[81.89587,30.23957],[81.89597,30.23993],[81.8956,30.23968]]]}},{"type":"Feature","properties":{"lake_id":"GL_30.32884_81.83278","l_km2":0.0276,"z":5608,"typ":"proglacial lake","d":211.0,"chg":1.5,"cls":"stable","glof":0,"prov":"Karnali","gnm":"","rgi":"RGI2000-v7.0-G-15-03151"},"geometry":{"type":"Polygon","coordinates":[[[81.83181,30.32906],[81.8319,30.32957],[81.83249,30.32951],[81.83303,30.32976],[81.83346,30.32945],[81.83385,30.32869],[81.83234,30.32776],[81.83181,30.32906]]]}},{"type":"Feature","properties":{"lake_id":"GL_30.29059_81.89127","l_km2":0.0038,"z":5473,"typ":"unmatched","d":380.0,"chg":16.9,"cls":"not assessed","glof":0,"prov":"Karnali","gnm":"","rgi":"RGI2000-v7.0-G-15-03092"},"geometry":{"type":"Polygon","coordinates":[[[81.8909,30.29023],[81.89107,30.29088],[81.8916,30.29095],[81.89157,30.29055],[81.89113,30.2901],[81.8909,30.29023]]]}},{"type":"Feature","properties":{"lake_id":"GL_30.28428_81.87254","l_km2":0.0334,"z":5616,"typ":"proglacial lake","d":621.0,"chg":12.3,"cls":"stable","glof":0,"prov":"Karnali","gnm":"","rgi":"RGI2000-v7.0-G-15-03090"},"geometry":{"type":"Polygon","coordinates":[[[81.87126,30.28452],[81.87166,30.28489],[81.87303,30.28519],[81.87362,30.28501],[81.87374,30.28472],[81.87359,30.28394],[81.87296,30.28394],[81.87212,30.28278],[81.87179,30.28305],[81.87188,30.28411],[81.87138,30.28424],[81.87126,30.28452]]]}},{"type":"Feature","properties":{"lake_id":"GL_29.90977_81.72254","l_km2":0.0046,"z":4897,"typ":"unmatched","d":0.0,"chg":null,"cls":"not assessed","glof":0,"prov":"Sudurpaschim","gnm":"","rgi":"RGI2000-v7.0-G-15-02465"},"geometry":{"type":"Polygon","coordinates":[[[81.72203,29.90955],[81.72247,29.91002],[81.72305,29.90994],[81.72269,29.90953],[81.72203,29.90955]]]}},{"type":"Feature","properties":{"lake_id":"GL_30.2772_81.87611","l_km2":0.0521,"z":5526,"typ":"proglacial lake","d":212.0,"chg":10.3,"cls":"stable","glof":0,"prov":"Karnali","gnm":"","rgi":"RGI2000-v7.0-G-15-03093"},"geometry":{"type":"Polygon","coordinates":[[[81.87437,30.27628],[81.8746,30.27646],[81.87474,30.27772],[81.87526,30.27803],[81.87594,30.27817],[81.87682,30.27787],[81.87823,30.27801],[81.87846,30.27783],[81.87793,30.27731],[81.87735,30.27731],[81.87716,30.27695],[81.87652,30.27667],[81.87622,30.27611],[81.87437,30.27628]]]}},{"type":"Feature","properties":{"lake_id":"GL_30.12291_81.70085","l_km2":0.0224,"z":4739,"typ":"unconnected glacial lake","d":4545.0,"chg":11.7,"cls":"stable","glof":0,"prov":"Karnali","gnm":"","rgi":"RGI2000-v7.0-G-15-02836"},"geometry":{"type":"Polygon","coordinates":[[[81.6997,30.12265],[81.70012,30.12327],[81.70159,30.12357],[81.70211,30.12341],[81.70174,30.12283],[81.7008,30.12226],[81.69997,30.12234],[81.6997,30.12265]]]}},{"type":"Feature","properties":{"lake_id":"GL_29.86239_82.38283","l_km2":0.0325,"z":5072,"typ":"proglacial lake","d":0.0,"chg":9.5,"cls":"stable","glof":0,"prov":"Karnali","gnm":"","rgi":"RGI2000-v7.0-G-15-03502"},"geometry":{"type":"Polygon","coordinates":[[[82.38144,29.86262],[82.38188,29.8631],[82.38436,29.86288],[82.38406,29.8626],[82.38414,29.86209],[82.38391,29.86178],[82.38339,29.86195],[82.38196,29.86159],[82.38157,29.8619],[82.38185,29.86242],[82.38144,29.86262]]]}},{"type":"Feature","properties":{"lake_id":"GL_29.88144_82.06217","l_km2":0.0058,"z":4481,"typ":"unmatched","d":1683.0,"chg":21.5,"cls":"not assessed","glof":0,"prov":"Karnali","gnm":"","rgi":"RGI2000-v7.0-G-15-04456"},"geometry":{"type":"Polygon","coordinates":[[[82.06171,29.88119],[82.06196,29.88175],[82.06248,29.88184],[82.06254,29.8811],[82.06171,29.88119]]]}},{"type":"Feature","properties":{"lake_id":"GL_29.73293_82.46516","l_km2":0.0031,"z":4630,"typ":"unmatched","d":1720.0,"chg":11.5,"cls":"not assessed","glof":0,"prov":"Karnali","gnm":"","rgi":"RGI2000-v7.0-G-15-03488"},"geometry":{"type":"Polygon","coordinates":[[[82.46491,29.73263],[82.46491,29.73289],[82.46527,29.73342],[82.46532,29.73276],[82.46517,29.73254],[82.46491,29.73263]]]}},{"type":"Feature","properties":{"lake_id":"GL_29.80803_82.44709","l_km2":0.0136,"z":5202,"typ":"unmatched","d":303.0,"chg":3.2,"cls":"stable","glof":0,"prov":"Karnali","gnm":"","rgi":"RGI2000-v7.0-G-15-03335"},"geometry":{"type":"Polygon","coordinates":[[[82.44597,29.80797],[82.44672,29.80831],[82.44712,29.80883],[82.44769,29.80817],[82.44787,29.80741],[82.44597,29.80797]]]}},{"type":"Feature","properties":{"lake_id":"GL_29.89554_82.00844","l_km2":0.0279,"z":4303,"typ":"unconnected glacial lake","d":5758.0,"chg":4.7,"cls":"stable","glof":0,"prov":"Karnali","gnm":"","rgi":"RGI2000-v7.0-G-15-04456"},"geometry":{"type":"Polygon","coordinates":[[[82.00715,29.89696],[82.00734,29.89716],[82.00818,29.8969],[82.0091,29.89563],[82.00944,29.89357],[82.009,29.89364],[82.00865,29.89399],[82.00849,29.89444],[82.00867,29.89534],[82.00725,29.89648],[82.00715,29.89696]]]}},{"type":"Feature","properties":{"lake_id":"GL_29.87861_82.05798","l_km2":0.0066,"z":4515,"typ":"unmatched","d":2162.0,"chg":33.5,"cls":"not assessed","glof":0,"prov":"Karnali","gnm":"","rgi":"RGI2000-v7.0-G-15-04456"},"geometry":{"type":"Polygon","coordinates":[[[82.05752,29.87897],[82.05771,29.87915],[82.05808,29.87902],[82.05849,29.87802],[82.05778,29.8783],[82.05752,29.87897]]]}},{"type":"Feature","properties":{"lake_id":"GL_29.72174_82.4652","l_km2":0.0152,"z":4617,"typ":"unconnected glacial lake","d":2878.0,"chg":4.9,"cls":"stable","glof":0,"prov":"Karnali","gnm":"","rgi":"RGI2000-v7.0-G-15-03488"},"geometry":{"type":"Polygon","coordinates":[[[82.46451,29.72076],[82.46473,29.72179],[82.46542,29.72276],[82.46583,29.72205],[82.4657,29.72146],[82.46478,29.72074],[82.46451,29.72076]]]}},{"type":"Feature","properties":{"lake_id":"GL_29.4633_82.38006","l_km2":0.104,"z":3978,"typ":"proglacial lake","d":1065.0,"chg":1.3,"cls":"stable","glof":0,"prov":"Karnali","gnm":"","rgi":"RGI2000-v7.0-G-15-03527"},"geometry":{"type":"Polygon","coordinates":[[[82.37633,29.46215],[82.37694,29.4633],[82.37836,29.46359],[82.37899,29.464],[82.3805,29.46445],[82.38147,29.46429],[82.38236,29.46474],[82.38323,29.46341],[82.3829,29.46293],[82.38246,29.46297],[82.38047,29.46234],[82.37862,29.4625],[82.37795,29.46226],[82.37633,29.46215]]]}},{"type":"Feature","properties":{"lake_id":"GL_29.88443_82.06371","l_km2":0.0085,"z":4442,"typ":"unmatched","d":1326.0,"chg":9.1,"cls":"not assessed","glof":0,"prov":"Karnali","gnm":"","rgi":"RGI2000-v7.0-G-15-04456"},"geometry":{"type":"Polygon","coordinates":[[[82.06303,29.8845],[82.06374,29.8849],[82.06437,29.88435],[82.06431,29.88406],[82.0634,29.88414],[82.06303,29.8845]]]}},{"type":"Feature","properties":{"lake_id":"GL_27.93305_86.74674","l_km2":0.0862,"z":4954,"typ":"proglacial lake","d":113.0,"chg":1.7,"cls":"stable","glof":0,"prov":"Province 1","gnm":"","rgi":"RGI2000-v7.0-G-15-06727"},"geometry":{"type":"Polygon","coordinates":[[[86.7439,27.9325],[86.74502,27.93399],[86.74575,27.93424],[86.74876,27.93363],[86.74945,27.933],[86.74909,27.93246],[86.74791,27.93201],[86.7439,27.9325]]]}},{"type":"Feature","properties":{"lake_id":"GL_29.50525_82.32744","l_km2":0.0309,"z":4723,"typ":"unmatched","d":7854.0,"chg":10.4,"cls":"stable","glof":0,"prov":"Karnali","gnm":"","rgi":"RGI2000-v7.0-G-15-03527"},"geometry":{"type":"Polygon","coordinates":[[[82.32637,29.50588],[82.32722,29.50643],[82.32765,29.50641],[82.32794,29.50613],[82.32825,29.50343],[82.3277,29.50414],[82.32727,29.50423],[82.32724,29.50472],[82.32657,29.5053],[82.32637,29.50588]]]}},{"type":"Feature","properties":{"lake_id":"GL_29.70216_82.33207","l_km2":0.0128,"z":4549,"typ":"unmatched","d":1167.0,"chg":4.7,"cls":"stable","glof":0,"prov":"Karnali","gnm":"","rgi":"RGI2000-v7.0-G-15-03270"},"geometry":{"type":"Polygon","coordinates":[[[82.33125,29.70178],[82.33209,29.70272],[82.33269,29.70279],[82.33268,29.70225],[82.33226,29.70164],[82.33174,29.70155],[82.33125,29.70178]]]}},{"type":"Feature","properties":{"lake_id":"GL_27.97789_86.70448","l_km2":0.0261,"z":4841,"typ":"ice-marginal lake","d":312.0,"chg":12.7,"cls":"stable","glof":0,"prov":"Province 1","gnm":"Ngojumba","rgi":"RGI2000-v7.0-G-15-08305"},"geometry":{"type":"Polygon","coordinates":[[[86.7038,27.97684],[86.70387,27.97796],[86.70466,27.97922],[86.70515,27.97887],[86.70512,27.9778],[86.70416,27.97637],[86.7038,27.97684]]]}},{"type":"Feature","properties":{"lake_id":"GL_28.72208_83.09237","l_km2":0.0293,"z":4746,"typ":"proglacial lake","d":1373.0,"chg":20.4,"cls":"stable","glof":0,"prov":"Lumbini","gnm":"","rgi":"RGI2000-v7.0-G-15-04336"},"geometry":{"type":"Polygon","coordinates":[[[83.09063,28.72084],[83.09131,28.72113],[83.09146,28.72162],[83.09187,28.72185],[83.09183,28.72248],[83.0915,28.72259],[83.09154,28.72279],[83.09204,28.72292],[83.09207,28.72256],[83.0924,28.72258],[83.09286,28.72293],[83.09299,28.72338],[83.09317,28.72334],[83.09351,28.72269],[83.09317,28.72222],[83.09339,28.72204],[83.09327,28.72184],[83.09223,28.72124],[83.09126,28.72103],[83.09112,28.72076],[83.09063,28.72084]]]}},{"type":"Feature","properties":{"lake_id":"GL_29.66884_82.41652","l_km2":0.0248,"z":4774,"typ":"proglacial lake","d":650.0,"chg":1.9,"cls":"stable","glof":0,"prov":"Karnali","gnm":"","rgi":"RGI2000-v7.0-G-15-03286"},"geometry":{"type":"Polygon","coordinates":[[[82.41543,29.66957],[82.41679,29.66974],[82.41705,29.66874],[82.41768,29.66811],[82.4177,29.66782],[82.41743,29.66771],[82.4162,29.6683],[82.41569,29.66879],[82.41543,29.66957]]]}},{"type":"Feature","properties":{"lake_id":"GL_28.7903_83.04133","l_km2":0.011,"z":5122,"typ":"proglacial lake","d":0.0,"chg":1.1,"cls":"stable","glof":0,"prov":"Karnali","gnm":"","rgi":"RGI2000-v7.0-G-15-04427"},"geometry":{"type":"Polygon","coordinates":[[[83.04065,28.79003],[83.0412,28.79098],[83.04179,28.79068],[83.04185,28.78985],[83.04162,28.7894],[83.04151,28.78998],[83.04113,28.78986],[83.04065,28.79003]]]}},{"type":"Feature","properties":{"lake_id":"GL_28.64055_83.5573","l_km2":0.0067,"z":4429,"typ":"unmatched","d":3881.0,"chg":25.1,"cls":"not assessed","glof":0,"prov":"Gandaki","gnm":"","rgi":"RGI2000-v7.0-G-15-04063"},"geometry":{"type":"Polygon","coordinates":[[[83.55645,28.64053],[83.55732,28.6409],[83.55799,28.6407],[83.55757,28.64026],[83.55645,28.64053]]]}},{"type":"Feature","properties":{"lake_id":"GL_28.56062_84.65044","l_km2":0.0114,"z":3920,"typ":"unmatched","d":1217.0,"chg":5.4,"cls":"stable","glof":0,"prov":"Gandaki","gnm":"","rgi":"RGI2000-v7.0-G-15-05200"},"geometry":{"type":"Polygon","coordinates":[[[84.6493,28.56008],[84.65037,28.56129],[84.65132,28.5604],[84.65105,28.56024],[84.6493,28.56008]]]}},{"type":"Feature","properties":{"lake_id":"GL_30.21755_81.88205","l_km2":0.0239,"z":5335,"typ":"unconnected glacial lake","d":0.0,"chg":-10.0,"cls":"stable","glof":0,"prov":"Karnali","gnm":"","rgi":"RGI2000-v7.0-G-15-03102"},"geometry":{"type":"Polygon","coordinates":[[[81.88104,30.21746],[81.88134,30.21796],[81.88192,30.21832],[81.88275,30.21822],[81.88308,30.21775],[81.88299,30.21741],[81.8823,30.21682],[81.88139,30.21684],[81.88104,30.21746]]]}},{"type":"Feature","properties":{"lake_id":"GL_30.22139_81.77627","l_km2":0.0865,"z":5355,"typ":"proglacial lake","d":0.0,"chg":null,"cls":"not assessed","glof":0,"prov":"Karnali","gnm":"","rgi":"RGI2000-v7.0-G-15-03140"},"geometry":{"type":"Polygon","coordinates":[[[81.77518,30.2204],[81.77546,30.22186],[81.77533,30.22383],[81.7759,30.22483],[81.77608,30.22397],[81.77646,30.2237],[81.77647,30.22229],[81.77729,30.2217],[81.77776,30.21959],[81.77738,30.21938],[81.77584,30.2193],[81.77547,30.21952],[81.77518,30.2204]]]}},{"type":"Feature","properties":{"lake_id":"GL_28.06992_85.41945","l_km2":0.0206,"z":4509,"typ":"unmatched","d":5843.0,"chg":1.8,"cls":"stable","glof":0,"prov":"Bagmati","gnm":"","rgi":"RGI2000-v7.0-G-15-05927"},"geometry":{"type":"Polygon","coordinates":[[[85.41906,28.07037],[85.41882,28.07148],[85.41998,28.07047],[85.41982,28.07003],[85.42014,28.06915],[85.41994,28.06888],[85.41885,28.06935],[85.41906,28.07037]]]}},{"type":"Feature","properties":{"lake_id":"GL_28.11317_85.72903","l_km2":0.0059,"z":4233,"typ":"unmatched","d":2363.0,"chg":1.4,"cls":"not assessed","glof":0,"prov":"Bagmati","gnm":"","rgi":"RGI2000-v7.0-G-15-08809"},"geometry":{"type":"Polygon","coordinates":[[[85.72862,28.11308],[85.72884,28.11368],[85.72944,28.11323],[85.72922,28.11267],[85.72862,28.11308]]]}},{"type":"Feature","properties":{"lake_id":"GL_27.995_86.53093","l_km2":0.0085,"z":5272,"typ":"unmatched","d":216.0,"chg":6.6,"cls":"not assessed","glof":0,"prov":"Province 1","gnm":"Melung","rgi":"RGI2000-v7.0-G-15-08547"},"geometry":{"type":"Polygon","coordinates":[[[86.53033,27.99486],[86.53041,27.9952],[86.53089,27.99549],[86.5315,27.99499],[86.53118,27.9945],[86.53033,27.99486]]]}},{"type":"Feature","properties":{"lake_id":"GL_27.97966_86.73354","l_km2":0.0153,"z":5425,"typ":"proglacial lake","d":0.0,"chg":2.4,"cls":"stable","glof":0,"prov":"Province 1","gnm":"","rgi":"RGI2000-v7.0-G-15-08303"},"geometry":{"type":"Polygon","coordinates":[[[86.73326,27.97917],[86.73299,27.98049],[86.73327,27.98049],[86.73386,27.98015],[86.73405,27.979],[86.73434,27.97871],[86.73326,27.97917]]]}},{"type":"Feature","properties":{"lake_id":"GL_27.84404_86.42485","l_km2":0.0098,"z":5123,"typ":"unmatched","d":363.0,"chg":5.0,"cls":"not assessed","glof":0,"prov":"Bagmati","gnm":"","rgi":"RGI2000-v7.0-G-15-08503"},"geometry":{"type":"Polygon","coordinates":[[[86.4243,27.84403],[86.42458,27.84452],[86.42515,27.8445],[86.42554,27.84413],[86.42483,27.84351],[86.42438,27.84362],[86.4243,27.84403]]]}},{"type":"Feature","properties":{"lake_id":"GL_27.89665_86.79717","l_km2":0.012,"z":5058,"typ":"proglacial lake","d":422.0,"chg":-2.7,"cls":"stable","glof":0,"prov":"Province 1","gnm":"","rgi":"RGI2000-v7.0-G-15-08336"},"geometry":{"type":"Polygon","coordinates":[[[86.79605,27.89702],[86.79707,27.8971],[86.79766,27.89693],[86.79804,27.89641],[86.79772,27.89609],[86.79715,27.89619],[86.79605,27.89702]]]}},{"type":"Feature","properties":{"lake_id":"GL_27.8138_87.14053","l_km2":0.0377,"z":4760,"typ":"proglacial lake","d":0.0,"chg":null,"cls":"not assessed","glof":1,"prov":"Province 1","gnm":"","rgi":"RGI2000-v7.0-G-15-06963"},"geometry":{"type":"Polygon","coordinates":[[[87.13873,27.81252],[87.13945,27.81299],[87.1393,27.81364],[87.14081,27.81461],[87.14099,27.8154],[87.14119,27.81546],[87.14146,27.81488],[87.14178,27.81472],[87.14143,27.81324],[87.14093,27.81288],[87.14078,27.81337],[87.1405,27.81311],[87.13977,27.8132],[87.1391,27.81218],[87.13873,27.81252]]]}},{"type":"Feature","properties":{"lake_id":"GL_27.80816_87.14724","l_km2":0.0425,"z":4940,"typ":"proglacial lake","d":678.0,"chg":null,"cls":"not assessed","glof":0,"prov":"Province 1","gnm":"","rgi":"RGI2000-v7.0-G-15-06963"},"geometry":{"type":"Polygon","coordinates":[[[87.14551,27.808],[87.14665,27.80902],[87.14721,27.80877],[87.14849,27.80875],[87.14906,27.80841],[87.149,27.80796],[87.1478,27.80752],[87.14746,27.8076],[87.14737,27.80725],[87.14687,27.80752],[87.14575,27.80758],[87.14551,27.808]]]}},{"type":"Feature","properties":{"lake_id":"GL_27.62276_87.6973","l_km2":0.0051,"z":4309,"typ":"unmatched","d":6037.0,"chg":null,"cls":"not assessed","glof":0,"prov":"Province 1","gnm":"","rgi":"RGI2000-v7.0-G-15-07462"},"geometry":{"type":"Polygon","coordinates":[[[87.69695,27.62257],[87.69726,27.62319],[87.69778,27.62282],[87.69727,27.6223],[87.69695,27.62257]]]}},{"type":"Feature","properties":{"lake_id":"GL_27.56297_88.04391","l_km2":0.0125,"z":5112,"typ":"unmatched","d":280.0,"chg":9.1,"cls":"stable","glof":0,"prov":"Province 1","gnm":"","rgi":"RGI2000-v7.0-G-15-07838"},"geometry":{"type":"Polygon","coordinates":[[[88.04286,27.56348],[88.04341,27.5636],[88.04425,27.56334],[88.04439,27.56266],[88.04477,27.5622],[88.04394,27.56232],[88.04395,27.56277],[88.04286,27.56348]]]}},{"type":"Feature","properties":{"lake_id":"GL_27.81059_87.57808","l_km2":0.0075,"z":4809,"typ":"unmatched","d":1534.0,"chg":9.7,"cls":"not assessed","glof":0,"prov":"Province 1","gnm":"","rgi":"RGI2000-v7.0-G-15-07400"},"geometry":{"type":"Polygon","coordinates":[[[87.57743,27.81048],[87.57804,27.81098],[87.57871,27.8108],[87.57832,27.81028],[87.57763,27.81026],[87.57743,27.81048]]]}},{"type":"Feature","properties":{"lake_id":"GL_27.7837_87.77488","l_km2":0.0156,"z":4936,"typ":"proglacial lake","d":318.0,"chg":17.0,"cls":"stable","glof":0,"prov":"Province 1","gnm":"","rgi":"RGI2000-v7.0-G-15-08218"},"geometry":{"type":"Polygon","coordinates":[[[87.77373,27.78381],[87.77418,27.78424],[87.77463,27.78393],[87.77607,27.78407],[87.77619,27.78392],[87.77609,27.78369],[87.77499,27.78317],[87.77394,27.78343],[87.77373,27.78381]]]}},{"type":"Feature","properties":{"lake_id":"GL_27.65247_87.69837","l_km2":0.0062,"z":4451,"typ":"unmatched","d":2785.0,"chg":9.5,"cls":"not assessed","glof":0,"prov":"Province 1","gnm":"","rgi":"RGI2000-v7.0-G-15-07462"},"geometry":{"type":"Polygon","coordinates":[[[87.69785,27.65245],[87.69799,27.65272],[87.69878,27.65283],[87.69868,27.65212],[87.69815,27.65213],[87.69785,27.65245]]]}},{"type":"Feature","properties":{"lake_id":"GL_27.68824_87.54163","l_km2":0.025,"z":4618,"typ":"unconnected glacial lake","d":6072.0,"chg":5.3,"cls":"stable","glof":0,"prov":"Province 1","gnm":"","rgi":"RGI2000-v7.0-G-15-07455"},"geometry":{"type":"Polygon","coordinates":[[[87.54016,27.68845],[87.54044,27.68867],[87.54249,27.68866],[87.54324,27.68832],[87.54291,27.68801],[87.54117,27.68763],[87.54038,27.68802],[87.54016,27.68845]]]}},{"type":"Feature","properties":{"lake_id":"GL_30.05722_81.94003","l_km2":0.1382,"z":4554,"typ":"proglacial lake","d":778.0,"chg":0.1,"cls":"stable","glof":0,"prov":"Karnali","gnm":"","rgi":"RGI2000-v7.0-G-15-02884"},"geometry":{"type":"Polygon","coordinates":[[[81.93773,30.05703],[81.93836,30.05849],[81.93978,30.05902],[81.9416,30.05852],[81.94213,30.05764],[81.94317,30.05754],[81.94149,30.05602],[81.94087,30.05604],[81.94012,30.05561],[81.9402,30.05494],[81.9397,30.05502],[81.93942,30.05536],[81.93918,30.05509],[81.93898,30.05589],[81.93805,30.0557],[81.93773,30.05703]]]}},{"type":"Feature","properties":{"lake_id":"GL_30.09985_81.81","l_km2":0.0076,"z":4895,"typ":"unmatched","d":614.0,"chg":58.3,"cls":"not assessed","glof":0,"prov":"Karnali","gnm":"","rgi":"RGI2000-v7.0-G-15-02859"},"geometry":{"type":"Polygon","coordinates":[[[81.80949,30.09987],[81.80995,30.10035],[81.81063,30.09995],[81.81,30.09936],[81.80965,30.09944],[81.80949,30.09987]]]}},{"type":"Feature","properties":{"lake_id":"GL_30.10466_81.80455","l_km2":0.0115,"z":4955,"typ":"proglacial lake","d":381.0,"chg":13.4,"cls":"not assessed","glof":0,"prov":"Karnali","gnm":"","rgi":"RGI2000-v7.0-G-15-02859"},"geometry":{"type":"Polygon","coordinates":[[[81.8038,30.10461],[81.80411,30.10508],[81.80494,30.10511],[81.80527,30.10428],[81.80442,30.10419],[81.8038,30.10461]]]}},{"type":"Feature","properties":{"lake_id":"GL_29.88171_82.03646","l_km2":0.0803,"z":4515,"typ":"unconnected glacial lake","d":3469.0,"chg":2.3,"cls":"stable","glof":0,"prov":"Karnali","gnm":"","rgi":"RGI2000-v7.0-G-15-04456"},"geometry":{"type":"Polygon","coordinates":[[[82.03487,29.88303],[82.03522,29.8838],[82.03589,29.88395],[82.0362,29.8838],[82.0369,29.88206],[82.03769,29.88162],[82.0384,29.88058],[82.03835,29.87994],[82.03744,29.8798],[82.0353,29.8811],[82.03516,29.88175],[82.03535,29.88227],[82.03487,29.88303]]]}},{"type":"Feature","properties":{"lake_id":"GL_30.12122_81.76713","l_km2":0.0116,"z":4891,"typ":"unmatched","d":1491.0,"chg":12.5,"cls":"stable","glof":0,"prov":"Karnali","gnm":"","rgi":"RGI2000-v7.0-G-15-02856"},"geometry":{"type":"Polygon","coordinates":[[[81.76637,30.12103],[81.76723,30.12182],[81.76766,30.12172],[81.76781,30.12127],[81.76722,30.12071],[81.76685,30.12064],[81.76637,30.12103]]]}},{"type":"Feature","properties":{"lake_id":"GL_30.13999_81.97997","l_km2":0.0161,"z":4953,"typ":"unconnected glacial lake","d":4200.0,"chg":5.8,"cls":"stable","glof":0,"prov":"Karnali","gnm":"","rgi":"RGI2000-v7.0-G-15-03119"},"geometry":{"type":"Polygon","coordinates":[[[81.97908,30.13955],[81.97946,30.13973],[81.97909,30.14022],[81.97955,30.14047],[81.98007,30.14067],[81.98075,30.14039],[81.98014,30.13908],[81.97966,30.13968],[81.97941,30.13944],[81.97908,30.13955]]]}},{"type":"Feature","properties":{"lake_id":"GL_30.08541_81.82846","l_km2":0.0094,"z":4741,"typ":"unmatched","d":188.0,"chg":2.2,"cls":"not assessed","glof":0,"prov":"Karnali","gnm":"","rgi":"RGI2000-v7.0-G-15-02864"},"geometry":{"type":"Polygon","coordinates":[[[81.82786,30.08501],[81.82813,30.08573],[81.82892,30.08594],[81.82902,30.08552],[81.82869,30.08504],[81.82825,30.08485],[81.82786,30.08501]]]}},{"type":"Feature","properties":{"lake_id":"GL_30.12705_81.78829","l_km2":0.0755,"z":5015,"typ":"proglacial lake","d":170.0,"chg":3.0,"cls":"stable","glof":0,"prov":"Karnali","gnm":"","rgi":"RGI2000-v7.0-G-15-02853"},"geometry":{"type":"Polygon","coordinates":[[[81.78633,30.12793],[81.7879,30.12817],[81.78999,30.12789],[81.79021,30.1272],[81.78988,30.12684],[81.78979,30.12623],[81.78846,30.12584],[81.78715,30.12603],[81.78649,30.12681],[81.78633,30.12793]]]}},{"type":"Feature","properties":{"lake_id":"GL_30.08955_81.81395","l_km2":0.0509,"z":4824,"typ":"unconnected glacial lake","d":850.0,"chg":5.4,"cls":"stable","glof":0,"prov":"Karnali","gnm":"","rgi":"RGI2000-v7.0-G-15-02862"},"geometry":{"type":"Polygon","coordinates":[[[81.81208,30.08908],[81.81194,30.08996],[81.81378,30.09004],[81.81491,30.0907],[81.81553,30.09072],[81.81544,30.08918],[81.81518,30.08864],[81.8147,30.08845],[81.81396,30.08901],[81.81326,30.08922],[81.81257,30.08868],[81.81208,30.08908]]]}},{"type":"Feature","properties":{"lake_id":"GL_29.87938_82.06044","l_km2":0.0153,"z":4491,"typ":"unconnected glacial lake","d":1923.0,"chg":11.0,"cls":"stable","glof":0,"prov":"Karnali","gnm":"","rgi":"RGI2000-v7.0-G-15-04456"},"geometry":{"type":"Polygon","coordinates":[[[82.06,29.87861],[82.06003,29.87976],[82.06073,29.88019],[82.06115,29.87966],[82.0604,29.87844],[82.06,29.87861]]]}},{"type":"Feature","properties":{"lake_id":"GL_29.96036_82.0841","l_km2":0.0358,"z":4742,"typ":"proglacial lake","d":25.0,"chg":16.5,"cls":"stable","glof":0,"prov":"Karnali","gnm":"","rgi":"RGI2000-v7.0-G-15-02927"},"geometry":{"type":"Polygon","coordinates":[[[82.08271,29.9598],[82.08349,29.96088],[82.08399,29.96096],[82.08441,29.96177],[82.08476,29.96188],[82.08513,29.96095],[82.08451,29.95995],[82.08448,29.95916],[82.0839,29.95909],[82.08362,29.95956],[82.08314,29.95949],[82.08271,29.9598]]]}},{"type":"Feature","properties":{"lake_id":"GL_30.21833_82.10433","l_km2":0.0084,"z":5440,"typ":"unmatched","d":1089.0,"chg":6.9,"cls":"not assessed","glof":0,"prov":"Karnali","gnm":"","rgi":"RGI2000-v7.0-G-15-03057"},"geometry":{"type":"Polygon","coordinates":[[[82.1038,30.21824],[82.10384,30.21873],[82.10471,30.21867],[82.10485,30.21796],[82.10439,30.21783],[82.1038,30.21824]]]}},{"type":"Feature","properties":{"lake_id":"GL_30.03155_82.12719","l_km2":0.0136,"z":5039,"typ":"proglacial lake","d":0.0,"chg":-1.0,"cls":"stable","glof":0,"prov":"Karnali","gnm":"","rgi":"RGI2000-v7.0-G-15-03038"},"geometry":{"type":"Polygon","coordinates":[[[82.12648,30.0315],[82.12649,30.03182],[82.12688,30.03223],[82.12796,30.03158],[82.12762,30.03091],[82.12648,30.0315]]]}},{"type":"Feature","properties":{"lake_id":"GL_30.20261_82.0971","l_km2":0.0187,"z":5402,"typ":"proglacial lake","d":590.0,"chg":3.5,"cls":"stable","glof":0,"prov":"Karnali","gnm":"","rgi":"RGI2000-v7.0-G-15-03057"},"geometry":{"type":"Polygon","coordinates":[[[82.09602,30.20277],[82.09708,30.20343],[82.09778,30.20261],[82.09792,30.20191],[82.09711,30.20193],[82.09602,30.20277]]]}},{"type":"Feature","properties":{"lake_id":"GL_30.12921_81.77983","l_km2":0.6431,"z":5015,"typ":"proglacial lake","d":254.0,"chg":1.0,"cls":"expanding","glof":0,"prov":"Karnali","gnm":"","rgi":"RGI2000-v7.0-G-15-02855"},"geometry":{"type":"Polygon","coordinates":[[[81.77327,30.13315],[81.77299,30.13442],[81.77333,30.13447],[81.77581,30.13349],[81.77685,30.13353],[81.77791,30.13325],[81.7784,30.13238],[81.77831,30.13124],[81.77859,30.13106],[81.77968,30.13106],[81.78153,30.13173],[81.7836,30.13062],[81.78467,30.12942],[81.78528,30.12801],[81.78615,30.12751],[81.78595,30.12651],[81.78549,30.12644],[81.78518,30.12608],[81.7853,30.12532],[81.78336,30.12486],[81.78142,30.12558],[81.78036,30.12571],[81.7783,30.12482],[81.77848,30.12639],[81.77776,30.12804],[81.77754,30.12833],[81.77681,30.12831],[81.77604,30.12871],[81.7756,30.12969],[81.77466,30.13047],[81.77437,30.13174],[81.77327,30.13315]]]}},{"type":"Feature","properties":{"lake_id":"GL_29.92169_82.44482","l_km2":0.0685,"z":4482,"typ":"unconnected glacial lake","d":2116.0,"chg":8.7,"cls":"expanding","glof":0,"prov":"Karnali","gnm":"","rgi":"RGI2000-v7.0-G-15-03348"},"geometry":{"type":"Polygon","coordinates":[[[82.44286,29.92229],[82.44286,29.92262],[82.4432,29.92285],[82.44392,29.92277],[82.44505,29.92319],[82.44531,29.92297],[82.44533,29.92247],[82.446,29.92194],[82.44671,29.92067],[82.44527,29.9201],[82.44286,29.92229]]]}},{"type":"Feature","properties":{"lake_id":"GL_30.10708_81.83604","l_km2":0.0071,"z":4606,"typ":"unmatched","d":1039.0,"chg":3.9,"cls":"not assessed","glof":0,"prov":"Karnali","gnm":"","rgi":"RGI2000-v7.0-G-15-02863"},"geometry":{"type":"Polygon","coordinates":[[[81.83547,30.10698],[81.83629,30.10768],[81.83649,30.10762],[81.83642,30.10676],[81.83584,30.10665],[81.83547,30.10698]]]}},{"type":"Feature","properties":{"lake_id":"GL_30.30122_81.84259","l_km2":0.0883,"z":5347,"typ":"proglacial lake","d":628.0,"chg":0.2,"cls":"stable","glof":0,"prov":"Karnali","gnm":"","rgi":"RGI2000-v7.0-G-15-03146"},"geometry":{"type":"Polygon","coordinates":[[[81.84079,30.30088],[81.84095,30.3017],[81.84237,30.30304],[81.84361,30.30229],[81.84457,30.30095],[81.84416,30.30014],[81.8422,30.29999],[81.84184,30.29978],[81.84099,30.30014],[81.84079,30.30088]]]}},{"type":"Feature","properties":{"lake_id":"GL_30.31691_81.9217","l_km2":0.0125,"z":5395,"typ":"proglacial lake","d":427.0,"chg":13.0,"cls":"stable","glof":0,"prov":"Karnali","gnm":"","rgi":"RGI2000-v7.0-G-15-03080"},"geometry":{"type":"Polygon","coordinates":[[[81.92103,30.31666],[81.9216,30.3175],[81.92221,30.31775],[81.92218,30.317],[81.92182,30.31618],[81.92145,30.3161],[81.92103,30.31666]]]}},{"type":"Feature","properties":{"lake_id":"GL_27.83818_88.04076","l_km2":0.0208,"z":5095,"typ":"unmatched","d":0.0,"chg":null,"cls":"not assessed","glof":1,"prov":"Province 1","gnm":"Lhonak","rgi":"RGI2000-v7.0-G-15-07902"},"geometry":{"type":"Polygon","coordinates":[[[88.04011,27.83752],[88.03993,27.83804],[88.04027,27.83803],[88.04065,27.83916],[88.0411,27.83946],[88.04102,27.83964],[88.04108,27.83979],[88.0413,27.83932],[88.04099,27.83667],[88.04069,27.83672],[88.04082,27.83777],[88.04011,27.83752]]]}},{"type":"Feature","properties":{"lake_id":"GL_28.00525_86.63262","l_km2":0.0163,"z":5055,"typ":"proglacial lake","d":237.0,"chg":null,"cls":"not assessed","glof":0,"prov":"Karnali","gnm":"Lumsamba","rgi":"RGI2000-v7.0-G-15-06678"},"geometry":{"type":"Polygon","coordinates":[[[86.6314,28.00431],[86.63217,28.00497],[86.63232,28.00559],[86.633,28.0062],[86.63341,28.00604],[86.63366,28.00567],[86.63266,28.00476],[86.63185,28.00422],[86.6314,28.00431]]]}},{"type":"Feature","properties":{"lake_id":"GL_27.93836_86.71053","l_km2":0.0096,"z":4696,"typ":"supraglacial lake","d":0.0,"chg":-32.7,"cls":"shrinking","glof":0,"prov":"Province 1","gnm":"Ngojumba","rgi":"RGI2000-v7.0-G-15-08305"},"geometry":{"type":"Polygon","coordinates":[[[86.71004,27.93744],[86.71036,27.93932],[86.71067,27.93868],[86.71148,27.93867],[86.71032,27.93786],[86.71032,27.93751],[86.71004,27.93744]]]}},{"type":"Feature","properties":{"lake_id":"GL_28.75702_84.07765","l_km2":0.0107,"z":5076,"typ":"proglacial lake","d":749.0,"chg":null,"cls":"not assessed","glof":0,"prov":"Province 1","gnm":"","rgi":"RGI2000-v7.0-G-15-04880"},"geometry":{"type":"Polygon","coordinates":[[[84.07688,28.75701],[84.07785,28.75752],[84.07845,28.75738],[84.07862,28.75765],[84.07878,28.7575],[84.07875,28.75727],[84.0778,28.75707],[84.0777,28.75652],[84.07734,28.75623],[84.07708,28.75633],[84.07721,28.75653],[84.07688,28.75701]]]}},{"type":"Feature","properties":{"lake_id":"GL_30.03486_80.88324","l_km2":0.0069,"z":4467,"typ":"unmatched","d":143.0,"chg":27.9,"cls":"not assessed","glof":0,"prov":"Gandaki","gnm":"","rgi":"RGI2000-v7.0-G-15-02197"},"geometry":{"type":"Polygon","coordinates":[[[80.88276,30.03518],[80.88346,30.0353],[80.88369,30.03454],[80.88315,30.03437],[80.88305,30.03463],[80.88286,30.03441],[80.88276,30.03518]]]}},{"type":"Feature","properties":{"lake_id":"GL_30.0487_81.94088","l_km2":0.0145,"z":4632,"typ":"unmatched","d":997.0,"chg":null,"cls":"not assessed","glof":0,"prov":"Sudurpaschim","gnm":"","rgi":"RGI2000-v7.0-G-15-02904"},"geometry":{"type":"Polygon","coordinates":[[[81.93988,30.04816],[81.9401,30.04872],[81.94089,30.0492],[81.94232,30.04928],[81.94234,30.0489],[81.94151,30.04896],[81.94038,30.04796],[81.93988,30.04816]]]}},{"type":"Feature","properties":{"lake_id":"GL_27.91078_87.81595","l_km2":0.0322,"z":5166,"typ":"proglacial lake","d":375.0,"chg":null,"cls":"not assessed","glof":0,"prov":"Karnali","gnm":"","rgi":"RGI2000-v7.0-G-15-07530"},"geometry":{"type":"Polygon","coordinates":[[[87.81511,27.91166],[87.81525,27.91204],[87.81588,27.91222],[87.81661,27.91131],[87.81668,27.91071],[87.81621,27.91005],[87.81635,27.90882],[87.81677,27.90835],[87.81656,27.90821],[87.8153,27.91078],[87.81511,27.91166]]]}},{"type":"Feature","properties":{"lake_id":"GL_30.00563_81.92419","l_km2":0.0156,"z":4676,"typ":"unmatched","d":1848.0,"chg":null,"cls":"not assessed","glof":0,"prov":"Province 1","gnm":"","rgi":"RGI2000-v7.0-G-15-02909"},"geometry":{"type":"Polygon","coordinates":[[[81.92314,30.0046],[81.92366,30.00567],[81.92529,30.00677],[81.92527,30.00639],[81.92491,30.00621],[81.92455,30.00546],[81.92355,30.00465],[81.92314,30.0046]]]}},{"type":"Feature","properties":{"lake_id":"GL_29.91992_81.05406","l_km2":0.0195,"z":4617,"typ":"proglacial lake","d":0.0,"chg":null,"cls":"not assessed","glof":0,"prov":"Karnali","gnm":"","rgi":"RGI2000-v7.0-G-15-02548"},"geometry":{"type":"Polygon","coordinates":[[[81.05238,29.92056],[81.05307,29.92059],[81.05381,29.92022],[81.05424,29.92056],[81.05472,29.92023],[81.05485,29.91969],[81.05528,29.91955],[81.05563,29.91991],[81.05582,29.91956],[81.05329,29.91948],[81.05312,29.92043],[81.05288,29.92051],[81.05263,29.9204],[81.05283,29.9202],[81.05254,29.92022],[81.05238,29.92056]]]}},{"type":"Feature","properties":{"lake_id":"GL_30.20446_81.87698","l_km2":0.1247,"z":5519,"typ":"proglacial lake","d":0.0,"chg":null,"cls":"not assessed","glof":0,"prov":"Sudurpaschim","gnm":"","rgi":"RGI2000-v7.0-G-15-03105"},"geometry":{"type":"Polygon","coordinates":[[[81.87405,30.20527],[81.87458,30.20591],[81.87535,30.20624],[81.87672,30.20606],[81.87817,30.20522],[81.87909,30.20414],[81.87967,30.20382],[81.87991,30.20305],[81.87916,30.20262],[81.87843,30.20251],[81.87722,30.20317],[81.87685,30.20361],[81.875,30.20406],[81.87428,30.20462],[81.87405,30.20527]]]}},{"type":"Feature","properties":{"lake_id":"GL_27.94563_86.81937","l_km2":0.008,"z":4918,"typ":"unmatched","d":0.0,"chg":null,"cls":"not assessed","glof":0,"prov":"Karnali","gnm":"Khumbu Glacier","rgi":"RGI2000-v7.0-G-15-08331"},"geometry":{"type":"Polygon","coordinates":[[[86.81855,27.94506],[86.81893,27.94526],[86.81885,27.94559],[86.81924,27.94559],[86.81948,27.94647],[86.81976,27.94638],[86.81995,27.94572],[86.81968,27.94569],[86.81958,27.94602],[86.8193,27.94501],[86.81889,27.94487],[86.81855,27.94506]]]}},{"type":"Feature","properties":{"lake_id":"GL_27.90789_87.81646","l_km2":0.012,"z":5166,"typ":"unmatched","d":589.0,"chg":null,"cls":"not assessed","glof":0,"prov":"Province 1","gnm":"","rgi":"RGI2000-v7.0-G-15-07532"},"geometry":{"type":"Polygon","coordinates":[[[87.81605,27.90734],[87.81613,27.90772],[87.81648,27.90792],[87.8161,27.9092],[87.81637,27.90929],[87.81687,27.90808],[87.81655,27.90678],[87.81633,27.90673],[87.81605,27.90734]]]}},{"type":"Feature","properties":{"lake_id":"GL_27.97361_86.56327","l_km2":0.0146,"z":5026,"typ":"unmatched","d":0.0,"chg":48.8,"cls":"not assessed","glof":0,"prov":"Province 1","gnm":"Melung","rgi":"RGI2000-v7.0-G-15-08547"},"geometry":{"type":"Polygon","coordinates":[[[86.56261,27.97366],[86.56246,27.9745],[86.56266,27.97462],[86.56357,27.97394],[86.56346,27.97332],[86.5643,27.9732],[86.56422,27.97293],[86.56353,27.97264],[86.56322,27.97341],[86.56261,27.97366]]]}},{"type":"Feature","properties":{"lake_id":"GL_27.93592_86.81304","l_km2":0.0036,"z":4905,"typ":"unmatched","d":0.0,"chg":-12.0,"cls":"not assessed","glof":0,"prov":"Province 1","gnm":"Khumbu Glacier","rgi":"RGI2000-v7.0-G-15-08331"},"geometry":{"type":"Polygon","coordinates":[[[86.81266,27.93597],[86.8127,27.93633],[86.81297,27.93635],[86.81348,27.93532],[86.81266,27.93597]]]}},{"type":"Feature","properties":{"lake_id":"GL_27.95207_86.82001","l_km2":0.0056,"z":4939,"typ":"unmatched","d":0.0,"chg":null,"cls":"not assessed","glof":0,"prov":"Province 1","gnm":"Khumbu Glacier","rgi":"RGI2000-v7.0-G-15-08331"},"geometry":{"type":"Polygon","coordinates":[[[86.81933,27.95194],[86.82022,27.95234],[86.8203,27.95266],[86.82069,27.95261],[86.81994,27.95151],[86.81978,27.95151],[86.81988,27.95175],[86.81933,27.95194]]]}},{"type":"Feature","properties":{"lake_id":"GL_29.07095_83.03013","l_km2":0.0084,"z":5224,"typ":"unmatched","d":0.0,"chg":10.8,"cls":"not assessed","glof":0,"prov":"Province 1","gnm":"","rgi":"RGI2000-v7.0-G-15-03863"},"geometry":{"type":"Polygon","coordinates":[[[83.02974,29.07051],[83.02969,29.07123],[83.03017,29.07153],[83.03058,29.07147],[83.03032,29.07078],[83.03058,29.07031],[83.02999,29.07061],[83.02974,29.07051]]]}},{"type":"Feature","properties":{"lake_id":"GL_29.68859_82.93881","l_km2":0.0698,"z":5451,"typ":"proglacial lake","d":819.0,"chg":-7.0,"cls":"shrinking","glof":0,"prov":"Karnali","gnm":"","rgi":"RGI2000-v7.0-G-15-03412"},"geometry":{"type":"Polygon","coordinates":[[[82.93559,29.68721],[82.93734,29.68814],[82.938,29.68907],[82.93955,29.69015],[82.94011,29.69016],[82.9406,29.68958],[82.94071,29.68894],[82.94009,29.68796],[82.93967,29.6877],[82.93919,29.68758],[82.93831,29.68775],[82.93747,29.6874],[82.93559,29.68721]]]}},{"type":"Feature","properties":{"lake_id":"GL_27.83236_88.06853","l_km2":0.009,"z":5586,"typ":"proglacial lake","d":385.0,"chg":4.3,"cls":"not assessed","glof":0,"prov":"Karnali","gnm":"","rgi":"RGI2000-v7.0-G-15-07898"},"geometry":{"type":"Polygon","coordinates":[[[88.06784,27.8324],[88.06857,27.83288],[88.06904,27.83279],[88.06871,27.83187],[88.0684,27.83184],[88.06784,27.8324]]]}},{"type":"Feature","properties":{"lake_id":"GL_29.26626_82.59075","l_km2":0.0106,"z":4294,"typ":"unmatched","d":668.0,"chg":4.0,"cls":"stable","glof":0,"prov":"Province 1","gnm":"","rgi":"RGI2000-v7.0-G-15-03554"},"geometry":{"type":"Polygon","coordinates":[[[82.59025,29.26653],[82.59051,29.2672],[82.59115,29.26627],[82.5913,29.26524],[82.59055,29.2659],[82.59025,29.26653]]]}},{"type":"Feature","properties":{"lake_id":"GL_29.99499_81.0794","l_km2":0.0058,"z":4604,"typ":"unmatched","d":0.0,"chg":null,"cls":"not assessed","glof":0,"prov":"Karnali","gnm":"","rgi":"RGI2000-v7.0-G-15-02231"},"geometry":{"type":"Polygon","coordinates":[[[81.07836,29.99482],[81.07919,29.99491],[81.07892,29.99505],[81.07934,29.99543],[81.07948,29.99536],[81.07925,29.99509],[81.07958,29.99498],[81.08004,29.99545],[81.07987,29.99475],[81.07836,29.99482]]]}},{"type":"Feature","properties":{"lake_id":"GL_27.85006_86.35644","l_km2":0.1059,"z":4422,"typ":"unmatched","d":883.0,"chg":-0.9,"cls":"stable","glof":0,"prov":"Sudurpaschim","gnm":"","rgi":"RGI2000-v7.0-G-15-08816"},"geometry":{"type":"Polygon","coordinates":[[[86.35381,27.84973],[86.35479,27.85075],[86.35502,27.85073],[86.3552,27.85114],[86.35632,27.85175],[86.359,27.8504],[86.35832,27.8497],[86.35818,27.8491],[86.3571,27.84861],[86.35674,27.84864],[86.35655,27.84897],[86.35576,27.84862],[86.35381,27.84973]]]}},{"type":"Feature","properties":{"lake_id":"GL_28.48784_84.48656","l_km2":0.9738,"z":3989,"typ":"proglacial lake","d":0.0,"chg":5.1,"cls":"expanding","glof":0,"prov":"Bagmati","gnm":"","rgi":"RGI2000-v7.0-G-15-06122"},"geometry":{"type":"Polygon","coordinates":[[[84.47998,28.49342],[84.47831,28.49763],[84.47866,28.49745],[84.47908,28.49784],[84.48008,28.49795],[84.48023,28.49844],[84.48186,28.49721],[84.48525,28.49283],[84.48617,28.49112],[84.48698,28.48888],[84.4889,28.48691],[84.49106,28.48377],[84.49362,28.48196],[84.49761,28.4807],[84.49737,28.48012],[84.49782,28.48031],[84.49781,28.48002],[84.49668,28.47924],[84.49651,28.47859],[84.49175,28.47967],[84.48887,28.48155],[84.48718,28.48307],[84.4827,28.48831],[84.48135,28.49119],[84.47998,28.49342]]]}},{"type":"Feature","properties":{"lake_id":"GL_28.44671_84.11698","l_km2":0.0948,"z":2459,"typ":"proglacial lake","d":0.0,"chg":null,"cls":"not assessed","glof":0,"prov":"Gandaki","gnm":"","rgi":"RGI2000-v7.0-G-15-04821"},"geometry":{"type":"Polygon","coordinates":[[[84.11531,28.44723],[84.11575,28.44812],[84.11839,28.44846],[84.11837,28.44657],[84.11764,28.44521],[84.11753,28.44442],[84.11686,28.4444],[84.11703,28.44514],[84.11606,28.44502],[84.11531,28.44723]]]}},{"type":"Feature","properties":{"lake_id":"GL_28.66953_83.4587","l_km2":0.0034,"z":5129,"typ":"unmatched","d":148.0,"chg":1.8,"cls":"not assessed","glof":0,"prov":"Gandaki","gnm":"","rgi":"RGI2000-v7.0-G-15-04044"},"geometry":{"type":"Polygon","coordinates":[[[83.45834,28.66949],[83.45862,28.66997],[83.4593,28.6693],[83.45858,28.66925],[83.45834,28.66949]]]}},{"type":"Feature","properties":{"lake_id":"GL_27.8052_86.45796","l_km2":0.0107,"z":4878,"typ":"unmatched","d":586.0,"chg":33.2,"cls":"not assessed","glof":0,"prov":"Gandaki","gnm":"","rgi":"RGI2000-v7.0-G-15-08507"},"geometry":{"type":"Polygon","coordinates":[[[86.45746,27.80556],[86.45762,27.80618],[86.45825,27.80533],[86.45856,27.80418],[86.45776,27.80484],[86.45746,27.80556]]]}},{"type":"Feature","properties":{"lake_id":"GL_27.91325_86.90281","l_km2":0.0093,"z":5007,"typ":"unmatched","d":0.0,"chg":null,"cls":"not assessed","glof":0,"prov":"Bagmati","gnm":"Lothse Glacier","rgi":"RGI2000-v7.0-G-15-06758"},"geometry":{"type":"Polygon","coordinates":[[[86.90222,27.91368],[86.90254,27.91388],[86.90325,27.91373],[86.90335,27.9131],[86.90307,27.91278],[86.90248,27.91267],[86.90228,27.91287],[86.90232,27.91325],[86.90301,27.91361],[86.90222,27.91368]]]}},{"type":"Feature","properties":{"lake_id":"GL_27.84789_86.50517","l_km2":0.0163,"z":5050,"typ":"unmatched","d":286.0,"chg":34.5,"cls":"stable","glof":0,"prov":"Province 1","gnm":"","rgi":"RGI2000-v7.0-G-15-08522"},"geometry":{"type":"Polygon","coordinates":[[[86.50427,27.84819],[86.50537,27.84879],[86.50543,27.84808],[86.50575,27.84814],[86.50596,27.84783],[86.50555,27.84696],[86.50519,27.84707],[86.505,27.84758],[86.50462,27.84763],[86.50427,27.84819]]]}},{"type":"Feature","properties":{"lake_id":"GL_28.31068_85.7089","l_km2":0.0052,"z":4915,"typ":"unmatched","d":0.0,"chg":null,"cls":"not assessed","glof":0,"prov":"Bagmati","gnm":"Langtang glacier","rgi":"RGI2000-v7.0-G-15-05860"},"geometry":{"type":"Polygon","coordinates":[[[85.70856,28.31031],[85.70872,28.31092],[85.70933,28.31098],[85.70895,28.31032],[85.70856,28.31031]]]}},{"type":"Feature","properties":{"lake_id":"GL_29.74341_82.70446","l_km2":0.1423,"z":5169,"typ":"proglacial lake","d":0.0,"chg":14.9,"cls":"expanding","glof":0,"prov":"Bagmati","gnm":"","rgi":"RGI2000-v7.0-G-15-03441"},"geometry":{"type":"Polygon","coordinates":[[[82.70193,29.74516],[82.70201,29.7455],[82.70342,29.74642],[82.70402,29.74628],[82.70636,29.74259],[82.7062,29.74169],[82.70637,29.73938],[82.70612,29.74075],[82.70583,29.74083],[82.70582,29.74011],[82.70451,29.74099],[82.70396,29.74257],[82.70193,29.74516]]]}},{"type":"Feature","properties":{"lake_id":"GL_27.83963_88.03927","l_km2":0.0111,"z":5103,"typ":"supraglacial lake","d":0.0,"chg":-45.4,"cls":"shrinking","glof":0,"prov":"Karnali","gnm":"Lhonak","rgi":"RGI2000-v7.0-G-15-07902"},"geometry":{"type":"Polygon","coordinates":[[[88.03836,27.83976],[88.03863,27.8402],[88.03923,27.83995],[88.03987,27.84012],[88.03997,27.83981],[88.03972,27.83956],[88.03994,27.83927],[88.03947,27.83897],[88.03902,27.83899],[88.03935,27.83976],[88.03836,27.83976]]]}},{"type":"Feature","properties":{"lake_id":"GL_27.69335_86.9211","l_km2":0.0088,"z":4995,"typ":"unmatched","d":174.0,"chg":null,"cls":"not assessed","glof":0,"prov":"Province 1","gnm":"","rgi":"RGI2000-v7.0-G-15-06875"},"geometry":{"type":"Polygon","coordinates":[[[86.92059,27.69324],[86.92093,27.69385],[86.92136,27.69398],[86.92152,27.69358],[86.92138,27.69284],[86.92093,27.69279],[86.92059,27.69324]]]}},{"type":"Feature","properties":{"lake_id":"GL_28.32195_84.61473","l_km2":0.0078,"z":4039,"typ":"unmatched","d":4822.0,"chg":null,"cls":"not assessed","glof":0,"prov":"Province 1","gnm":"","rgi":"RGI2000-v7.0-G-15-05259"},"geometry":{"type":"Polygon","coordinates":[[[84.61424,28.32198],[84.6147,28.32264],[84.61538,28.32164],[84.6144,28.3215],[84.61424,28.32198]]]}},{"type":"Feature","properties":{"lake_id":"GL_28.37785_84.58021","l_km2":0.0057,"z":4471,"typ":"unmatched","d":2551.0,"chg":1.3,"cls":"not assessed","glof":0,"prov":"Gandaki","gnm":"","rgi":"RGI2000-v7.0-G-15-05183"},"geometry":{"type":"Polygon","coordinates":[[[84.57976,28.37785],[84.58032,28.37828],[84.58062,28.37771],[84.5802,28.37739],[84.57976,28.37785]]]}},{"type":"Feature","properties":{"lake_id":"GL_29.84324_82.48053","l_km2":0.0072,"z":4989,"typ":"unmatched","d":2631.0,"chg":-7.6,"cls":"not assessed","glof":0,"prov":"Gandaki","gnm":"","rgi":"RGI2000-v7.0-G-15-03340"},"geometry":{"type":"Polygon","coordinates":[[[82.47999,29.84289],[82.48033,29.8437],[82.48096,29.8437],[82.48099,29.84331],[82.48059,29.84276],[82.47999,29.84289]]]}},{"type":"Feature","properties":{"lake_id":"GL_29.65083_82.21168","l_km2":0.0152,"z":4515,"typ":"unmatched","d":3106.0,"chg":16.4,"cls":"stable","glof":0,"prov":"Karnali","gnm":"","rgi":"RGI2000-v7.0-G-15-03262"},"geometry":{"type":"Polygon","coordinates":[[[82.21089,29.65088],[82.2111,29.6513],[82.21159,29.65138],[82.21219,29.65127],[82.21264,29.6507],[82.2118,29.6503],[82.21114,29.65027],[82.21089,29.65088]]]}},{"type":"Feature","properties":{"lake_id":"GL_29.65942_82.2769","l_km2":0.0133,"z":4570,"typ":"unconnected glacial lake","d":3477.0,"chg":20.2,"cls":"stable","glof":0,"prov":"Karnali","gnm":"","rgi":"RGI2000-v7.0-G-15-03263"},"geometry":{"type":"Polygon","coordinates":[[[82.27602,29.6598],[82.2766,29.66012],[82.27787,29.65908],[82.27785,29.65879],[82.27696,29.65893],[82.27602,29.6598]]]}},{"type":"Feature","properties":{"lake_id":"GL_29.77302_82.1606","l_km2":0.0091,"z":4376,"typ":"unmatched","d":6834.0,"chg":16.2,"cls":"not assessed","glof":0,"prov":"Karnali","gnm":"","rgi":"RGI2000-v7.0-G-15-03234"},"geometry":{"type":"Polygon","coordinates":[[[82.1596,29.77335],[82.1597,29.77345],[82.16076,29.77334],[82.1614,29.77295],[82.16089,29.7725],[82.1596,29.77335]]]}},{"type":"Feature","properties":{"lake_id":"GL_30.02388_82.2697","l_km2":0.0286,"z":4655,"typ":"proglacial lake","d":1458.0,"chg":5.1,"cls":"stable","glof":0,"prov":"Karnali","gnm":"","rgi":"RGI2000-v7.0-G-15-03163"},"geometry":{"type":"Polygon","coordinates":[[[82.26822,30.02418],[82.26843,30.02468],[82.26874,30.02447],[82.26928,30.02464],[82.26992,30.02451],[82.27076,30.02383],[82.2709,30.023],[82.2705,30.02293],[82.26893,30.02356],[82.26882,30.02394],[82.26822,30.02418]]]}},{"type":"Feature","properties":{"lake_id":"GL_29.51824_82.31003","l_km2":0.0085,"z":4474,"typ":"unmatched","d":10190.0,"chg":-0.5,"cls":"not assessed","glof":0,"prov":"Karnali","gnm":"","rgi":"RGI2000-v7.0-G-15-03527"},"geometry":{"type":"Polygon","coordinates":[[[82.30949,29.51872],[82.30986,29.51897],[82.31013,29.51846],[82.31064,29.51817],[82.31024,29.5175],[82.31003,29.51754],[82.30949,29.51872]]]}},{"type":"Feature","properties":{"lake_id":"GL_29.37184_82.39256","l_km2":0.0073,"z":4240,"typ":"unmatched","d":4137.0,"chg":35.0,"cls":"not assessed","glof":0,"prov":"Karnali","gnm":"","rgi":"RGI2000-v7.0-G-15-03812"},"geometry":{"type":"Polygon","coordinates":[[[82.39207,29.37207],[82.39224,29.37232],[82.39283,29.37221],[82.39291,29.37141],[82.39231,29.37149],[82.39207,29.37207]]]}},{"type":"Feature","properties":{"lake_id":"GL_29.66241_82.25941","l_km2":0.0593,"z":4489,"typ":"unconnected glacial lake","d":2120.0,"chg":-2.1,"cls":"stable","glof":0,"prov":"Karnali","gnm":"","rgi":"RGI2000-v7.0-G-15-03259"},"geometry":{"type":"Polygon","coordinates":[[[82.25718,29.66213],[82.25792,29.66355],[82.25819,29.66338],[82.25816,29.66286],[82.25893,29.66296],[82.25957,29.66276],[82.26108,29.66321],[82.26197,29.66308],[82.2605,29.6615],[82.25947,29.66184],[82.258,29.66153],[82.25776,29.66182],[82.25726,29.66178],[82.25718,29.66213]]]}},{"type":"Feature","properties":{"lake_id":"GL_29.65324_82.36525","l_km2":0.0489,"z":4349,"typ":"unconnected glacial lake","d":2548.0,"chg":13.4,"cls":"expanding","glof":0,"prov":"Karnali","gnm":"","rgi":"RGI2000-v7.0-G-15-03289"},"geometry":{"type":"Polygon","coordinates":[[[82.36318,29.65236],[82.36342,29.65303],[82.36401,29.65358],[82.36614,29.65398],[82.36699,29.65435],[82.36734,29.65422],[82.36714,29.65326],[82.36678,29.653],[82.3653,29.65294],[82.36384,29.652],[82.36344,29.65204],[82.36318,29.65236]]]}},{"type":"Feature","properties":{"lake_id":"GL_27.67224_86.53411","l_km2":0.0111,"z":4427,"typ":"unmatched","d":3499.0,"chg":3.7,"cls":"stable","glof":0,"prov":"Karnali","gnm":"","rgi":"RGI2000-v7.0-G-15-08476"},"geometry":{"type":"Polygon","coordinates":[[[86.53315,27.67198],[86.53388,27.67258],[86.53484,27.67276],[86.53449,27.6718],[86.53315,27.67198]]]}},{"type":"Feature","properties":{"lake_id":"GL_29.35379_82.81286","l_km2":0.0181,"z":4774,"typ":"proglacial lake","d":429.0,"chg":-0.5,"cls":"stable","glof":0,"prov":"Bagmati","gnm":"","rgi":"RGI2000-v7.0-G-15-03733"},"geometry":{"type":"Polygon","coordinates":[[[82.81236,29.35336],[82.81247,29.35448],[82.81244,29.35531],[82.81251,29.35539],[82.81354,29.35334],[82.81345,29.35267],[82.81236,29.35336]]]}},{"type":"Feature","properties":{"lake_id":"GL_29.23066_82.72171","l_km2":0.0097,"z":4963,"typ":"unmatched","d":0.0,"chg":null,"cls":"not assessed","glof":0,"prov":"Karnali","gnm":"","rgi":"RGI2000-v7.0-G-15-03671"},"geometry":{"type":"Polygon","coordinates":[[[82.7206,29.23054],[82.72084,29.23057],[82.72123,29.23053],[82.72141,29.23121],[82.72261,29.23051],[82.7215,29.23025],[82.7206,29.23054]]]}},{"type":"Feature","properties":{"lake_id":"GL_28.74932_83.93093","l_km2":0.0083,"z":5196,"typ":"unmatched","d":504.0,"chg":43.5,"cls":"not assessed","glof":0,"prov":"Karnali","gnm":"","rgi":"RGI2000-v7.0-G-15-04641"},"geometry":{"type":"Polygon","coordinates":[[[83.93025,28.7485],[83.93056,28.74922],[83.93126,28.75027],[83.93155,28.74959],[83.93082,28.74914],[83.93066,28.74846],[83.93025,28.7485]]]}},{"type":"Feature","properties":{"lake_id":"GL_28.6321_84.46995","l_km2":0.0074,"z":3673,"typ":"unmatched","d":246.0,"chg":14.1,"cls":"not assessed","glof":0,"prov":"Gandaki","gnm":"","rgi":"RGI2000-v7.0-G-15-05031"},"geometry":{"type":"Polygon","coordinates":[[[84.46936,28.63203],[84.46984,28.63251],[84.47058,28.63222],[84.47041,28.63185],[84.46963,28.63169],[84.46936,28.63203]]]}},{"type":"Feature","properties":{"lake_id":"GL_28.62011_84.31486","l_km2":0.0157,"z":5038,"typ":"unmatched","d":454.0,"chg":168.0,"cls":"not assessed","glof":0,"prov":"Gandaki","gnm":"","rgi":"RGI2000-v7.0-G-15-05012"},"geometry":{"type":"Polygon","coordinates":[[[84.31391,28.62011],[84.31371,28.62072],[84.31489,28.62052],[84.31623,28.61984],[84.31501,28.61957],[84.31391,28.62011]]]}},{"type":"Feature","properties":{"lake_id":"GL_30.29431_81.60106","l_km2":0.0066,"z":5156,"typ":"unmatched","d":7789.0,"chg":-9.1,"cls":"not assessed","glof":0,"prov":"Gandaki","gnm":"","rgi":"RGI2000-v7.0-G-15-02811"},"geometry":{"type":"Polygon","coordinates":[[[81.60056,30.29421],[81.60077,30.29465],[81.60111,30.29474],[81.60158,30.29433],[81.60104,30.29392],[81.60073,30.29394],[81.60056,30.29421]]]}},{"type":"Feature","properties":{"lake_id":"GL_29.22715_83.7173","l_km2":0.009,"z":5404,"typ":"unmatched","d":7303.0,"chg":6.7,"cls":"not assessed","glof":0,"prov":"Karnali","gnm":"","rgi":"RGI2000-v7.0-G-15-04226"},"geometry":{"type":"Polygon","coordinates":[[[83.71644,29.22683],[83.71664,29.22732],[83.71861,29.22763],[83.71722,29.22674],[83.71644,29.22683]]]}},{"type":"Feature","properties":{"lake_id":"GL_28.02812_86.68648","l_km2":0.0111,"z":5150,"typ":"unmatched","d":201.0,"chg":6.4,"cls":"stable","glof":0,"prov":"Karnali","gnm":"Ngojumba","rgi":"RGI2000-v7.0-G-15-08305"},"geometry":{"type":"Polygon","coordinates":[[[86.68589,28.02854],[86.68607,28.02876],[86.68642,28.02872],[86.68705,28.0282],[86.68707,28.02764],[86.68661,28.0275],[86.68622,28.02768],[86.68589,28.02854]]]}},{"type":"Feature","properties":{"lake_id":"GL_30.3285_81.41748","l_km2":0.0178,"z":5694,"typ":"proglacial lake","d":0.0,"chg":null,"cls":"not assessed","glof":0,"prov":"Gandaki","gnm":"","rgi":"RGI2000-v7.0-G-15-02748"},"geometry":{"type":"Polygon","coordinates":[[[81.41652,30.32803],[81.41661,30.32862],[81.41705,30.32908],[81.41792,30.32876],[81.41853,30.32916],[81.41882,30.32901],[81.41879,30.32873],[81.41827,30.3284],[81.41758,30.32831],[81.41719,30.32752],[81.417,30.3279],[81.41652,30.32803]]]}},{"type":"Feature","properties":{"lake_id":"GL_27.83759_87.92965","l_km2":0.0107,"z":4701,"typ":"unmatched","d":697.0,"chg":37.2,"cls":"not assessed","glof":0,"prov":"Province 1","gnm":"","rgi":"RGI2000-v7.0-G-15-08161"},"geometry":{"type":"Polygon","coordinates":[[[87.92889,27.83701],[87.92944,27.83737],[87.92913,27.83829],[87.92926,27.83815],[87.92929,27.83838],[87.92967,27.83835],[87.92993,27.83793],[87.92987,27.83731],[87.9302,27.83758],[87.93041,27.83706],[87.92889,27.83701]]]}},{"type":"Feature","properties":{"lake_id":"GL_27.67244_87.63717","l_km2":0.0054,"z":4916,"typ":"unmatched","d":1377.0,"chg":-14.3,"cls":"not assessed","glof":0,"prov":"Karnali","gnm":"","rgi":"RGI2000-v7.0-G-15-07454"},"geometry":{"type":"Polygon","coordinates":[[[87.63673,27.67195],[87.63663,27.67233],[87.63709,27.6722],[87.63704,27.67287],[87.63775,27.6728],[87.63725,27.67208],[87.63673,27.67195]]]}},{"type":"Feature","properties":{"lake_id":"GL_27.80427_87.74906","l_km2":0.0044,"z":4683,"typ":"proglacial lake","d":117.0,"chg":-55.9,"cls":"shrinking","glof":0,"prov":"Province 1","gnm":"","rgi":"RGI2000-v7.0-G-15-08216"},"geometry":{"type":"Polygon","coordinates":[[[87.74888,27.80384],[87.74864,27.80451],[87.74899,27.80435],[87.74962,27.80461],[87.74933,27.80407],[87.74888,27.80384]]]}},{"type":"Feature","properties":{"lake_id":"GL_27.95379_86.70097","l_km2":0.0195,"z":4730,"typ":"unmatched","d":0.0,"chg":-47.3,"cls":"shrinking","glof":0,"prov":"Province 1","gnm":"Ngojumba","rgi":"RGI2000-v7.0-G-15-08305"},"geometry":{"type":"Polygon","coordinates":[[[86.69955,27.95363],[86.70026,27.9537],[86.70058,27.95475],[86.70099,27.95488],[86.7016,27.95389],[86.70174,27.95302],[86.70158,27.95248],[86.70146,27.95237],[86.7012,27.95313],[86.70067,27.95354],[86.69955,27.95363]]]}},{"type":"Feature","properties":{"lake_id":"GL_30.34415_81.84503","l_km2":0.0346,"z":5470,"typ":"proglacial lake","d":0.0,"chg":null,"cls":"not assessed","glof":0,"prov":"Province 1","gnm":"","rgi":"RGI2000-v7.0-G-15-03151"},"geometry":{"type":"Polygon","coordinates":[[[81.84423,30.34497],[81.84467,30.34557],[81.84531,30.34545],[81.84566,30.34509],[81.84547,30.34392],[81.84588,30.34325],[81.84539,30.34271],[81.84446,30.34297],[81.84463,30.34356],[81.84423,30.34497]]]}},{"type":"Feature","properties":{"lake_id":"GL_27.76407_86.87687","l_km2":0.0111,"z":5018,"typ":"unmatched","d":231.0,"chg":18.0,"cls":"not assessed","glof":0,"prov":"Province 1","gnm":"","rgi":"RGI2000-v7.0-G-15-06827"},"geometry":{"type":"Polygon","coordinates":[[[86.87631,27.76462],[86.87645,27.76501],[86.87686,27.76427],[86.87738,27.76434],[86.87765,27.76413],[86.87694,27.76358],[86.87688,27.7631],[86.87631,27.76462]]]}},{"type":"Feature","properties":{"lake_id":"GL_27.84695_88.03211","l_km2":0.0668,"z":5123,"typ":"unconnected glacial lake","d":0.0,"chg":null,"cls":"not assessed","glof":0,"prov":"Karnali","gnm":"","rgi":"RGI2000-v7.0-G-15-08157"},"geometry":{"type":"Polygon","coordinates":[[[88.03025,27.8478],[88.0305,27.84806],[88.03141,27.84764],[88.03172,27.848],[88.03191,27.84724],[88.03178,27.84666],[88.03213,27.84641],[88.03279,27.84722],[88.03317,27.84705],[88.03321,27.8468],[88.03327,27.84701],[88.03303,27.84736],[88.03238,27.84763],[88.03213,27.8483],[88.03134,27.84862],[88.03128,27.84885],[88.03324,27.84817],[88.03346,27.84779],[88.03337,27.84737],[88.03376,27.84696],[88.03371,27.84665],[88.03337,27.84671],[88.03308,27.84642],[88.03357,27.84596],[88.03351,27.84492],[88.03321,27.84557],[88.03189,27.84556],[88.03129,27.84582],[88.03043,27.84713],[88.03025,27.8478]]]}},{"type":"Feature","properties":{"lake_id":"GL_28.98401_83.72978","l_km2":0.0045,"z":5567,"typ":"proglacial lake","d":0.0,"chg":null,"cls":"not assessed","glof":0,"prov":"Province 1","gnm":"","rgi":"RGI2000-v7.0-G-15-04163"},"geometry":{"type":"Polygon","coordinates":[[[83.72883,28.98338],[83.72925,28.98397],[83.73077,28.98466],[83.73003,28.98395],[83.72883,28.98338]]]}},{"type":"Feature","properties":{"lake_id":"GL_29.49154_82.37935","l_km2":0.014,"z":4685,"typ":"unmatched","d":4041.0,"chg":null,"cls":"not assessed","glof":0,"prov":"Province 1","gnm":"","rgi":"RGI2000-v7.0-G-15-03527"},"geometry":{"type":"Polygon","coordinates":[[[82.37846,29.49194],[82.37867,29.49237],[82.37923,29.49235],[82.37981,29.49142],[82.38025,29.49005],[82.37948,29.49116],[82.37846,29.49194]]]}},{"type":"Feature","properties":{"lake_id":"GL_27.74802_86.87049","l_km2":0.0647,"z":4872,"typ":"unmatched","d":1142.0,"chg":null,"cls":"not assessed","glof":1,"prov":"Gandaki","gnm":"","rgi":"RGI2000-v7.0-G-15-08376"},"geometry":{"type":"Polygon","coordinates":[[[86.86915,27.74547],[86.86967,27.74641],[86.86957,27.74762],[86.86985,27.74932],[86.87036,27.74991],[86.87078,27.7498],[86.87058,27.75029],[86.87089,27.75072],[86.87097,27.74986],[86.87149,27.74961],[86.87119,27.74673],[86.87071,27.74634],[86.86961,27.74601],[86.86975,27.74511],[86.86915,27.74547]]]}},{"type":"Feature","properties":{"lake_id":"GL_29.62097_83.06859","l_km2":0.0181,"z":5462,"typ":"unmatched","d":1881.0,"chg":null,"cls":"not assessed","glof":0,"prov":"Karnali","gnm":"","rgi":"RGI2000-v7.0-G-15-03420"},"geometry":{"type":"Polygon","coordinates":[[[83.06806,29.62173],[83.06965,29.62109],[83.06911,29.62074],[83.06897,29.62002],[83.06792,29.62078],[83.06772,29.62116],[83.06806,29.62173]]]}},{"type":"Feature","properties":{"lake_id":"GL_27.95213_86.7062","l_km2":0.0191,"z":4727,"typ":"unmatched","d":0.0,"chg":null,"cls":"not assessed","glof":0,"prov":"Province 1","gnm":"Ngojumba","rgi":"RGI2000-v7.0-G-15-08305"},"geometry":{"type":"Polygon","coordinates":[[[86.70487,27.95274],[86.7049,27.95314],[86.70555,27.95319],[86.70559,27.9529],[86.70545,27.95301],[86.70538,27.95292],[86.70565,27.95256],[86.70656,27.95254],[86.70685,27.95216],[86.7071,27.95233],[86.70738,27.95175],[86.70644,27.95187],[86.70661,27.95137],[86.70649,27.95096],[86.70624,27.95095],[86.70616,27.95173],[86.70583,27.95162],[86.70582,27.95205],[86.70534,27.95269],[86.70487,27.95274]]]}},{"type":"Feature","properties":{"lake_id":"GL_28.81901_82.8669","l_km2":0.1729,"z":4424,"typ":"unmatched","d":11839.0,"chg":null,"cls":"not assessed","glof":0,"prov":"","gnm":"","rgi":"RGI2000-v7.0-G-15-04435"},"geometry":{"type":"Polygon","coordinates":[[[82.86396,28.8204],[82.86463,28.82111],[82.86529,28.82134],[82.86639,28.82099],[82.86736,28.82024],[82.86861,28.82001],[82.86977,28.81864],[82.86959,28.81769],[82.86982,28.81705],[82.86945,28.8167],[82.86932,28.81614],[82.8688,28.81728],[82.8684,28.81752],[82.8677,28.81753],[82.86764,28.81773],[82.86758,28.8175],[82.86665,28.81726],[82.86579,28.81745],[82.86427,28.81931],[82.86396,28.8204]]]}},{"type":"Feature","properties":{"lake_id":"GL_28.0617_85.81476","l_km2":0.0102,"z":4334,"typ":"unmatched","d":5125.0,"chg":null,"cls":"not assessed","glof":0,"prov":"Province 1","gnm":"","rgi":"RGI2000-v7.0-G-15-06183"},"geometry":{"type":"Polygon","coordinates":[[[85.81331,28.06212],[85.81349,28.06219],[85.81527,28.06185],[85.81582,28.06139],[85.81558,28.06122],[85.81497,28.06132],[85.81331,28.06212]]]}},{"type":"Feature","properties":{"lake_id":"GL_27.69076_87.01771","l_km2":0.0108,"z":4440,"typ":"unmatched","d":957.0,"chg":null,"cls":"not assessed","glof":0,"prov":"Lumbini","gnm":"","rgi":"RGI2000-v7.0-G-15-06902"},"geometry":{"type":"Polygon","coordinates":[[[87.01667,27.69015],[87.01769,27.69125],[87.01852,27.69111],[87.01832,27.69063],[87.01716,27.69044],[87.01686,27.69005],[87.01667,27.69015]]]}},{"type":"Feature","properties":{"lake_id":"GL_28.75215_83.9286","l_km2":0.0088,"z":5206,"typ":"proglacial lake","d":324.0,"chg":-7.8,"cls":"not assessed","glof":0,"prov":"Bagmati","gnm":"","rgi":"RGI2000-v7.0-G-15-04640"},"geometry":{"type":"Polygon","coordinates":[[[83.92818,28.75268],[83.92833,28.75295],[83.92887,28.75248],[83.92894,28.7514],[83.92852,28.75155],[83.92818,28.75268]]]}},{"type":"Feature","properties":{"lake_id":"GL_27.63217_87.54063","l_km2":0.0145,"z":4779,"typ":"unmatched","d":7783.0,"chg":14.4,"cls":"stable","glof":0,"prov":"Province 1","gnm":"","rgi":"RGI2000-v7.0-G-15-07452"},"geometry":{"type":"Polygon","coordinates":[[[87.5399,27.63189],[87.54001,27.63271],[87.54065,27.63275],[87.54128,27.63228],[87.54164,27.63161],[87.54132,27.63157],[87.54104,27.63192],[87.54105,27.63168],[87.54083,27.63192],[87.54061,27.63183],[87.54071,27.63163],[87.54014,27.63176],[87.5399,27.63189]]]}},{"type":"Feature","properties":{"lake_id":"GL_27.94242_86.71226","l_km2":0.0176,"z":4697,"typ":"supraglacial lake","d":0.0,"chg":151.6,"cls":"not assessed","glof":0,"prov":"Gandaki","gnm":"Ngojumba","rgi":"RGI2000-v7.0-G-15-08305"},"geometry":{"type":"Polygon","coordinates":[[[86.71115,27.9421],[86.71143,27.94243],[86.712,27.94248],[86.71178,27.94291],[86.71214,27.94324],[86.71269,27.94308],[86.71295,27.94324],[86.71326,27.94297],[86.71287,27.94295],[86.71216,27.94243],[86.71298,27.94239],[86.7131,27.94201],[86.7129,27.9418],[86.71225,27.94167],[86.71115,27.9421]]]}},{"type":"Feature","properties":{"lake_id":"GL_29.3793_82.38446","l_km2":0.0159,"z":4398,"typ":"unmatched","d":4777.0,"chg":null,"cls":"not assessed","glof":0,"prov":"Province 1","gnm":"","rgi":"RGI2000-v7.0-G-15-03812"},"geometry":{"type":"Polygon","coordinates":[[[82.38365,29.37889],[82.38396,29.38019],[82.38435,29.3804],[82.38477,29.37922],[82.38546,29.37831],[82.38502,29.37814],[82.38503,29.37857],[82.38462,29.37895],[82.38365,29.37889]]]}},{"type":"Feature","properties":{"lake_id":"GL_28.6619_84.01686","l_km2":0.2594,"z":3511,"typ":"proglacial lake","d":1454.0,"chg":null,"cls":"not assessed","glof":0,"prov":"Province 1","gnm":"","rgi":"RGI2000-v7.0-G-15-04794"},"geometry":{"type":"Polygon","coordinates":[[[84.01403,28.66134],[84.01437,28.66178],[84.01459,28.66174],[84.01459,28.66305],[84.01559,28.665],[84.01633,28.66533],[84.01613,28.66463],[84.01693,28.66472],[84.01859,28.66406],[84.01894,28.6642],[84.01914,28.66492],[84.01735,28.66519],[84.01673,28.6656],[84.01845,28.66509],[84.0197,28.66514],[84.02,28.66486],[84.02009,28.66457],[84.01994,28.66487],[84.01941,28.66493],[84.01942,28.66453],[84.01881,28.66385],[84.01915,28.6638],[84.01958,28.66455],[84.01999,28.66448],[84.01947,28.66403],[84.01965,28.66328],[84.01894,28.66292],[84.01846,28.66233],[84.01853,28.66006],[84.01919,28.6594],[84.01885,28.65904],[84.01782,28.6587],[84.01688,28.65873],[84.01599,28.65902],[84.01513,28.65976],[84.01448,28.65999],[84.01457,28.66139],[84.01427,28.66117],[84.01403,28.66134]]]}},{"type":"Feature","properties":{"lake_id":"GL_27.85862_86.52335","l_km2":0.0139,"z":5574,"typ":"unmatched","d":0.0,"chg":null,"cls":"not assessed","glof":0,"prov":"Karnali","gnm":"","rgi":"RGI2000-v7.0-G-15-08519"},"geometry":{"type":"Polygon","coordinates":[[[86.52255,27.85845],[86.52295,27.85919],[86.52338,27.85923],[86.52417,27.85856],[86.5234,27.85806],[86.52255,27.85845]]]}},{"type":"Feature","properties":{"lake_id":"GL_27.93615_86.71034","l_km2":0.0214,"z":4696,"typ":"supraglacial lake","d":0.0,"chg":null,"cls":"not assessed","glof":0,"prov":"Gandaki","gnm":"Ngojumba","rgi":"RGI2000-v7.0-G-15-08305"},"geometry":{"type":"Polygon","coordinates":[[[86.70911,27.9358],[86.70944,27.93616],[86.70988,27.93609],[86.70962,27.93565],[86.71039,27.93598],[86.71004,27.93697],[86.71037,27.93731],[86.71069,27.93712],[86.71076,27.9367],[86.7111,27.93679],[86.7113,27.93647],[86.71118,27.93591],[86.7099,27.93547],[86.70956,27.93477],[86.70958,27.93556],[86.70933,27.93552],[86.70911,27.9358]]]}},{"type":"Feature","properties":{"lake_id":"GL_29.2086_82.52832","l_km2":0.0217,"z":4591,"typ":"proglacial lake","d":129.0,"chg":null,"cls":"not assessed","glof":0,"prov":"Bagmati","gnm":"","rgi":"RGI2000-v7.0-G-15-03579"},"geometry":{"type":"Polygon","coordinates":[[[82.52719,29.20859],[82.52774,29.20933],[82.52803,29.20929],[82.52828,29.20887],[82.52862,29.20914],[82.52869,29.20872],[82.52898,29.20892],[82.52968,29.2088],[82.52951,29.20815],[82.52848,29.20825],[82.52799,29.20797],[82.52747,29.20819],[82.52719,29.20859]]]}},{"type":"Feature","properties":{"lake_id":"GL_27.59022_87.53201","l_km2":0.0171,"z":4383,"typ":"unmatched","d":11705.0,"chg":null,"cls":"not assessed","glof":0,"prov":"Province 1","gnm":"","rgi":"RGI2000-v7.0-G-15-07452"},"geometry":{"type":"Polygon","coordinates":[[[87.53094,27.59007],[87.53108,27.59048],[87.53206,27.59075],[87.53275,27.59044],[87.53331,27.58986],[87.53148,27.58981],[87.53094,27.59007]]]}},{"type":"Feature","properties":{"lake_id":"GL_27.60297_87.53517","l_km2":0.0148,"z":4366,"typ":"unmatched","d":10370.0,"chg":null,"cls":"not assessed","glof":0,"prov":"Karnali","gnm":"","rgi":"RGI2000-v7.0-G-15-07452"},"geometry":{"type":"Polygon","coordinates":[[[87.53414,27.6025],[87.53447,27.60306],[87.53518,27.60345],[87.53577,27.60352],[87.53627,27.6033],[87.53617,27.60301],[87.53491,27.60248],[87.53437,27.60235],[87.53414,27.6025]]]}},{"type":"Feature","properties":{"lake_id":"GL_27.61858_87.75607","l_km2":0.0297,"z":4391,"typ":"unmatched","d":7975.0,"chg":null,"cls":"not assessed","glof":0,"prov":"Province 1","gnm":"","rgi":"RGI2000-v7.0-G-15-07462"},"geometry":{"type":"Polygon","coordinates":[[[87.75491,27.61855],[87.75571,27.6194],[87.75644,27.61963],[87.75652,27.61907],[87.75714,27.61866],[87.7575,27.61807],[87.75722,27.61821],[87.75694,27.61791],[87.75639,27.61816],[87.75614,27.61777],[87.75539,27.61781],[87.75491,27.61855]]]}},{"type":"Feature","properties":{"lake_id":"GL_27.58758_87.52324","l_km2":0.0069,"z":4465,"typ":"unmatched","d":12489.0,"chg":null,"cls":"not assessed","glof":0,"prov":"Province 1","gnm":"","rgi":"RGI2000-v7.0-G-15-07452"},"geometry":{"type":"Polygon","coordinates":[[[87.52276,27.58745],[87.52264,27.58793],[87.52327,27.58788],[87.52394,27.58755],[87.52335,27.58721],[87.52276,27.58745]]]}},{"type":"Feature","properties":{"lake_id":"GL_27.6455_87.62417","l_km2":0.0659,"z":4436,"typ":"unconnected glacial lake","d":2108.0,"chg":-0.3,"cls":"stable","glof":0,"prov":"Province 1","gnm":"","rgi":"RGI2000-v7.0-G-15-07454"},"geometry":{"type":"Polygon","coordinates":[[[87.62198,27.64541],[87.62218,27.64564],[87.62332,27.64546],[87.62294,27.64694],[87.62414,27.64686],[87.62551,27.6462],[87.62538,27.64511],[87.62556,27.64463],[87.62511,27.64451],[87.6247,27.6437],[87.62319,27.64491],[87.62198,27.64541]]]}},{"type":"Feature","properties":{"lake_id":"GL_28.6419_83.78934","l_km2":0.2059,"z":4060,"typ":"proglacial lake","d":0.0,"chg":77.6,"cls":"expanding","glof":0,"prov":"Province 1","gnm":"","rgi":"RGI2000-v7.0-G-15-04670"},"geometry":{"type":"Polygon","coordinates":[[[83.78424,28.64289],[83.78592,28.64309],[83.78649,28.64288],[83.78752,28.64299],[83.78837,28.64377],[83.79014,28.64415],[83.79071,28.64406],[83.79032,28.64376],[83.79072,28.64361],[83.79063,28.6434],[83.7914,28.64271],[83.79178,28.64184],[83.79236,28.64157],[83.79266,28.64193],[83.79208,28.64226],[83.79289,28.64212],[83.79314,28.64127],[83.79243,28.64108],[83.79265,28.64147],[83.79212,28.64154],[83.79223,28.6411],[83.79195,28.64073],[83.79347,28.64074],[83.79359,28.6405],[83.79227,28.64028],[83.7922,28.6401],[83.79157,28.64025],[83.79099,28.63998],[83.7886,28.64016],[83.78765,28.64093],[83.78659,28.64113],[83.78662,28.64142],[83.7861,28.64213],[83.78616,28.64259],[83.78594,28.64225],[83.78562,28.64242],[83.78498,28.6423],[83.78501,28.64281],[83.78424,28.64289]]]}},{"type":"Feature","properties":{"lake_id":"GL_29.00305_83.71778","l_km2":0.0077,"z":5630,"typ":"unmatched","d":418.0,"chg":null,"cls":"not assessed","glof":0,"prov":"Province 1","gnm":"","rgi":"RGI2000-v7.0-G-15-04164"},"geometry":{"type":"Polygon","coordinates":[[[83.71694,29.00247],[83.71758,29.0034],[83.71837,29.00333],[83.71888,29.00381],[83.71858,29.00324],[83.71794,29.003],[83.71787,29.00268],[83.71694,29.00247]]]}},{"type":"Feature","properties":{"lake_id":"GL_27.79208_86.8442","l_km2":0.0041,"z":5312,"typ":"unmatched","d":675.0,"chg":null,"cls":"not assessed","glof":0,"prov":"Gandaki","gnm":"","rgi":"RGI2000-v7.0-G-15-06815"},"geometry":{"type":"Polygon","coordinates":[[[86.8441,27.79175],[86.84394,27.79251],[86.84438,27.79242],[86.84446,27.79156],[86.8441,27.79175]]]}},{"type":"Feature","properties":{"lake_id":"GL_30.21234_81.75707","l_km2":0.2044,"z":5367,"typ":"proglacial lake","d":0.0,"chg":null,"cls":"not assessed","glof":0,"prov":"Gandaki","gnm":"","rgi":"RGI2000-v7.0-G-15-03141"},"geometry":{"type":"Polygon","coordinates":[[[81.7551,30.21149],[81.75594,30.21515],[81.75659,30.21577],[81.75725,30.21567],[81.75735,30.21527],[81.75817,30.21518],[81.75892,30.21418],[81.75893,30.21241],[81.75827,30.21056],[81.75845,30.20933],[81.758,30.20929],[81.7576,30.20897],[81.75706,30.20903],[81.75664,30.20865],[81.75642,30.21012],[81.75601,30.21039],[81.75561,30.20983],[81.75528,30.21016],[81.7551,30.21149]]]}},{"type":"Feature","properties":{"lake_id":"GL_27.64852_87.56043","l_km2":0.0198,"z":4219,"typ":"unmatched","d":4984.0,"chg":null,"cls":"not assessed","glof":0,"prov":"Province 1","gnm":"","rgi":"RGI2000-v7.0-G-15-07452"},"geometry":{"type":"Polygon","coordinates":[[[87.55934,27.6477],[87.56024,27.6491],[87.56099,27.6491],[87.56154,27.65011],[87.56181,27.65012],[87.56109,27.64872],[87.56056,27.64854],[87.5606,27.64778],[87.55999,27.6475],[87.55934,27.6477]]]}},{"type":"Feature","properties":{"lake_id":"GL_27.97438_86.803","l_km2":0.2863,"z":5170,"typ":"unmatched","d":0.0,"chg":null,"cls":"not assessed","glof":1,"prov":"Karnali","gnm":"Changri Shar/Nup Gl","rgi":"RGI2000-v7.0-G-15-08295"},"geometry":{"type":"Polygon","coordinates":[[[86.79715,27.97342],[86.79719,27.97363],[86.79753,27.97356],[86.79751,27.97416],[86.79786,27.9747],[86.79918,27.97515],[86.80581,27.97594],[86.80678,27.97594],[86.80719,27.9756],[86.80721,27.97591],[86.80759,27.97598],[86.80808,27.97565],[86.80817,27.97592],[86.8089,27.97589],[86.80934,27.97611],[86.80886,27.97639],[86.80957,27.9765],[86.8092,27.97659],[86.80918,27.97706],[86.80965,27.97706],[86.80971,27.97666],[86.81026,27.97616],[86.81002,27.97566],[86.80983,27.97598],[86.80961,27.97578],[86.80918,27.97587],[86.80896,27.97565],[86.80898,27.97515],[86.80778,27.97435],[86.80725,27.97453],[86.80717,27.9743],[86.80676,27.97435],[86.80709,27.97412],[86.80636,27.97408],[86.80666,27.97386],[86.80634,27.97384],[86.80615,27.97345],[86.80538,27.97341],[86.80498,27.97364],[86.80495,27.97323],[86.80422,27.97292],[86.80459,27.97327],[86.80398,27.97353],[86.80359,27.97335],[86.80371,27.97299],[86.80349,27.97314],[86.80217,27.97295],[86.80235,27.97279],[86.80085,27.97265],[86.80057,27.97237],[86.80034,27.97253],[86.8005,27.97225],[86.8003,27.97217],[86.79996,27.97257],[86.79859,27.97264],[86.79715,27.97342]]]}},{"type":"Feature","properties":{"lake_id":"GL_29.7454_81.56426","l_km2":0.0141,"z":5074,"typ":"unmatched","d":0.0,"chg":null,"cls":"not assessed","glof":0,"prov":"Province 1","gnm":"","rgi":"RGI2000-v7.0-G-15-02415"},"geometry":{"type":"Polygon","coordinates":[[[81.56322,29.74582],[81.5637,29.74599],[81.56498,29.74569],[81.56487,29.74473],[81.56454,29.74439],[81.56431,29.74459],[81.56461,29.74483],[81.56454,29.74504],[81.56357,29.74533],[81.56322,29.74582]]]}},{"type":"Feature","properties":{"lake_id":"GL_27.6511_87.51852","l_km2":0.0277,"z":4475,"typ":"unmatched","d":8738.0,"chg":21.5,"cls":"stable","glof":0,"prov":"Province 1","gnm":"","rgi":"RGI2000-v7.0-G-15-07452"},"geometry":{"type":"Polygon","coordinates":[[[87.51755,27.65145],[87.51808,27.65221],[87.51912,27.65195],[87.51923,27.6506],[87.51862,27.64917],[87.51835,27.64937],[87.51872,27.65033],[87.51755,27.65145]]]}},{"type":"Feature","properties":{"lake_id":"GL_27.61239_87.55073","l_km2":0.0234,"z":4528,"typ":"unmatched","d":8590.0,"chg":null,"cls":"not assessed","glof":0,"prov":"Sudurpaschim","gnm":"","rgi":"RGI2000-v7.0-G-15-07452"},"geometry":{"type":"Polygon","coordinates":[[[87.54973,27.61125],[87.54973,27.61139],[87.54998,27.6119],[87.5501,27.61289],[87.55024,27.61309],[87.55087,27.61316],[87.55168,27.61292],[87.5517,27.61245],[87.55119,27.61186],[87.54973,27.61125]]]}},{"type":"Feature","properties":{"lake_id":"GL_30.35206_81.89664","l_km2":0.0115,"z":5688,"typ":"proglacial lake","d":0.0,"chg":null,"cls":"not assessed","glof":0,"prov":"Province 1","gnm":"","rgi":"RGI2000-v7.0-G-15-03159"},"geometry":{"type":"Polygon","coordinates":[[[81.89597,30.35139],[81.89629,30.35251],[81.89721,30.3526],[81.89708,30.35167],[81.89597,30.35139]]]}},{"type":"Feature","properties":{"lake_id":"GL_28.67331_85.12647","l_km2":0.0073,"z":5141,"typ":"unmatched","d":153.0,"chg":-8.5,"cls":"not assessed","glof":0,"prov":"Province 1","gnm":"Wobulong Glacier","rgi":"RGI2000-v7.0-G-15-05474"},"geometry":{"type":"Polygon","coordinates":[[[85.12548,28.67362],[85.12575,28.67367],[85.12645,28.67359],[85.12717,28.67331],[85.12729,28.67305],[85.12629,28.67303],[85.12548,28.67362]]]}},{"type":"Feature","properties":{"lake_id":"GL_30.31349_81.67696","l_km2":0.0059,"z":4760,"typ":"unmatched","d":12153.0,"chg":32.6,"cls":"not assessed","glof":0,"prov":"Karnali","gnm":"","rgi":"RGI2000-v7.0-G-15-03142"},"geometry":{"type":"Polygon","coordinates":[[[81.67659,30.3137],[81.67686,30.31403],[81.6774,30.31328],[81.67673,30.31303],[81.67659,30.3137]]]}},{"type":"Feature","properties":{"lake_id":"GL_30.20165_81.94625","l_km2":0.0042,"z":5287,"typ":"unmatched","d":2349.0,"chg":40.7,"cls":"not assessed","glof":0,"prov":"Gandaki","gnm":"","rgi":"RGI2000-v7.0-G-15-03115"},"geometry":{"type":"Polygon","coordinates":[[[81.94581,30.20125],[81.94601,30.20136],[81.946,30.20192],[81.94631,30.20208],[81.94655,30.20142],[81.94581,30.20125]]]}},{"type":"Feature","properties":{"lake_id":"GL_29.08802_83.62839","l_km2":0.0068,"z":5659,"typ":"unmatched","d":0.0,"chg":null,"cls":"not assessed","glof":0,"prov":"Karnali","gnm":"","rgi":"RGI2000-v7.0-G-15-04180"},"geometry":{"type":"Polygon","coordinates":[[[83.6279,29.08796],[83.62828,29.08844],[83.62892,29.08841],[83.62828,29.08736],[83.6279,29.08796]]]}},{"type":"Feature","properties":{"lake_id":"GL_27.72824_87.59664","l_km2":0.0196,"z":4855,"typ":"unconnected glacial lake","d":835.0,"chg":-4.0,"cls":"stable","glof":0,"prov":"Karnali","gnm":"","rgi":"RGI2000-v7.0-G-15-07461"},"geometry":{"type":"Polygon","coordinates":[[[87.59579,27.72816],[87.59593,27.72858],[87.59694,27.72897],[87.59834,27.72837],[87.59769,27.72841],[87.5969,27.72806],[87.59608,27.72704],[87.59579,27.72816]]]}},{"type":"Feature","properties":{"lake_id":"GL_28.0412_86.70574","l_km2":0.026,"z":5352,"typ":"proglacial lake","d":284.0,"chg":5.5,"cls":"stable","glof":0,"prov":"Gandaki","gnm":"","rgi":"RGI2000-v7.0-G-15-08306"},"geometry":{"type":"Polygon","coordinates":[[[86.70463,28.04139],[86.70488,28.04193],[86.70598,28.04188],[86.70675,28.04107],[86.70665,28.0405],[86.70688,28.04005],[86.70572,28.04068],[86.70496,28.04083],[86.70463,28.04139]]]}},{"type":"Feature","properties":{"lake_id":"GL_27.67198_87.62986","l_km2":0.0086,"z":4862,"typ":"unmatched","d":627.0,"chg":38.7,"cls":"not assessed","glof":1,"prov":"Province 1","gnm":"","rgi":"RGI2000-v7.0-G-15-07454"},"geometry":{"type":"Polygon","coordinates":[[[87.62898,27.67195],[87.62931,27.67222],[87.63022,27.67231],[87.6307,27.672],[87.63056,27.67177],[87.62963,27.67166],[87.62898,27.67195]]]}},{"type":"Feature","properties":{"lake_id":"GL_28.85492_83.4169","l_km2":0.0317,"z":5319,"typ":"proglacial lake","d":367.0,"chg":-14.1,"cls":"shrinking","glof":0,"prov":"Province 1","gnm":"","rgi":"RGI2000-v7.0-G-15-03976"},"geometry":{"type":"Polygon","coordinates":[[[83.41578,28.85342],[83.41666,28.85484],[83.4168,28.85641],[83.41746,28.85696],[83.41759,28.85609],[83.41727,28.85384],[83.41644,28.85351],[83.41628,28.85283],[83.41578,28.85342]]]}},{"type":"Feature","properties":{"lake_id":"GL_29.00586_83.23185","l_km2":0.0138,"z":5357,"typ":"unmatched","d":2425.0,"chg":19.6,"cls":"stable","glof":0,"prov":"Province 1","gnm":"","rgi":"RGI2000-v7.0-G-15-04271"},"geometry":{"type":"Polygon","coordinates":[[[83.23083,29.00484],[83.23166,29.00633],[83.23229,29.00659],[83.2329,29.00654],[83.23235,29.00585],[83.23167,29.00557],[83.23128,29.00464],[83.23083,29.00484]]]}},{"type":"Feature","properties":{"lake_id":"GL_29.12104_83.3073","l_km2":0.0092,"z":5230,"typ":"unmatched","d":401.0,"chg":0.8,"cls":"stable","glof":0,"prov":"Karnali","gnm":"","rgi":"RGI2000-v7.0-G-15-03930"},"geometry":{"type":"Polygon","coordinates":[[[83.30671,29.1204],[83.30688,29.12106],[83.30778,29.12186],[83.30792,29.12158],[83.30762,29.12094],[83.30707,29.12033],[83.30671,29.1204]]]}},{"type":"Feature","properties":{"lake_id":"GL_30.14778_81.71976","l_km2":0.0551,"z":4549,"typ":"unconnected glacial lake","d":4489.0,"chg":7.0,"cls":"stable","glof":0,"prov":"Karnali","gnm":"","rgi":"RGI2000-v7.0-G-15-02845"},"geometry":{"type":"Polygon","coordinates":[[[81.71863,30.14857],[81.71852,30.14998],[81.71927,30.15012],[81.72004,30.14789],[81.72157,30.14668],[81.72179,30.14617],[81.7202,30.14641],[81.71986,30.14607],[81.71924,30.14589],[81.71874,30.14608],[81.71935,30.14629],[81.71962,30.14697],[81.71863,30.14857]]]}},{"type":"Feature","properties":{"lake_id":"GL_30.001_81.06429","l_km2":0.0246,"z":4727,"typ":"ice-marginal lake","d":227.0,"chg":11.7,"cls":"stable","glof":0,"prov":"Karnali","gnm":"","rgi":"RGI2000-v7.0-G-15-02231"},"geometry":{"type":"Polygon","coordinates":[[[81.0631,30.00068],[81.06381,30.00114],[81.06366,30.00134],[81.06414,30.00188],[81.06441,30.00183],[81.06451,30.00145],[81.06466,30.00188],[81.06543,30.00154],[81.06472,30.00042],[81.06414,30.00012],[81.06318,30.00042],[81.0631,30.00068]]]}},{"type":"Feature","properties":{"lake_id":"GL_28.82713_82.67323","l_km2":0.0085,"z":3498,"typ":"unmatched","d":3533.0,"chg":11.6,"cls":"not assessed","glof":0,"prov":"Karnali","gnm":"","rgi":"RGI2000-v7.0-G-15-04438"},"geometry":{"type":"Polygon","coordinates":[[[82.67258,28.82713],[82.67294,28.82763],[82.67407,28.82677],[82.67296,28.82684],[82.67258,28.82713]]]}},{"type":"Feature","properties":{"lake_id":"GL_29.84569_82.46382","l_km2":0.0099,"z":4928,"typ":"proglacial lake","d":1377.0,"chg":null,"cls":"not assessed","glof":0,"prov":"Sudurpaschim","gnm":"","rgi":"RGI2000-v7.0-G-15-03340"},"geometry":{"type":"Polygon","coordinates":[[[82.46327,29.84602],[82.46309,29.84642],[82.46342,29.84635],[82.46395,29.84598],[82.46392,29.84641],[82.46425,29.8465],[82.46407,29.84574],[82.46427,29.84538],[82.46396,29.84495],[82.46352,29.84503],[82.46326,29.84568],[82.46365,29.84566],[82.46378,29.84587],[82.46354,29.84613],[82.46327,29.84602]]]}},{"type":"Feature","properties":{"lake_id":"GL_28.18005_85.69503","l_km2":0.0197,"z":4819,"typ":"unmatched","d":38.0,"chg":null,"cls":"not assessed","glof":0,"prov":"Lumbini","gnm":"","rgi":"RGI2000-v7.0-G-15-05819"},"geometry":{"type":"Polygon","coordinates":[[[85.69416,28.18009],[85.69516,28.18079],[85.69551,28.18081],[85.69565,28.18108],[85.69588,28.18097],[85.69538,28.17978],[85.69549,28.17949],[85.69508,28.17916],[85.69478,28.17912],[85.69435,28.17949],[85.69416,28.18009]]]}},{"type":"Feature","properties":{"lake_id":"GL_28.70743_84.57835","l_km2":0.0052,"z":4746,"typ":"unmatched","d":104.0,"chg":6.4,"cls":"not assessed","glof":0,"prov":"Karnali","gnm":"Tarkya","rgi":"RGI2000-v7.0-G-15-05040"},"geometry":{"type":"Polygon","coordinates":[[[84.57807,28.70724],[84.57803,28.70784],[84.57853,28.70774],[84.57877,28.70698],[84.57807,28.70724]]]}},{"type":"Feature","properties":{"lake_id":"GL_30.3004_81.4954","l_km2":0.0057,"z":5117,"typ":"unmatched","d":3144.0,"chg":7.9,"cls":"not assessed","glof":0,"prov":"Bagmati","gnm":"","rgi":"RGI2000-v7.0-G-15-02808"},"geometry":{"type":"Polygon","coordinates":[[[81.49486,30.30029],[81.49507,30.30059],[81.49598,30.30068],[81.49538,30.30005],[81.495,30.30005],[81.49486,30.30029]]]}},{"type":"Feature","properties":{"lake_id":"GL_28.86985_83.49233","l_km2":0.0048,"z":5533,"typ":"unmatched","d":219.0,"chg":0.3,"cls":"not assessed","glof":0,"prov":"Gandaki","gnm":"","rgi":"RGI2000-v7.0-G-15-03986"},"geometry":{"type":"Polygon","coordinates":[[[83.49178,28.86999],[83.49212,28.87045],[83.49219,28.86996],[83.49258,28.86995],[83.49284,28.86962],[83.49275,28.86934],[83.49224,28.86953],[83.49213,28.86992],[83.49178,28.86999]]]}},{"type":"Feature","properties":{"lake_id":"GL_29.24663_83.46403","l_km2":0.0068,"z":5455,"typ":"unmatched","d":881.0,"chg":-0.7,"cls":"not assessed","glof":0,"prov":"Karnali","gnm":"","rgi":"RGI2000-v7.0-G-15-03922"},"geometry":{"type":"Polygon","coordinates":[[[83.46359,29.24596],[83.46392,29.24702],[83.46458,29.2472],[83.46386,29.24599],[83.46359,29.24596]]]}},{"type":"Feature","properties":{"lake_id":"GL_29.18483_83.51147","l_km2":0.0051,"z":5444,"typ":"unmatched","d":1945.0,"chg":-6.5,"cls":"not assessed","glof":0,"prov":"Karnali","gnm":"","rgi":"RGI2000-v7.0-G-15-03918"},"geometry":{"type":"Polygon","coordinates":[[[83.51092,29.18492],[83.51152,29.18515],[83.51198,29.1848],[83.51138,29.18452],[83.51092,29.18492]]]}},{"type":"Feature","properties":{"lake_id":"GL_27.79917_86.96652","l_km2":0.1903,"z":5382,"typ":"proglacial lake","d":836.0,"chg":-6.0,"cls":"shrinking","glof":1,"prov":"Karnali","gnm":"East Hungu","rgi":"RGI2000-v7.0-G-15-07201"},"geometry":{"type":"Polygon","coordinates":[[[86.96183,27.79839],[86.96213,27.79924],[86.96187,27.79935],[86.96242,27.79935],[86.96246,27.79987],[86.96307,27.80039],[86.96392,27.80025],[86.9641,27.80052],[86.96518,27.80068],[86.9683,27.8002],[86.97054,27.79919],[86.97094,27.79881],[86.97048,27.79787],[86.9695,27.79785],[86.96896,27.79756],[86.96904,27.79722],[86.96587,27.79855],[86.9639,27.79874],[86.96319,27.79862],[86.96209,27.79803],[86.96183,27.79839]]]}},{"type":"Feature","properties":{"lake_id":"GL_27.95082_86.70946","l_km2":0.0029,"z":4706,"typ":"unmatched","d":0.0,"chg":744.1,"cls":"not assessed","glof":0,"prov":"Karnali","gnm":"Ngojumba","rgi":"RGI2000-v7.0-G-15-08305"},"geometry":{"type":"Polygon","coordinates":[[[86.70937,27.95064],[86.70921,27.95129],[86.70982,27.95042],[86.70937,27.95064]]]}},{"type":"Feature","properties":{"lake_id":"GL_27.73687_87.6393","l_km2":0.0079,"z":4950,"typ":"unmatched","d":1074.0,"chg":35.3,"cls":"not assessed","glof":0,"prov":"Province 1","gnm":"","rgi":"RGI2000-v7.0-G-15-07438"},"geometry":{"type":"Polygon","coordinates":[[[87.63893,27.73678],[87.63881,27.73743],[87.63908,27.73745],[87.6396,27.73708],[87.63966,27.73616],[87.63893,27.73678]]]}},{"type":"Feature","properties":{"lake_id":"GL_27.71374_87.75577","l_km2":0.0181,"z":4387,"typ":"unconnected glacial lake","d":3974.0,"chg":-15.5,"cls":"stable","glof":0,"prov":"Province 1","gnm":"","rgi":"RGI2000-v7.0-G-15-07463"},"geometry":{"type":"Polygon","coordinates":[[[87.75438,27.71459],[87.75456,27.71468],[87.75513,27.71453],[87.75581,27.71389],[87.75668,27.71376],[87.75703,27.7135],[87.75695,27.71322],[87.75625,27.71299],[87.75547,27.71332],[87.75522,27.71375],[87.7546,27.71413],[87.7547,27.71444],[87.75438,27.71459]]]}},{"type":"Feature","properties":{"lake_id":"GL_27.78442_86.40105","l_km2":0.0098,"z":4855,"typ":"unmatched","d":748.0,"chg":11.9,"cls":"not assessed","glof":0,"prov":"Province 1","gnm":"","rgi":"RGI2000-v7.0-G-15-08841"},"geometry":{"type":"Polygon","coordinates":[[[86.40019,27.78481],[86.4006,27.78496],[86.40155,27.78453],[86.40172,27.78381],[86.4007,27.78422],[86.40019,27.78481]]]}},{"type":"Feature","properties":{"lake_id":"GL_27.65359_87.8902","l_km2":0.0129,"z":4702,"typ":"unmatched","d":3856.0,"chg":3.4,"cls":"stable","glof":0,"prov":"Province 1","gnm":"","rgi":"RGI2000-v7.0-G-15-08197"},"geometry":{"type":"Polygon","coordinates":[[[87.8895,27.65381],[87.88965,27.65415],[87.89022,27.65415],[87.89082,27.65376],[87.89082,27.65326],[87.89026,27.65292],[87.8895,27.65381]]]}},{"type":"Feature","properties":{"lake_id":"GL_30.00735_81.06436","l_km2":0.007,"z":4894,"typ":"unmatched","d":463.0,"chg":33.0,"cls":"not assessed","glof":0,"prov":"Bagmati","gnm":"","rgi":"RGI2000-v7.0-G-15-02165"},"geometry":{"type":"Polygon","coordinates":[[[81.06388,30.00701],[81.06425,30.00779],[81.06491,30.00743],[81.0647,30.00708],[81.06388,30.00701]]]}},{"type":"Feature","properties":{"lake_id":"GL_30.27653_82.03798","l_km2":0.0053,"z":5227,"typ":"unmatched","d":2776.0,"chg":-0.5,"cls":"not assessed","glof":0,"prov":"Province 1","gnm":"","rgi":"RGI2000-v7.0-G-15-03074"},"geometry":{"type":"Polygon","coordinates":[[[82.03748,30.27661],[82.03779,30.27695],[82.03866,30.27635],[82.03818,30.27619],[82.03748,30.27661]]]}},{"type":"Feature","properties":{"lake_id":"GL_27.79269_88.00065","l_km2":0.0154,"z":5109,"typ":"proglacial lake","d":976.0,"chg":1.5,"cls":"stable","glof":0,"prov":"Sudurpaschim","gnm":"","rgi":"RGI2000-v7.0-G-15-08137"},"geometry":{"type":"Polygon","coordinates":[[[87.99983,27.79263],[87.99987,27.7933],[88.00024,27.79333],[88.00109,27.79302],[88.00169,27.7922],[88.00143,27.79233],[88.00102,27.79206],[87.99983,27.79263]]]}},{"type":"Feature","properties":{"lake_id":"GL_30.38795_81.56529","l_km2":0.0197,"z":5099,"typ":"unmatched","d":9753.0,"chg":5.5,"cls":"stable","glof":0,"prov":"Karnali","gnm":"CN5Z342A0019","rgi":"RGI2000-v7.0-G-14-35863"},"geometry":{"type":"Polygon","coordinates":[[[81.56438,30.38855],[81.56465,30.389],[81.56548,30.38843],[81.56602,30.38787],[81.56614,30.38722],[81.56572,30.38699],[81.56535,30.38708],[81.56438,30.38855]]]}},{"type":"Feature","properties":{"lake_id":"GL_27.87957_86.89247","l_km2":0.0051,"z":5126,"typ":"unmatched","d":30.0,"chg":7.5,"cls":"not assessed","glof":0,"prov":"Province 1","gnm":"Ombigaichain","rgi":"RGI2000-v7.0-G-15-06795"},"geometry":{"type":"Polygon","coordinates":[[[86.89192,27.87944],[86.89262,27.88003],[86.89278,27.88002],[86.8929,27.87953],[86.8927,27.87929],[86.89192,27.87944]]]}},{"type":"Feature","properties":{"lake_id":"GL_28.04035_86.67303","l_km2":0.0234,"z":5225,"typ":"ice-marginal lake","d":215.0,"chg":null,"cls":"not assessed","glof":0,"prov":"Karnali","gnm":"Ngojumba","rgi":"RGI2000-v7.0-G-15-08305"},"geometry":{"type":"Polygon","coordinates":[[[86.67206,28.04043],[86.67252,28.04113],[86.67305,28.04113],[86.67404,28.04043],[86.67416,28.04007],[86.67253,28.03947],[86.67261,28.03972],[86.67206,28.04043]]]}},{"type":"Feature","properties":{"lake_id":"GL_27.7795_86.38329","l_km2":0.027,"z":4832,"typ":"supraglacial lake","d":1248.0,"chg":10.0,"cls":"stable","glof":0,"prov":"Province 1","gnm":"","rgi":"RGI2000-v7.0-G-15-08842"},"geometry":{"type":"Polygon","coordinates":[[[86.38238,27.77941],[86.38307,27.78019],[86.38258,27.7808],[86.38288,27.78107],[86.38425,27.77921],[86.3839,27.77871],[86.38303,27.77853],[86.38238,27.77941]]]}},{"type":"Feature","properties":{"lake_id":"GL_27.95024_86.85531","l_km2":0.01,"z":5420,"typ":"unmatched","d":208.0,"chg":2.2,"cls":"not assessed","glof":0,"prov":"Province 1","gnm":"","rgi":"RGI2000-v7.0-G-15-06745"},"geometry":{"type":"Polygon","coordinates":[[[86.85457,27.9502],[86.85491,27.95068],[86.85566,27.95052],[86.85617,27.95002],[86.85526,27.94986],[86.85457,27.9502]]]}},{"type":"Feature","properties":{"lake_id":"GL_28.18239_85.7042","l_km2":0.0212,"z":4708,"typ":"unmatched","d":416.0,"chg":10.8,"cls":"stable","glof":0,"prov":"Bagmati","gnm":"","rgi":"RGI2000-v7.0-G-15-05830"},"geometry":{"type":"Polygon","coordinates":[[[85.7034,28.18233],[85.70374,28.18276],[85.70377,28.18336],[85.7041,28.18305],[85.70504,28.18285],[85.70517,28.18249],[85.70471,28.18183],[85.70371,28.18151],[85.7034,28.18233]]]}},{"type":"Feature","properties":{"lake_id":"GL_29.85352_82.37665","l_km2":0.034,"z":5014,"typ":"proglacial lake","d":522.0,"chg":55.6,"cls":"expanding","glof":0,"prov":"Province 1","gnm":"","rgi":"RGI2000-v7.0-G-15-03502"},"geometry":{"type":"Polygon","coordinates":[[[82.37547,29.85312],[82.37587,29.85393],[82.37577,29.85413],[82.37667,29.85481],[82.3772,29.85426],[82.37782,29.85262],[82.37699,29.85253],[82.37547,29.85312]]]}},{"type":"Feature","properties":{"lake_id":"GL_29.64788_82.39908","l_km2":0.008,"z":4573,"typ":"unmatched","d":1632.0,"chg":17.1,"cls":"not assessed","glof":0,"prov":"Bagmati","gnm":"","rgi":"RGI2000-v7.0-G-15-03288"},"geometry":{"type":"Polygon","coordinates":[[[82.39841,29.64767],[82.3987,29.64817],[82.39984,29.64817],[82.39934,29.64755],[82.39841,29.64767]]]}},{"type":"Feature","properties":{"lake_id":"GL_30.17338_81.72699","l_km2":0.0348,"z":4981,"typ":"unconnected glacial lake","d":2617.0,"chg":-0.1,"cls":"stable","glof":0,"prov":"Karnali","gnm":"","rgi":"RGI2000-v7.0-G-15-02844"},"geometry":{"type":"Polygon","coordinates":[[[81.72533,30.17261],[81.72636,30.17417],[81.72734,30.17444],[81.72785,30.17416],[81.72763,30.17207],[81.72732,30.17207],[81.72608,30.17323],[81.72579,30.17316],[81.72554,30.17257],[81.72533,30.17261]]]}},{"type":"Feature","properties":{"lake_id":"GL_30.34706_81.88419","l_km2":0.0233,"z":5392,"typ":"unmatched","d":326.0,"chg":218.0,"cls":"not assessed","glof":0,"prov":"Karnali","gnm":"","rgi":"RGI2000-v7.0-G-15-03086"},"geometry":{"type":"Polygon","coordinates":[[[81.88327,30.34621],[81.88334,30.34654],[81.88394,30.34686],[81.88393,30.34713],[81.88335,30.3476],[81.88345,30.34773],[81.88462,30.3479],[81.88549,30.3476],[81.88486,30.34725],[81.88425,30.3461],[81.88367,30.34599],[81.88327,30.34621]]]}},{"type":"Feature","properties":{"lake_id":"GL_29.75452_81.56317","l_km2":0.0135,"z":5164,"typ":"unmatched","d":0.0,"chg":7.8,"cls":"stable","glof":0,"prov":"Karnali","gnm":"","rgi":"RGI2000-v7.0-G-15-02412"},"geometry":{"type":"Polygon","coordinates":[[[81.56234,29.75393],[81.56259,29.7548],[81.56441,29.75504],[81.56333,29.75418],[81.56234,29.75393]]]}},{"type":"Feature","properties":{"lake_id":"GL_30.16712_81.74334","l_km2":0.0056,"z":5069,"typ":"unmatched","d":1474.0,"chg":-11.3,"cls":"not assessed","glof":0,"prov":"Karnali","gnm":"","rgi":"RGI2000-v7.0-G-15-02845"},"geometry":{"type":"Polygon","coordinates":[[[81.74307,30.1668],[81.74305,30.16799],[81.74363,30.16725],[81.74346,30.16655],[81.74307,30.1668]]]}},{"type":"Feature","properties":{"lake_id":"GL_30.18991_81.7855","l_km2":0.0101,"z":5430,"typ":"unmatched","d":0.0,"chg":32.0,"cls":"not assessed","glof":0,"prov":"Sudurpaschim","gnm":"","rgi":"RGI2000-v7.0-G-15-03139"},"geometry":{"type":"Polygon","coordinates":[[[81.78483,30.18923],[81.78546,30.19054],[81.78592,30.19068],[81.78597,30.18971],[81.78541,30.18932],[81.78483,30.18923]]]}},{"type":"Feature","properties":{"lake_id":"GL_30.04609_82.16664","l_km2":0.022,"z":5043,"typ":"proglacial lake","d":0.0,"chg":1.0,"cls":"stable","glof":0,"prov":"Karnali","gnm":"","rgi":"RGI2000-v7.0-G-15-02967"},"geometry":{"type":"Polygon","coordinates":[[[82.16579,30.04527],[82.16608,30.04597],[82.16595,30.04685],[82.16678,30.04694],[82.16729,30.04621],[82.16759,30.04675],[82.16798,30.04664],[82.16661,30.04521],[82.16579,30.04527]]]}},{"type":"Feature","properties":{"lake_id":"GL_30.26796_81.87162","l_km2":0.0839,"z":5413,"typ":"proglacial lake","d":169.0,"chg":29.6,"cls":"expanding","glof":0,"prov":"Karnali","gnm":"","rgi":"RGI2000-v7.0-G-15-03147"},"geometry":{"type":"Polygon","coordinates":[[[81.87033,30.26853],[81.87066,30.26893],[81.87034,30.26981],[81.87062,30.27042],[81.87089,30.27037],[81.87084,30.27005],[81.87049,30.26996],[81.87063,30.26956],[81.87074,30.26976],[81.87132,30.26979],[81.87201,30.27014],[81.87285,30.26828],[81.87234,30.26765],[81.8729,30.26729],[81.87251,30.26583],[81.87219,30.26561],[81.87161,30.26587],[81.87143,30.26564],[81.87116,30.26589],[81.87116,30.26651],[81.87059,30.26746],[81.87033,30.26853]]]}},{"type":"Feature","properties":{"lake_id":"GL_30.31944_81.44367","l_km2":0.1742,"z":5497,"typ":"proglacial lake","d":0.0,"chg":38.0,"cls":"expanding","glof":0,"prov":"Karnali","gnm":"","rgi":"RGI2000-v7.0-G-15-02753"},"geometry":{"type":"Polygon","coordinates":[[[81.44107,30.31869],[81.44151,30.31979],[81.44139,30.31999],[81.44277,30.32049],[81.44329,30.32103],[81.44339,30.3217],[81.44466,30.32238],[81.44531,30.32216],[81.44672,30.32078],[81.44578,30.3201],[81.44472,30.31978],[81.44457,30.31902],[81.44486,30.31846],[81.44427,30.31783],[81.44385,30.31637],[81.44399,30.31548],[81.44366,30.31558],[81.44244,30.31758],[81.44211,30.31732],[81.44192,30.31802],[81.44107,30.31869]]]}},{"type":"Feature","properties":{"lake_id":"GL_29.9932_82.19673","l_km2":0.2828,"z":4364,"typ":"proglacial lake","d":209.0,"chg":8.6,"cls":"expanding","glof":0,"prov":"Karnali","gnm":"","rgi":"RGI2000-v7.0-G-15-04474"},"geometry":{"type":"Polygon","coordinates":[[[82.19245,29.99556],[82.19288,29.99576],[82.19654,29.99455],[82.19803,29.99446],[82.20117,29.99489],[82.20141,29.99488],[82.20168,29.9945],[82.20106,29.99287],[82.20039,29.99215],[82.19815,29.99212],[82.19566,29.99055],[82.19419,29.99028],[82.19398,29.99033],[82.19391,29.99167],[82.19337,29.9936],[82.19245,29.99556]]]}},{"type":"Feature","properties":{"lake_id":"GL_30.3451_81.83019","l_km2":0.0978,"z":5503,"typ":"proglacial lake","d":227.0,"chg":null,"cls":"not assessed","glof":0,"prov":"Karnali","gnm":"","rgi":"RGI2000-v7.0-G-15-03152"},"geometry":{"type":"Polygon","coordinates":[[[81.82884,30.34146],[81.8287,30.34395],[81.82912,30.3457],[81.83078,30.34666],[81.83135,30.34776],[81.83123,30.34846],[81.83192,30.34875],[81.83231,30.34848],[81.8317,30.34705],[81.83178,30.34659],[81.83142,30.34581],[81.83154,30.34538],[81.82954,30.34328],[81.82946,30.34119],[81.82915,30.34117],[81.82884,30.34146]]]}},{"type":"Feature","properties":{"lake_id":"GL_29.85901_82.48324","l_km2":0.0122,"z":4881,"typ":"proglacial lake","d":1857.0,"chg":6.3,"cls":"stable","glof":0,"prov":"Karnali","gnm":"","rgi":"RGI2000-v7.0-G-15-03342"},"geometry":{"type":"Polygon","coordinates":[[[82.48248,29.85862],[82.48334,29.85964],[82.48388,29.85985],[82.48345,29.85859],[82.48277,29.85831],[82.48248,29.85862]]]}},{"type":"Feature","properties":{"lake_id":"GL_29.79789_82.67078","l_km2":0.1608,"z":4649,"typ":"proglacial lake","d":0.0,"chg":null,"cls":"not assessed","glof":0,"prov":"Karnali","gnm":"","rgi":"RGI2000-v7.0-G-15-03447"},"geometry":{"type":"Polygon","coordinates":[[[82.66891,29.79757],[82.6687,29.79981],[82.66939,29.8004],[82.67065,29.80025],[82.67131,29.79981],[82.67292,29.7975],[82.67292,29.79611],[82.6725,29.79591],[82.67214,29.79536],[82.67097,29.79552],[82.6697,29.79648],[82.6694,29.79716],[82.66891,29.79757]]]}},{"type":"Feature","properties":{"lake_id":"GL_29.82142_82.41209","l_km2":0.0116,"z":4980,"typ":"unmatched","d":0.0,"chg":null,"cls":"not assessed","glof":0,"prov":"Karnali","gnm":"","rgi":"RGI2000-v7.0-G-15-03323"},"geometry":{"type":"Polygon","coordinates":[[[82.41162,29.8209],[82.41146,29.82172],[82.41224,29.82245],[82.41217,29.8218],[82.413,29.82092],[82.41162,29.8209]]]}},{"type":"Feature","properties":{"lake_id":"GL_29.86653_82.44089","l_km2":0.0084,"z":5114,"typ":"unmatched","d":572.0,"chg":165.5,"cls":"not assessed","glof":0,"prov":"Karnali","gnm":"","rgi":"RGI2000-v7.0-G-15-03341"},"geometry":{"type":"Polygon","coordinates":[[[82.44032,29.86668],[82.44038,29.86692],[82.44113,29.867],[82.44153,29.86622],[82.44078,29.8661],[82.44032,29.86668]]]}},{"type":"Feature","properties":{"lake_id":"GL_28.99892_83.28661","l_km2":0.0532,"z":5426,"typ":"proglacial lake","d":0.0,"chg":-12.1,"cls":"shrinking","glof":0,"prov":"Karnali","gnm":"","rgi":"RGI2000-v7.0-G-15-03934"},"geometry":{"type":"Polygon","coordinates":[[[83.28425,28.99792],[83.28531,28.99918],[83.28678,28.99993],[83.28937,28.99927],[83.28913,28.99861],[83.28727,28.99897],[83.28552,28.99788],[83.28447,28.99761],[83.28425,28.99792]]]}},{"type":"Feature","properties":{"lake_id":"GL_29.74389_82.6168","l_km2":0.0069,"z":5199,"typ":"proglacial lake","d":401.0,"chg":10.4,"cls":"not assessed","glof":0,"prov":"Karnali","gnm":"","rgi":"RGI2000-v7.0-G-15-03466"},"geometry":{"type":"Polygon","coordinates":[[[82.61622,29.74363],[82.61678,29.74436],[82.61744,29.74401],[82.61671,29.74351],[82.61622,29.74363]]]}},{"type":"Feature","properties":{"lake_id":"GL_29.71768_82.36407","l_km2":0.061,"z":4661,"typ":"unconnected glacial lake","d":224.0,"chg":1.1,"cls":"stable","glof":0,"prov":"Karnali","gnm":"","rgi":"RGI2000-v7.0-G-15-03275"},"geometry":{"type":"Polygon","coordinates":[[[82.36263,29.71696],[82.36394,29.71926],[82.36423,29.71945],[82.36464,29.71934],[82.36493,29.71865],[82.36538,29.71854],[82.36532,29.71742],[82.36452,29.7166],[82.3638,29.71624],[82.36299,29.71631],[82.36263,29.71696]]]}},{"type":"Feature","properties":{"lake_id":"GL_28.67209_83.86369","l_km2":0.0358,"z":4958,"typ":"proglacial lake","d":363.0,"chg":44.9,"cls":"expanding","glof":0,"prov":"Karnali","gnm":"","rgi":"RGI2000-v7.0-G-15-04667"},"geometry":{"type":"Polygon","coordinates":[[[83.86282,28.67103],[83.86288,28.6727],[83.86363,28.67315],[83.86431,28.67309],[83.86484,28.67244],[83.86479,28.67188],[83.86441,28.67151],[83.86323,28.67098],[83.86282,28.67103]]]}},{"type":"Feature","properties":{"lake_id":"GL_30.26464_81.5564","l_km2":0.0177,"z":5290,"typ":"proglacial lake","d":2916.0,"chg":-1.1,"cls":"stable","glof":0,"prov":"Karnali","gnm":"","rgi":"RGI2000-v7.0-G-15-02811"},"geometry":{"type":"Polygon","coordinates":[[[81.5556,30.2647],[81.55615,30.26555],[81.55743,30.26455],[81.55722,30.26416],[81.55682,30.26423],[81.55626,30.26395],[81.5556,30.2647]]]}},{"type":"Feature","properties":{"lake_id":"GL_27.72775_86.56986","l_km2":0.0262,"z":4994,"typ":"proglacial lake","d":96.0,"chg":-1.9,"cls":"stable","glof":0,"prov":"Gandaki","gnm":"","rgi":"RGI2000-v7.0-G-15-08464"},"geometry":{"type":"Polygon","coordinates":[[[86.56926,27.72671],[86.56931,27.72858],[86.56986,27.72877],[86.57047,27.72861],[86.57056,27.72757],[86.57025,27.72688],[86.56926,27.72671]]]}},{"type":"Feature","properties":{"lake_id":"GL_29.10901_83.67593","l_km2":0.0222,"z":5672,"typ":"proglacial lake","d":0.0,"chg":81.4,"cls":"expanding","glof":0,"prov":"Karnali","gnm":"","rgi":"RGI2000-v7.0-G-15-04193"},"geometry":{"type":"Polygon","coordinates":[[[83.67463,29.1086],[83.67597,29.10974],[83.67632,29.10968],[83.67659,29.10989],[83.6769,29.10974],[83.67699,29.10929],[83.67608,29.10835],[83.67546,29.10818],[83.67463,29.1086]]]}},{"type":"Feature","properties":{"lake_id":"GL_28.66374_84.55797","l_km2":0.0129,"z":4734,"typ":"unmatched","d":146.0,"chg":7.3,"cls":"stable","glof":0,"prov":"Province 1","gnm":"","rgi":"RGI2000-v7.0-G-15-05074"},"geometry":{"type":"Polygon","coordinates":[[[84.55683,28.66363],[84.55821,28.66423],[84.5588,28.66415],[84.55878,28.6637],[84.55843,28.66336],[84.55729,28.66335],[84.55683,28.66363]]]}},{"type":"Feature","properties":{"lake_id":"GL_27.69513_86.57161","l_km2":0.0087,"z":4682,"typ":"unmatched","d":1993.0,"chg":23.5,"cls":"not assessed","glof":0,"prov":"Gandaki","gnm":"","rgi":"RGI2000-v7.0-G-15-08468"},"geometry":{"type":"Polygon","coordinates":[[[86.57103,27.6948],[86.57123,27.69559],[86.57184,27.69531],[86.57206,27.69549],[86.57241,27.695],[86.57237,27.69482],[86.57103,27.6948]]]}},{"type":"Feature","properties":{"lake_id":"GL_30.26829_81.43703","l_km2":0.0387,"z":5272,"typ":"proglacial lake","d":0.0,"chg":null,"cls":"not assessed","glof":0,"prov":"Gandaki","gnm":"","rgi":"RGI2000-v7.0-G-15-02796"},"geometry":{"type":"Polygon","coordinates":[[[81.43629,30.26916],[81.43686,30.26987],[81.43776,30.26993],[81.43739,30.26681],[81.43703,30.26631],[81.43633,30.26655],[81.43663,30.26884],[81.43629,30.26916]]]}},{"type":"Feature","properties":{"lake_id":"GL_28.99519_83.1947","l_km2":0.0035,"z":5285,"typ":"unmatched","d":0.0,"chg":null,"cls":"not assessed","glof":0,"prov":"Province 1","gnm":"","rgi":"RGI2000-v7.0-G-15-04273"},"geometry":{"type":"Polygon","coordinates":[[[83.1944,28.99528],[83.19453,28.99559],[83.1948,28.99555],[83.19496,28.99479],[83.19459,28.99486],[83.1944,28.99528]]]}},{"type":"Feature","properties":{"lake_id":"GL_27.66397_87.66583","l_km2":0.0324,"z":4559,"typ":"unmatched","d":4003.0,"chg":null,"cls":"not assessed","glof":0,"prov":"Karnali","gnm":"","rgi":"RGI2000-v7.0-G-15-07462"},"geometry":{"type":"Polygon","coordinates":[[[87.6644,27.66381],[87.66444,27.66417],[87.66499,27.66445],[87.66524,27.66494],[87.66613,27.66492],[87.66649,27.66466],[87.66694,27.66488],[87.667,27.66457],[87.66742,27.66462],[87.66755,27.66433],[87.6673,27.66361],[87.66705,27.66367],[87.66676,27.66445],[87.66641,27.66463],[87.66528,27.66411],[87.66588,27.66313],[87.66656,27.66306],[87.66622,27.66266],[87.66579,27.66264],[87.6644,27.66381]]]}},{"type":"Feature","properties":{"lake_id":"GL_27.64807_87.61213","l_km2":0.0086,"z":4591,"typ":"unmatched","d":2060.0,"chg":20.4,"cls":"not assessed","glof":0,"prov":"Karnali","gnm":"","rgi":"RGI2000-v7.0-G-15-07454"},"geometry":{"type":"Polygon","coordinates":[[[87.61131,27.64834],[87.61145,27.64851],[87.61252,27.64829],[87.61287,27.64783],[87.6126,27.64763],[87.61185,27.64782],[87.61131,27.64834]]]}},{"type":"Feature","properties":{"lake_id":"GL_29.94577_81.61917","l_km2":0.0094,"z":4684,"typ":"unmatched","d":1898.0,"chg":2.2,"cls":"not assessed","glof":0,"prov":"Province 1","gnm":"","rgi":"RGI2000-v7.0-G-15-02454"},"geometry":{"type":"Polygon","coordinates":[[[81.61871,29.94589],[81.61888,29.94625],[81.61927,29.94635],[81.61972,29.94577],[81.61924,29.94521],[81.61889,29.94513],[81.61871,29.94589]]]}},{"type":"Feature","properties":{"lake_id":"GL_27.795_87.11434","l_km2":0.0113,"z":4484,"typ":"unmatched","d":928.0,"chg":0.3,"cls":"stable","glof":0,"prov":"Province 1","gnm":"","rgi":"RGI2000-v7.0-G-15-06918"},"geometry":{"type":"Polygon","coordinates":[[[87.11384,27.79492],[87.11406,27.79562],[87.11457,27.79582],[87.11485,27.79513],[87.11453,27.79466],[87.11479,27.79441],[87.11416,27.79432],[87.11384,27.79492]]]}},{"type":"Feature","properties":{"lake_id":"GL_27.75466_87.65115","l_km2":0.0077,"z":5105,"typ":"unmatched","d":221.0,"chg":8.6,"cls":"not assessed","glof":0,"prov":"Karnali","gnm":"","rgi":"RGI2000-v7.0-G-15-07427"},"geometry":{"type":"Polygon","coordinates":[[[87.65082,27.75386],[87.65099,27.75507],[87.65144,27.75542],[87.65158,27.75458],[87.65082,27.75386]]]}},{"type":"Feature","properties":{"lake_id":"GL_30.1309_81.79234","l_km2":0.0422,"z":5119,"typ":"proglacial lake","d":0.0,"chg":74.1,"cls":"expanding","glof":0,"prov":"Province 1","gnm":"","rgi":"RGI2000-v7.0-G-15-02853"},"geometry":{"type":"Polygon","coordinates":[[[81.79068,30.1309],[81.79158,30.13169],[81.79378,30.13162],[81.79382,30.13106],[81.79298,30.13045],[81.79289,30.12997],[81.79262,30.12978],[81.79173,30.12995],[81.79128,30.13065],[81.79068,30.1309]]]}},{"type":"Feature","properties":{"lake_id":"GL_27.6408_87.83604","l_km2":0.0063,"z":4189,"typ":"unmatched","d":8095.0,"chg":34.6,"cls":"not assessed","glof":0,"prov":"Province 1","gnm":"","rgi":"RGI2000-v7.0-G-15-08197"},"geometry":{"type":"Polygon","coordinates":[[[87.83561,27.64098],[87.83582,27.64134],[87.83628,27.64108],[87.83638,27.64017],[87.83597,27.64035],[87.83561,27.64098]]]}},{"type":"Feature","properties":{"lake_id":"GL_27.71314_86.91243","l_km2":0.0049,"z":5188,"typ":"unmatched","d":0.0,"chg":null,"cls":"not assessed","glof":0,"prov":"Karnali","gnm":"","rgi":"RGI2000-v7.0-G-15-06878"},"geometry":{"type":"Polygon","coordinates":[[[86.91203,27.71298],[86.91232,27.71354],[86.91262,27.71371],[86.9127,27.71275],[86.91203,27.71298]]]}},{"type":"Feature","properties":{"lake_id":"GL_29.66398_82.19323","l_km2":0.0034,"z":4382,"typ":"unmatched","d":3375.0,"chg":11.6,"cls":"not assessed","glof":0,"prov":"Province 1","gnm":"","rgi":"RGI2000-v7.0-G-15-03262"},"geometry":{"type":"Polygon","coordinates":[[[82.19284,29.66386],[82.19315,29.66425],[82.19354,29.66425],[82.19345,29.66362],[82.19284,29.66386]]]}},{"type":"Feature","properties":{"lake_id":"GL_30.186_82.11337","l_km2":0.0043,"z":5104,"typ":"unmatched","d":1339.0,"chg":112.7,"cls":"not assessed","glof":0,"prov":"Province 1","gnm":"","rgi":"RGI2000-v7.0-G-15-03056"},"geometry":{"type":"Polygon","coordinates":[[[82.11306,30.18629],[82.11333,30.18642],[82.11372,30.18616],[82.11338,30.18557],[82.11311,30.18566],[82.11306,30.18629]]]}},{"type":"Feature","properties":{"lake_id":"GL_30.1141_81.88729","l_km2":0.0067,"z":4759,"typ":"unmatched","d":607.0,"chg":175.6,"cls":"not assessed","glof":0,"prov":"Karnali","gnm":"","rgi":"RGI2000-v7.0-G-15-02875"},"geometry":{"type":"Polygon","coordinates":[[[81.88653,30.1143],[81.88778,30.11432],[81.8878,30.11393],[81.88809,30.11385],[81.88705,30.11384],[81.88653,30.1143]]]}},{"type":"Feature","properties":{"lake_id":"GL_30.2394_81.99995","l_km2":0.0042,"z":5085,"typ":"unmatched","d":6068.0,"chg":41.2,"cls":"not assessed","glof":0,"prov":"Karnali","gnm":"","rgi":"RGI2000-v7.0-G-15-03118"},"geometry":{"type":"Polygon","coordinates":[[[81.99956,30.23929],[81.99982,30.23978],[82.00035,30.23939],[82.00008,30.23905],[81.99956,30.23929]]]}},{"type":"Feature","properties":{"lake_id":"GL_29.29193_83.44413","l_km2":0.0146,"z":5488,"typ":"unconnected glacial lake","d":704.0,"chg":-29.9,"cls":"shrinking","glof":0,"prov":"Karnali","gnm":"","rgi":"RGI2000-v7.0-G-15-03924"},"geometry":{"type":"Polygon","coordinates":[[[83.44367,29.29163],[83.44391,29.29299],[83.44418,29.2931],[83.44458,29.29114],[83.44399,29.29103],[83.44367,29.29163]]]}},{"type":"Feature","properties":{"lake_id":"GL_29.09107_83.67458","l_km2":0.0092,"z":5721,"typ":"unmatched","d":417.0,"chg":31.5,"cls":"not assessed","glof":0,"prov":"Karnali","gnm":"","rgi":"RGI2000-v7.0-G-15-04195"},"geometry":{"type":"Polygon","coordinates":[[[83.67362,29.09093],[83.67413,29.09107],[83.67426,29.09141],[83.67537,29.09139],[83.67468,29.09072],[83.67404,29.09069],[83.67362,29.09093]]]}},{"type":"Feature","properties":{"lake_id":"GL_28.59625_84.62854","l_km2":0.2521,"z":3624,"typ":"proglacial lake","d":0.0,"chg":-0.7,"cls":"stable","glof":1,"prov":"Karnali","gnm":"","rgi":"RGI2000-v7.0-G-15-06124"},"geometry":{"type":"Polygon","coordinates":[[[84.62331,28.59527],[84.62349,28.59552],[84.62463,28.59572],[84.6255,28.59675],[84.62627,28.59721],[84.62984,28.59782],[84.63092,28.59774],[84.63249,28.59862],[84.63327,28.59878],[84.63346,28.59864],[84.63316,28.59733],[84.63373,28.59653],[84.63321,28.59605],[84.63019,28.59568],[84.62713,28.59457],[84.62594,28.59461],[84.62487,28.59399],[84.62387,28.59376],[84.62336,28.59391],[84.62331,28.59527]]]}},{"type":"Feature","properties":{"lake_id":"GL_28.65701_84.45802","l_km2":0.0983,"z":4034,"typ":"ice-marginal lake","d":103.0,"chg":-15.9,"cls":"shrinking","glof":0,"prov":"Gandaki","gnm":"","rgi":"RGI2000-v7.0-G-15-05031"},"geometry":{"type":"Polygon","coordinates":[[[84.45639,28.66001],[84.45603,28.66085],[84.45669,28.66021],[84.45799,28.65827],[84.45962,28.65689],[84.45935,28.65371],[84.45879,28.65417],[84.45694,28.65693],[84.4564,28.65876],[84.45639,28.66001]]]}},{"type":"Feature","properties":{"lake_id":"GL_28.26536_85.04587","l_km2":0.0181,"z":4210,"typ":"unmatched","d":4913.0,"chg":null,"cls":"not assessed","glof":0,"prov":"Gandaki","gnm":"","rgi":"RGI2000-v7.0-G-15-05378"},"geometry":{"type":"Polygon","coordinates":[[[85.04476,28.26521],[85.04518,28.26576],[85.04596,28.26579],[85.04667,28.26553],[85.04691,28.26593],[85.0473,28.26586],[85.04682,28.26521],[85.04605,28.26509],[85.04548,28.26466],[85.04476,28.26521]]]}},{"type":"Feature","properties":{"lake_id":"GL_28.48885_84.79834","l_km2":0.0142,"z":4368,"typ":"unmatched","d":906.0,"chg":null,"cls":"not assessed","glof":0,"prov":"Gandaki","gnm":"","rgi":"RGI2000-v7.0-G-15-05141"},"geometry":{"type":"Polygon","coordinates":[[[84.79769,28.48892],[84.79825,28.48971],[84.79884,28.48909],[84.79897,28.4883],[84.79872,28.48811],[84.79826,28.48819],[84.79769,28.48892]]]}},{"type":"Feature","properties":{"lake_id":"GL_28.04935_85.84805","l_km2":0.0089,"z":4253,"typ":"unmatched","d":4313.0,"chg":33.0,"cls":"not assessed","glof":0,"prov":"Bagmati","gnm":"","rgi":"RGI2000-v7.0-G-15-06200"},"geometry":{"type":"Polygon","coordinates":[[[85.84743,28.04898],[85.84769,28.0498],[85.84808,28.0498],[85.84861,28.0494],[85.84876,28.04895],[85.848,28.04911],[85.84743,28.04898]]]}},{"type":"Feature","properties":{"lake_id":"GL_28.04047_85.71708","l_km2":0.0081,"z":4048,"typ":"unmatched","d":9166.0,"chg":17.7,"cls":"not assessed","glof":0,"prov":"Gandaki","gnm":"","rgi":"RGI2000-v7.0-G-15-06149"},"geometry":{"type":"Polygon","coordinates":[[[85.71621,28.0406],[85.71729,28.04082],[85.7177,28.04072],[85.71776,28.04041],[85.71701,28.0401],[85.71621,28.0406]]]}},{"type":"Feature","properties":{"lake_id":"GL_28.01982_86.54912","l_km2":0.0179,"z":5168,"typ":"unmatched","d":0.0,"chg":69.8,"cls":"expanding","glof":0,"prov":"Bagmati","gnm":"Bhote Kosi","rgi":"RGI2000-v7.0-G-15-08551"},"geometry":{"type":"Polygon","coordinates":[[[86.54818,28.02011],[86.54863,28.02043],[86.55028,28.02004],[86.54989,28.0195],[86.5489,28.01921],[86.54853,28.01939],[86.54818,28.02011]]]}},{"type":"Feature","properties":{"lake_id":"GL_27.69276_86.55014","l_km2":0.0125,"z":4702,"typ":"unmatched","d":1341.0,"chg":-25.7,"cls":"stable","glof":0,"prov":"Bagmati","gnm":"","rgi":"RGI2000-v7.0-G-15-08476"},"geometry":{"type":"Polygon","coordinates":[[[86.54935,27.69348],[86.54955,27.69383],[86.55033,27.69313],[86.55071,27.69244],[86.55068,27.69156],[86.54935,27.69348]]]}},{"type":"Feature","properties":{"lake_id":"GL_27.76812_86.62562","l_km2":0.0113,"z":4822,"typ":"unmatched","d":300.0,"chg":112.4,"cls":"not assessed","glof":0,"prov":"Province 1","gnm":"","rgi":"RGI2000-v7.0-G-15-08445"},"geometry":{"type":"Polygon","coordinates":[[[86.62499,27.76848],[86.62536,27.76866],[86.62591,27.76855],[86.62632,27.7679],[86.62587,27.76756],[86.62535,27.76754],[86.62499,27.76848]]]}},{"type":"Feature","properties":{"lake_id":"GL_28.04936_86.58314","l_km2":0.0091,"z":5194,"typ":"unmatched","d":0.0,"chg":null,"cls":"not assessed","glof":0,"prov":"Province 1","gnm":"Bhote Kosi","rgi":"RGI2000-v7.0-G-15-08551"},"geometry":{"type":"Polygon","coordinates":[[[86.58284,28.04892],[86.58255,28.04953],[86.5833,28.04986],[86.58375,28.0495],[86.5832,28.04889],[86.58284,28.04892]]]}},{"type":"Feature","properties":{"lake_id":"GL_27.8734_86.68532","l_km2":0.0204,"z":4911,"typ":"unmatched","d":711.0,"chg":12.7,"cls":"stable","glof":0,"prov":"Province 1","gnm":"","rgi":"RGI2000-v7.0-G-15-06717"},"geometry":{"type":"Polygon","coordinates":[[[86.68457,27.87367],[86.68492,27.87432],[86.68544,27.87405],[86.68575,27.87418],[86.68597,27.87393],[86.68565,27.87228],[86.68506,27.87264],[86.68457,27.87367]]]}},{"type":"Feature","properties":{"lake_id":"GL_27.69584_86.55132","l_km2":0.0058,"z":4801,"typ":"unmatched","d":1196.0,"chg":6.8,"cls":"not assessed","glof":0,"prov":"Province 1","gnm":"","rgi":"RGI2000-v7.0-G-15-08476"},"geometry":{"type":"Polygon","coordinates":[[[86.5506,27.69596],[86.55074,27.69618],[86.55135,27.69611],[86.55183,27.69586],[86.55194,27.69552],[86.55149,27.69548],[86.5506,27.69596]]]}},{"type":"Feature","properties":{"lake_id":"GL_27.69073_86.60575","l_km2":0.0074,"z":4680,"typ":"unmatched","d":2228.0,"chg":null,"cls":"not assessed","glof":0,"prov":"Province 1","gnm":"","rgi":"RGI2000-v7.0-G-15-08455"},"geometry":{"type":"Polygon","coordinates":[[[86.60498,27.69098],[86.60553,27.69124],[86.60591,27.69113],[86.60624,27.69026],[86.60583,27.69013],[86.60555,27.6907],[86.60498,27.69098]]]}},{"type":"Feature","properties":{"lake_id":"GL_27.70823_86.59695","l_km2":0.0088,"z":4542,"typ":"unmatched","d":1592.0,"chg":null,"cls":"not assessed","glof":0,"prov":"Province 1","gnm":"","rgi":"RGI2000-v7.0-G-15-08452"},"geometry":{"type":"Polygon","coordinates":[[[86.59627,27.70827],[86.59662,27.70881],[86.59723,27.70851],[86.59759,27.70813],[86.59749,27.7075],[86.59694,27.70817],[86.59642,27.708],[86.59627,27.70827]]]}},{"type":"Feature","properties":{"lake_id":"GL_27.68462_86.62783","l_km2":0.0064,"z":4539,"typ":"unmatched","d":1808.0,"chg":null,"cls":"not assessed","glof":0,"prov":"Province 1","gnm":"","rgi":"RGI2000-v7.0-G-15-08457"},"geometry":{"type":"Polygon","coordinates":[[[86.62721,27.6846],[86.62786,27.685],[86.62839,27.68467],[86.6282,27.68431],[86.62788,27.68424],[86.62721,27.6846]]]}},{"type":"Feature","properties":{"lake_id":"GL_27.81406_87.33334","l_km2":0.0396,"z":3931,"typ":"unconnected glacial lake","d":11049.0,"chg":null,"cls":"not assessed","glof":0,"prov":"Province 1","gnm":"","rgi":"RGI2000-v7.0-G-15-06968"},"geometry":{"type":"Polygon","coordinates":[[[87.33228,27.81542],[87.33238,27.81584],[87.33414,27.81467],[87.33414,27.81361],[87.33381,27.81284],[87.33438,27.81249],[87.33424,27.81236],[87.33326,27.8126],[87.33276,27.81307],[87.33286,27.81421],[87.3324,27.81482],[87.33254,27.81519],[87.33228,27.81542]]]}},{"type":"Feature","properties":{"lake_id":"GL_27.62932_87.05105","l_km2":0.0134,"z":4169,"typ":"unmatched","d":6618.0,"chg":null,"cls":"not assessed","glof":0,"prov":"Province 1","gnm":"","rgi":"RGI2000-v7.0-G-15-06900"},"geometry":{"type":"Polygon","coordinates":[[[87.05029,27.62906],[87.05123,27.63022],[87.05155,27.63036],[87.05139,27.62877],[87.05076,27.62865],[87.05029,27.62906]]]}},{"type":"Feature","properties":{"lake_id":"GL_29.09544_83.71319","l_km2":0.0192,"z":5642,"typ":"unmatched","d":257.0,"chg":179.6,"cls":"not assessed","glof":0,"prov":"Province 1","gnm":"","rgi":"RGI2000-v7.0-G-15-04196"},"geometry":{"type":"Polygon","coordinates":[[[83.71239,29.09467],[83.71281,29.09493],[83.7125,29.09575],[83.71265,29.09607],[83.71299,29.09626],[83.71373,29.09621],[83.71361,29.09569],[83.7139,29.09489],[83.71257,29.09456],[83.71239,29.09467]]]}},{"type":"Feature","properties":{"lake_id":"GL_29.25697_83.43815","l_km2":0.0073,"z":5316,"typ":"unmatched","d":2953.0,"chg":95.0,"cls":"not assessed","glof":0,"prov":"Province 1","gnm":"","rgi":"RGI2000-v7.0-G-15-03922"},"geometry":{"type":"Polygon","coordinates":[[[83.43815,29.25651],[83.43739,29.25759],[83.43785,29.25725],[83.43871,29.2571],[83.43873,29.25672],[83.43815,29.25651]]]}},{"type":"Feature","properties":{"lake_id":"GL_29.20059_83.5149","l_km2":0.0259,"z":5515,"typ":"proglacial lake","d":736.0,"chg":-11.0,"cls":"stable","glof":0,"prov":"Gandaki","gnm":"","rgi":"RGI2000-v7.0-G-15-03918"},"geometry":{"type":"Polygon","coordinates":[[[83.5139,29.20082],[83.51387,29.20152],[83.51461,29.20151],[83.51569,29.20073],[83.51569,29.19938],[83.51526,29.19944],[83.51449,29.20048],[83.5139,29.20082]]]}},{"type":"Feature","properties":{"lake_id":"GL_28.01242_86.69641","l_km2":0.0148,"z":4936,"typ":"unmatched","d":0.0,"chg":null,"cls":"not assessed","glof":0,"prov":"Karnali","gnm":"Ngojumba","rgi":"RGI2000-v7.0-G-15-08305"},"geometry":{"type":"Polygon","coordinates":[[[86.69546,28.01246],[86.69562,28.01275],[86.69617,28.01293],[86.69702,28.01252],[86.69733,28.01277],[86.69725,28.01209],[86.69686,28.01185],[86.69646,28.01196],[86.69656,28.01206],[86.6957,28.01208],[86.69546,28.01246]]]}},{"type":"Feature","properties":{"lake_id":"GL_27.93185_86.71317","l_km2":0.0061,"z":4688,"typ":"unmatched","d":291.0,"chg":null,"cls":"not assessed","glof":0,"prov":"Karnali","gnm":"Ngojumba","rgi":"RGI2000-v7.0-G-15-08305"},"geometry":{"type":"Polygon","coordinates":[[[86.71303,27.93142],[86.7128,27.9323],[86.71312,27.93239],[86.71357,27.93199],[86.71357,27.93142],[86.71303,27.93142]]]}},{"type":"Feature","properties":{"lake_id":"GL_27.92901_86.85801","l_km2":0.0124,"z":5183,"typ":"unmatched","d":523.0,"chg":7.1,"cls":"stable","glof":0,"prov":"Province 1","gnm":"Nuptse Glacier","rgi":"RGI2000-v7.0-G-15-06755"},"geometry":{"type":"Polygon","coordinates":[[[86.85695,27.92933],[86.85703,27.92966],[86.85734,27.92967],[86.85815,27.92906],[86.85866,27.929],[86.85972,27.92836],[86.85841,27.92875],[86.85775,27.9287],[86.85695,27.92933]]]}},{"type":"Feature","properties":{"lake_id":"GL_27.94941_86.85866","l_km2":0.0094,"z":5419,"typ":"unmatched","d":344.0,"chg":5.1,"cls":"not assessed","glof":0,"prov":"Province 1","gnm":"Nuptse Glacier","rgi":"RGI2000-v7.0-G-15-06755"},"geometry":{"type":"Polygon","coordinates":[[[86.8579,27.94903],[86.85871,27.95009],[86.8594,27.94966],[86.85855,27.94879],[86.8579,27.94903]]]}},{"type":"Feature","properties":{"lake_id":"GL_27.80103_88.10731","l_km2":0.0569,"z":5478,"typ":"proglacial lake","d":109.0,"chg":0.6,"cls":"stable","glof":0,"prov":"Province 1","gnm":"","rgi":"RGI2000-v7.0-G-15-07891"},"geometry":{"type":"Polygon","coordinates":[[[88.10599,27.79978],[88.10641,27.80169],[88.10685,27.80234],[88.1077,27.80241],[88.10863,27.80175],[88.10877,27.80146],[88.10847,27.80057],[88.10805,27.80015],[88.10691,27.79969],[88.10599,27.79978]]]}},{"type":"Feature","properties":{"lake_id":"GL_27.89984_86.90809","l_km2":0.0149,"z":4994,"typ":"proglacial lake","d":356.0,"chg":158.7,"cls":"expanding","glof":0,"prov":"Province 1","gnm":"Lothse Glacier","rgi":"RGI2000-v7.0-G-15-06758"},"geometry":{"type":"Polygon","coordinates":[[[86.90711,27.89951],[86.90802,27.90027],[86.90806,27.90068],[86.90875,27.90043],[86.90853,27.89929],[86.90788,27.89909],[86.90711,27.89951]]]}},{"type":"Feature","properties":{"lake_id":"GL_30.32991_81.96357","l_km2":0.0059,"z":5349,"typ":"unmatched","d":907.0,"chg":13.6,"cls":"not assessed","glof":0,"prov":"Province 1","gnm":"","rgi":"RGI2000-v7.0-G-14-35897"},"geometry":{"type":"Polygon","coordinates":[[[81.96305,30.32953],[81.96354,30.33041],[81.964,30.33027],[81.96372,30.32964],[81.96341,30.32942],[81.96305,30.32953]]]}},{"type":"Feature","properties":{"lake_id":"GL_30.05863_82.13161","l_km2":0.0063,"z":4783,"typ":"unmatched","d":797.0,"chg":-12.9,"cls":"not assessed","glof":0,"prov":"Province 1","gnm":"","rgi":"RGI2000-v7.0-G-15-02955"},"geometry":{"type":"Polygon","coordinates":[[[82.13105,30.05855],[82.13124,30.05898],[82.13198,30.05868],[82.13232,30.05901],[82.13225,30.05857],[82.13146,30.05824],[82.13123,30.05822],[82.13105,30.05855]]]}},{"type":"Feature","properties":{"lake_id":"GL_30.27735_81.51695","l_km2":0.0189,"z":5290,"typ":"proglacial lake","d":741.0,"chg":-12.9,"cls":"stable","glof":0,"prov":"Karnali","gnm":"","rgi":"RGI2000-v7.0-G-15-02811"},"geometry":{"type":"Polygon","coordinates":[[[81.5162,30.27687],[81.51633,30.27793],[81.51712,30.27779],[81.51723,30.27805],[81.51754,30.27804],[81.51779,30.27753],[81.51764,30.27699],[81.51659,30.27656],[81.5162,30.27687]]]}},{"type":"Feature","properties":{"lake_id":"GL_29.8844_82.03377","l_km2":0.0119,"z":4528,"typ":"unmatched","d":3547.0,"chg":-0.6,"cls":"stable","glof":0,"prov":"Karnali","gnm":"","rgi":"RGI2000-v7.0-G-15-04456"},"geometry":{"type":"Polygon","coordinates":[[[82.0329,29.88359],[82.03315,29.884],[82.03303,29.88438],[82.03329,29.8846],[82.03439,29.88516],[82.03501,29.88512],[82.03501,29.88493],[82.03376,29.88454],[82.03368,29.8843],[82.03394,29.88403],[82.03352,29.88362],[82.0329,29.88359]]]}},{"type":"Feature","properties":{"lake_id":"GL_29.9801_81.11255","l_km2":0.0175,"z":5110,"typ":"proglacial lake","d":0.0,"chg":-2.3,"cls":"stable","glof":0,"prov":"Karnali","gnm":"","rgi":"RGI2000-v7.0-G-15-02238"},"geometry":{"type":"Polygon","coordinates":[[[81.11133,29.97954],[81.11248,29.98066],[81.11359,29.98059],[81.11309,29.97978],[81.11175,29.97944],[81.11133,29.97954]]]}},{"type":"Feature","properties":{"lake_id":"GL_29.86352_80.95787","l_km2":0.0112,"z":4807,"typ":"proglacial lake","d":50.0,"chg":-4.3,"cls":"stable","glof":0,"prov":"Karnali","gnm":"","rgi":"RGI2000-v7.0-G-15-02573"},"geometry":{"type":"Polygon","coordinates":[[[80.95691,29.86387],[80.95823,29.86398],[80.95848,29.86363],[80.9584,29.86288],[80.95811,29.86279],[80.95691,29.86387]]]}},{"type":"Feature","properties":{"lake_id":"GL_27.77086_88.01807","l_km2":0.0371,"z":4591,"typ":"unmatched","d":330.0,"chg":null,"cls":"not assessed","glof":0,"prov":"Sudurpaschim","gnm":"","rgi":"RGI2000-v7.0-G-15-07885"},"geometry":{"type":"Polygon","coordinates":[[[88.0157,27.77022],[88.01601,27.77065],[88.01694,27.7703],[88.01759,27.77044],[88.01786,27.77101],[88.0187,27.77155],[88.01904,27.7722],[88.01945,27.7721],[88.01991,27.77163],[88.02062,27.77166],[88.02031,27.7712],[88.0191,27.77111],[88.01862,27.77061],[88.01771,27.77037],[88.01677,27.76974],[88.01583,27.76953],[88.0157,27.77022]]]}},{"type":"Feature","properties":{"lake_id":"GL_30.02097_81.08406","l_km2":0.006,"z":4827,"typ":"unmatched","d":227.0,"chg":6.7,"cls":"not assessed","glof":0,"prov":"Sudurpaschim","gnm":"","rgi":"RGI2000-v7.0-G-15-02231"},"geometry":{"type":"Polygon","coordinates":[[[81.08358,30.02113],[81.08383,30.02148],[81.08417,30.02137],[81.0845,30.02052],[81.08421,30.02047],[81.08358,30.02113]]]}},{"type":"Feature","properties":{"lake_id":"GL_29.22558_83.4574","l_km2":0.0192,"z":5497,"typ":"unconnected glacial lake","d":157.0,"chg":null,"cls":"not assessed","glof":0,"prov":"Province 1","gnm":"","rgi":"RGI2000-v7.0-G-15-03911"},"geometry":{"type":"Polygon","coordinates":[[[83.45622,29.22428],[83.45692,29.22526],[83.45713,29.22618],[83.45773,29.22646],[83.45864,29.22647],[83.45865,29.22624],[83.45697,29.22483],[83.45678,29.22432],[83.45637,29.22428],[83.45631,29.22376],[83.45622,29.22428]]]}},{"type":"Feature","properties":{"lake_id":"GL_29.20893_83.43784","l_km2":0.0052,"z":5376,"typ":"unmatched","d":320.0,"chg":-9.9,"cls":"not assessed","glof":0,"prov":"Sudurpaschim","gnm":"","rgi":"RGI2000-v7.0-G-15-03909"},"geometry":{"type":"Polygon","coordinates":[[[83.43734,29.20893],[83.43795,29.20931],[83.43832,29.2092],[83.43787,29.20847],[83.43734,29.20893]]]}},{"type":"Feature","properties":{"lake_id":"GL_27.91457_86.86802","l_km2":0.0103,"z":4986,"typ":"unmatched","d":0.0,"chg":-6.5,"cls":"stable","glof":0,"prov":"Karnali","gnm":"Nuptse Glacier","rgi":"RGI2000-v7.0-G-15-06755"},"geometry":{"type":"Polygon","coordinates":[[[86.86746,27.91491],[86.86781,27.91524],[86.86839,27.91511],[86.86827,27.91479],[86.8686,27.91439],[86.8685,27.91414],[86.86803,27.91417],[86.86769,27.91379],[86.86781,27.91461],[86.86746,27.91491]]]}},{"type":"Feature","properties":{"lake_id":"GL_27.93645_86.71301","l_km2":0.0076,"z":4692,"typ":"unmatched","d":0.0,"chg":-19.0,"cls":"not assessed","glof":0,"prov":"Karnali","gnm":"Ngojumba","rgi":"RGI2000-v7.0-G-15-08305"},"geometry":{"type":"Polygon","coordinates":[[[86.7122,27.93642],[86.71228,27.93659],[86.71269,27.9365],[86.71307,27.93703],[86.71336,27.93701],[86.7135,27.93662],[86.71311,27.93591],[86.71283,27.93589],[86.71285,27.9362],[86.7122,27.93642]]]}},{"type":"Feature","properties":{"lake_id":"GL_28.02618_86.68206","l_km2":0.1807,"z":5154,"typ":"ice-marginal lake","d":289.0,"chg":31.5,"cls":"expanding","glof":0,"prov":"Province 1","gnm":"Ngojumba","rgi":"RGI2000-v7.0-G-15-08305"},"geometry":{"type":"Polygon","coordinates":[[[86.67925,28.02515],[86.67947,28.02616],[86.68002,28.02615],[86.68052,28.02664],[86.67938,28.02728],[86.68019,28.02802],[86.68054,28.02786],[86.68058,28.02812],[86.68097,28.02808],[86.68074,28.02833],[86.68111,28.02853],[86.68076,28.02916],[86.68088,28.02954],[86.68184,28.0294],[86.68206,28.02964],[86.68227,28.02949],[86.68283,28.03018],[86.68408,28.02971],[86.6843,28.02919],[86.68412,28.02887],[86.68296,28.02919],[86.68223,28.02895],[86.68208,28.02933],[86.68178,28.02931],[86.68164,28.02835],[86.68195,28.02817],[86.68148,28.02812],[86.68131,28.02772],[86.68195,28.02772],[86.68223,28.02844],[86.68237,28.02772],[86.68205,28.02742],[86.68125,28.02741],[86.68085,28.02671],[86.68232,28.02642],[86.68258,28.02687],[86.68337,28.02671],[86.68388,28.02636],[86.68394,28.02601],[86.68449,28.02603],[86.68492,28.02574],[86.68498,28.02529],[86.68439,28.02524],[86.68472,28.02487],[86.68462,28.02462],[86.68261,28.02404],[86.68261,28.02373],[86.68184,28.02277],[86.68127,28.02306],[86.6811,28.02353],[86.68063,28.02353],[86.68041,28.02391],[86.68069,28.02425],[86.68141,28.0242],[86.68071,28.02496],[86.68069,28.0253],[86.68124,28.02548],[86.68154,28.02603],[86.68065,28.02619],[86.68043,28.02552],[86.68004,28.02526],[86.67925,28.02515]]]}},{"type":"Feature","properties":{"lake_id":"GL_30.19634_81.86265","l_km2":0.0132,"z":5157,"typ":"ice-marginal lake","d":294.0,"chg":null,"cls":"not assessed","glof":0,"prov":"Province 1","gnm":"","rgi":"RGI2000-v7.0-G-15-03129"},"geometry":{"type":"Polygon","coordinates":[[[81.86216,30.19712],[81.86233,30.19726],[81.86276,30.19708],[81.86309,30.19663],[81.86317,30.1961],[81.86283,30.19547],[81.86231,30.19569],[81.86216,30.19712]]]}},{"type":"Feature","properties":{"lake_id":"GL_29.94745_81.60365","l_km2":0.0299,"z":4658,"typ":"unconnected glacial lake","d":1187.0,"chg":1.3,"cls":"stable","glof":0,"prov":"Province 1","gnm":"","rgi":"RGI2000-v7.0-G-15-02454"},"geometry":{"type":"Polygon","coordinates":[[[81.60237,29.94748],[81.60295,29.9484],[81.60385,29.94848],[81.60392,29.94774],[81.60489,29.94693],[81.6052,29.94626],[81.6048,29.94613],[81.60413,29.94682],[81.60328,29.94722],[81.60266,29.94715],[81.60237,29.94748]]]}},{"type":"Feature","properties":{"lake_id":"GL_30.29468_81.44806","l_km2":0.0614,"z":4988,"typ":"proglacial lake","d":0.0,"chg":52.5,"cls":"expanding","glof":0,"prov":"Karnali","gnm":"","rgi":"RGI2000-v7.0-G-15-02809"},"geometry":{"type":"Polygon","coordinates":[[[81.4451,30.29334],[81.44574,30.29404],[81.44585,30.29364],[81.44607,30.29359],[81.44718,30.29423],[81.44704,30.29447],[81.44664,30.2945],[81.44658,30.29481],[81.44714,30.29551],[81.44794,30.29593],[81.44887,30.29531],[81.44929,30.29569],[81.44968,30.2955],[81.44999,30.29563],[81.45016,30.29536],[81.45052,30.2957],[81.45133,30.2957],[81.4513,30.29528],[81.45108,30.29525],[81.45099,30.29552],[81.45043,30.29536],[81.4496,30.29441],[81.44874,30.29428],[81.44849,30.29443],[81.4487,30.2941],[81.44889,30.29415],[81.44878,30.29396],[81.44818,30.29412],[81.44845,30.29446],[81.44806,30.29482],[81.44797,30.29446],[81.44737,30.29425],[81.44768,30.29376],[81.44645,30.29348],[81.44576,30.29272],[81.44556,30.2933],[81.4451,30.29334]]]}},{"type":"Feature","properties":{"lake_id":"GL_27.83623_86.95862","l_km2":0.0425,"z":5509,"typ":"proglacial lake","d":0.0,"chg":-0.6,"cls":"stable","glof":0,"prov":"Karnali","gnm":"Hungu and Merala","rgi":"RGI2000-v7.0-G-15-06769"},"geometry":{"type":"Polygon","coordinates":[[[86.95735,27.8358],[86.95729,27.83678],[86.95822,27.83701],[86.95849,27.83737],[86.95905,27.8373],[86.96005,27.83571],[86.95914,27.83522],[86.95775,27.83551],[86.95735,27.8358]]]}},{"type":"Feature","properties":{"lake_id":"GL_27.80361_87.13127","l_km2":0.0092,"z":4594,"typ":"proglacial lake","d":0.0,"chg":null,"cls":"not assessed","glof":1,"prov":"Karnali","gnm":"","rgi":"RGI2000-v7.0-G-15-06962"},"geometry":{"type":"Polygon","coordinates":[[[87.13084,27.80316],[87.1309,27.80395],[87.13155,27.80431],[87.13172,27.80371],[87.13143,27.80301],[87.13084,27.80316]]]}},{"type":"Feature","properties":{"lake_id":"GL_27.72998_87.65458","l_km2":0.0122,"z":4932,"typ":"proglacial lake","d":995.0,"chg":17.3,"cls":"stable","glof":0,"prov":"Province 1","gnm":"","rgi":"RGI2000-v7.0-G-15-07437"},"geometry":{"type":"Polygon","coordinates":[[[87.65388,27.72945],[87.65442,27.73049],[87.65498,27.73058],[87.65518,27.73042],[87.65526,27.73006],[87.65498,27.72974],[87.65443,27.72937],[87.65388,27.72945]]]}},{"type":"Feature","properties":{"lake_id":"GL_27.73129_87.62358","l_km2":0.0522,"z":4977,"typ":"proglacial lake","d":493.0,"chg":2.1,"cls":"stable","glof":0,"prov":"Province 1","gnm":"","rgi":"RGI2000-v7.0-G-15-07458"},"geometry":{"type":"Polygon","coordinates":[[[87.62193,27.73059],[87.62216,27.73117],[87.62352,27.73176],[87.62332,27.73232],[87.62458,27.73269],[87.62547,27.73267],[87.62506,27.73177],[87.62415,27.73141],[87.6239,27.73048],[87.62311,27.72979],[87.62235,27.72991],[87.62193,27.73059]]]}},{"type":"Feature","properties":{"lake_id":"GL_27.78103_87.9457","l_km2":0.0373,"z":4856,"typ":"proglacial lake","d":509.0,"chg":-3.3,"cls":"stable","glof":0,"prov":"Province 1","gnm":"","rgi":"RGI2000-v7.0-G-15-08121"},"geometry":{"type":"Polygon","coordinates":[[[87.944,27.7804],[87.9443,27.78081],[87.94571,27.78169],[87.94702,27.78212],[87.94726,27.78201],[87.94738,27.78154],[87.94594,27.78046],[87.9444,27.7799],[87.944,27.7804]]]}},{"type":"Feature","properties":{"lake_id":"GL_27.79707_88.00783","l_km2":0.0111,"z":5090,"typ":"proglacial lake","d":292.0,"chg":1.8,"cls":"stable","glof":0,"prov":"Province 1","gnm":"","rgi":"RGI2000-v7.0-G-15-08137"},"geometry":{"type":"Polygon","coordinates":[[[88.0073,27.79711],[88.00747,27.79774],[88.00781,27.79777],[88.00838,27.79717],[88.00808,27.79625],[88.0073,27.79711]]]}},{"type":"Feature","properties":{"lake_id":"GL_27.67152_87.51976","l_km2":0.0124,"z":4733,"typ":"unmatched","d":8202.0,"chg":10.4,"cls":"stable","glof":0,"prov":"Province 1","gnm":"","rgi":"RGI2000-v7.0-G-15-07452"},"geometry":{"type":"Polygon","coordinates":[[[87.51884,27.67124],[87.52023,27.67228],[87.52044,27.6722],[87.52063,27.67159],[87.52002,27.67143],[87.51947,27.67085],[87.51908,27.67088],[87.51884,27.67124]]]}},{"type":"Feature","properties":{"lake_id":"GL_27.87302_87.80349","l_km2":0.0063,"z":4945,"typ":"unmatched","d":280.0,"chg":0.1,"cls":"not assessed","glof":0,"prov":"Province 1","gnm":"","rgi":"RGI2000-v7.0-G-15-07497"},"geometry":{"type":"Polygon","coordinates":[[[87.80301,27.87272],[87.80326,27.8734],[87.80391,27.87329],[87.80403,27.87298],[87.80382,27.87281],[87.80331,27.87261],[87.80301,27.87272]]]}},{"type":"Feature","properties":{"lake_id":"GL_27.8064_87.81969","l_km2":0.012,"z":5159,"typ":"unmatched","d":97.0,"chg":4.8,"cls":"stable","glof":0,"prov":"Province 1","gnm":"","rgi":"RGI2000-v7.0-G-15-08213"},"geometry":{"type":"Polygon","coordinates":[[[87.81917,27.80673],[87.81958,27.80716],[87.82027,27.80649],[87.81985,27.80562],[87.81941,27.8059],[87.81917,27.80673]]]}},{"type":"Feature","properties":{"lake_id":"GL_27.7258_88.00963","l_km2":0.0076,"z":5153,"typ":"unmatched","d":0.0,"chg":-8.0,"cls":"not assessed","glof":0,"prov":"Province 1","gnm":"","rgi":"RGI2000-v7.0-G-15-08105"},"geometry":{"type":"Polygon","coordinates":[[[88.00877,27.7256],[88.00996,27.72624],[88.01032,27.72574],[88.00983,27.72549],[88.00877,27.7256]]]}},{"type":"Feature","properties":{"lake_id":"GL_27.76862_87.96875","l_km2":0.0156,"z":5204,"typ":"unmatched","d":478.0,"chg":1.6,"cls":"stable","glof":0,"prov":"Province 1","gnm":"","rgi":"RGI2000-v7.0-G-15-08119"},"geometry":{"type":"Polygon","coordinates":[[[87.96774,27.76796],[87.9685,27.76898],[87.96945,27.76941],[87.96968,27.76932],[87.96896,27.76817],[87.96774,27.76796]]]}},{"type":"Feature","properties":{"lake_id":"GL_27.86932_87.86634","l_km2":0.6614,"z":4910,"typ":"proglacial lake","d":112.0,"chg":-0.3,"cls":"stable","glof":1,"prov":"Province 1","gnm":"","rgi":"RGI2000-v7.0-G-15-07952"},"geometry":{"type":"Polygon","coordinates":[[[87.8596,27.86151],[87.85975,27.86261],[87.86062,27.86344],[87.86144,27.8648],[87.86161,27.86558],[87.86338,27.86844],[87.8666,27.87261],[87.86819,27.87561],[87.86921,27.87634],[87.87029,27.87666],[87.87085,27.87642],[87.87186,27.87497],[87.8711,27.87167],[87.86803,27.86848],[87.86391,27.86334],[87.86329,27.86288],[87.86197,27.86243],[87.86111,27.86143],[87.8598,27.86136],[87.8596,27.86151]]]}},{"type":"Feature","properties":{"lake_id":"GL_30.27349_81.54237","l_km2":0.037,"z":5140,"typ":"proglacial lake","d":1572.0,"chg":5.5,"cls":"stable","glof":0,"prov":"Province 1","gnm":"","rgi":"RGI2000-v7.0-G-15-02811"},"geometry":{"type":"Polygon","coordinates":[[[81.54084,30.27274],[81.54093,30.27345],[81.54166,30.27402],[81.54212,30.27426],[81.54355,30.27438],[81.54361,30.27275],[81.54286,30.27304],[81.54246,30.2727],[81.54226,30.27292],[81.54176,30.27281],[81.54142,30.27301],[81.54128,30.27269],[81.54084,30.27274]]]}},{"type":"Feature","properties":{"lake_id":"GL_30.31646_81.44715","l_km2":0.0522,"z":5477,"typ":"proglacial lake","d":165.0,"chg":4.4,"cls":"stable","glof":0,"prov":"Province 1","gnm":"","rgi":"RGI2000-v7.0-G-15-02753"},"geometry":{"type":"Polygon","coordinates":[[[81.44599,30.31634],[81.44674,30.31679],[81.44689,30.31833],[81.44733,30.31838],[81.44854,30.31751],[81.44829,30.31709],[81.44714,30.31656],[81.44689,30.31618],[81.44767,30.31583],[81.44804,30.31462],[81.44617,30.31501],[81.44599,30.31634]]]}},{"type":"Feature","properties":{"lake_id":"GL_30.22833_81.41385","l_km2":0.0111,"z":5104,"typ":"unmatched","d":187.0,"chg":0.0,"cls":"stable","glof":0,"prov":"Karnali","gnm":"","rgi":"RGI2000-v7.0-G-15-02793"},"geometry":{"type":"Polygon","coordinates":[[[81.41309,30.22829],[81.41332,30.22896],[81.41359,30.22894],[81.41485,30.22772],[81.41309,30.22829]]]}},{"type":"Feature","properties":{"lake_id":"GL_30.27129_81.53486","l_km2":0.047,"z":5205,"typ":"proglacial lake","d":836.0,"chg":3.4,"cls":"stable","glof":0,"prov":"Karnali","gnm":"","rgi":"RGI2000-v7.0-G-15-02811"},"geometry":{"type":"Polygon","coordinates":[[[81.53333,30.27135],[81.53433,30.27218],[81.53516,30.27248],[81.53604,30.27217],[81.53595,30.27098],[81.53519,30.26997],[81.53415,30.27042],[81.53333,30.27135]]]}},{"type":"Feature","properties":{"lake_id":"GL_27.95344_86.56577","l_km2":0.0586,"z":4861,"typ":"supraglacial lake","d":0.0,"chg":19.9,"cls":"expanding","glof":0,"prov":"Karnali","gnm":"Chhule","rgi":"RGI2000-v7.0-G-15-06439"},"geometry":{"type":"Polygon","coordinates":[[[86.56444,27.95302],[86.56448,27.95377],[86.56535,27.95419],[86.56551,27.95486],[86.56602,27.95506],[86.56669,27.95494],[86.56684,27.9531],[86.5665,27.95208],[86.56495,27.95213],[86.56491,27.95267],[86.56444,27.95302]]]}},{"type":"Feature","properties":{"lake_id":"GL_28.02809_86.68473","l_km2":0.021,"z":5154,"typ":"unmatched","d":277.0,"chg":2.7,"cls":"stable","glof":0,"prov":"Karnali","gnm":"Ngojumba","rgi":"RGI2000-v7.0-G-15-08305"},"geometry":{"type":"Polygon","coordinates":[[[86.68394,28.02782],[86.68436,28.02877],[86.68542,28.02874],[86.68549,28.02816],[86.6852,28.02747],[86.68453,28.02718],[86.68394,28.02782]]]}},{"type":"Feature","properties":{"lake_id":"GL_27.85969_86.92711","l_km2":0.034,"z":5468,"typ":"proglacial lake","d":472.0,"chg":13.9,"cls":"stable","glof":0,"prov":"Province 1","gnm":"","rgi":"RGI2000-v7.0-G-15-06772"},"geometry":{"type":"Polygon","coordinates":[[[86.92601,27.85998],[86.92615,27.86036],[86.92701,27.86076],[86.92731,27.86029],[86.92796,27.86043],[86.92796,27.86076],[86.92827,27.86056],[86.92829,27.85996],[86.92768,27.85937],[86.92764,27.8587],[86.92628,27.85877],[86.92614,27.85928],[86.92664,27.85955],[86.92601,27.85998]]]}},{"type":"Feature","properties":{"lake_id":"GL_28.00581_86.68225","l_km2":0.1627,"z":4943,"typ":"ice-marginal lake","d":443.0,"chg":-8.7,"cls":"shrinking","glof":0,"prov":"Province 1","gnm":"Ngojumba","rgi":"RGI2000-v7.0-G-15-08305"},"geometry":{"type":"Polygon","coordinates":[[[86.67989,28.00537],[86.68036,28.00638],[86.68191,28.00701],[86.68203,28.00759],[86.68151,28.0082],[86.68167,28.00873],[86.68459,28.00774],[86.68459,28.00677],[86.68319,28.00539],[86.68335,28.00483],[86.68314,28.00286],[86.68279,28.00297],[86.68295,28.00355],[86.68277,28.00368],[86.6825,28.00337],[86.68253,28.00266],[86.68155,28.00311],[86.68002,28.00493],[86.67989,28.00537]]]}},{"type":"Feature","properties":{"lake_id":"GL_27.97782_86.5497","l_km2":0.0242,"z":5068,"typ":"ice-marginal lake","d":474.0,"chg":5.1,"cls":"stable","glof":0,"prov":"Province 1","gnm":"Melung","rgi":"RGI2000-v7.0-G-15-08547"},"geometry":{"type":"Polygon","coordinates":[[[86.5477,27.97912],[86.54774,27.9793],[86.54857,27.97954],[86.54925,27.97851],[86.55149,27.97652],[86.55148,27.9763],[86.5505,27.97637],[86.54897,27.97857],[86.5477,27.97912]]]}},{"type":"Feature","properties":{"lake_id":"GL_27.98095_86.60966","l_km2":0.027,"z":4787,"typ":"supraglacial lake","d":0.0,"chg":-22.3,"cls":"shrinking","glof":0,"prov":"Province 1","gnm":"Bhote Kosi","rgi":"RGI2000-v7.0-G-15-08551"},"geometry":{"type":"Polygon","coordinates":[[[86.60899,27.98036],[86.60903,27.98191],[86.60939,27.98234],[86.60937,27.98198],[86.61019,27.9818],[86.61022,27.97948],[86.60983,27.9796],[86.60977,27.98003],[86.60899,27.98036]]]}},{"type":"Feature","properties":{"lake_id":"GL_27.88372_86.89168","l_km2":0.0142,"z":5037,"typ":"proglacial lake","d":67.0,"chg":-8.0,"cls":"stable","glof":0,"prov":"Province 1","gnm":"Ombigaichain","rgi":"RGI2000-v7.0-G-15-06795"},"geometry":{"type":"Polygon","coordinates":[[[86.8909,27.88348],[86.89153,27.88444],[86.89208,27.88426],[86.89239,27.8839],[86.89206,27.88318],[86.89111,27.88321],[86.8909,27.88348]]]}},{"type":"Feature","properties":{"lake_id":"GL_27.95329_86.76909","l_km2":0.0075,"z":5042,"typ":"unmatched","d":1072.0,"chg":13.6,"cls":"not assessed","glof":0,"prov":"Province 1","gnm":"","rgi":"RGI2000-v7.0-G-15-06730"},"geometry":{"type":"Polygon","coordinates":[[[86.7687,27.95302],[86.76876,27.95371],[86.76939,27.95371],[86.76937,27.95293],[86.76902,27.95275],[86.7687,27.95302]]]}},{"type":"Feature","properties":{"lake_id":"GL_28.00917_86.55994","l_km2":0.006,"z":5206,"typ":"unmatched","d":0.0,"chg":-1.5,"cls":"not assessed","glof":0,"prov":"Province 1","gnm":"","rgi":"RGI2000-v7.0-G-15-08545"},"geometry":{"type":"Polygon","coordinates":[[[86.55944,28.00897],[86.55956,28.00944],[86.56043,28.00944],[86.56015,28.00879],[86.55944,28.00897]]]}},{"type":"Feature","properties":{"lake_id":"GL_27.92399_86.46941","l_km2":0.0229,"z":5385,"typ":"unmatched","d":0.0,"chg":-4.3,"cls":"stable","glof":0,"prov":"Province 1","gnm":"","rgi":"RGI2000-v7.0-G-15-06433"},"geometry":{"type":"Polygon","coordinates":[[[86.46831,27.92402],[86.46843,27.92439],[86.46886,27.92457],[86.4704,27.92456],[86.46984,27.92313],[86.46919,27.92322],[86.46831,27.92402]]]}},{"type":"Feature","properties":{"lake_id":"GL_27.95155_86.77795","l_km2":0.0363,"z":5003,"typ":"proglacial lake","d":900.0,"chg":2.2,"cls":"stable","glof":1,"prov":"Province 1","gnm":"","rgi":"RGI2000-v7.0-G-15-06741"},"geometry":{"type":"Polygon","coordinates":[[[86.77684,27.95125],[86.7772,27.95237],[86.7784,27.95257],[86.77882,27.95228],[86.77869,27.95185],[86.77901,27.951],[86.77879,27.95068],[86.77755,27.95071],[86.77684,27.95125]]]}},{"type":"Feature","properties":{"lake_id":"GL_27.99336_86.60222","l_km2":0.0093,"z":4846,"typ":"unmatched","d":0.0,"chg":527.2,"cls":"not assessed","glof":0,"prov":"Bagmati","gnm":"Bhote Kosi","rgi":"RGI2000-v7.0-G-15-08551"},"geometry":{"type":"Polygon","coordinates":[[[86.60238,27.99274],[86.60156,27.99388],[86.60217,27.99393],[86.60252,27.99379],[86.60258,27.99309],[86.60299,27.99265],[86.60238,27.99274]]]}},{"type":"Feature","properties":{"lake_id":"GL_27.83547_86.48265","l_km2":0.0289,"z":4839,"typ":"proglacial lake","d":276.0,"chg":5.2,"cls":"stable","glof":0,"prov":"Province 1","gnm":"","rgi":"RGI2000-v7.0-G-15-08492"},"geometry":{"type":"Polygon","coordinates":[[[86.48146,27.83492],[86.48158,27.83539],[86.48216,27.83584],[86.48263,27.83666],[86.48302,27.83605],[86.48399,27.83636],[86.48258,27.83419],[86.48245,27.83487],[86.48146,27.83492]]]}},{"type":"Feature","properties":{"lake_id":"GL_28.03606_86.61002","l_km2":0.0158,"z":5323,"typ":"unmatched","d":264.0,"chg":0.1,"cls":"stable","glof":0,"prov":"Province 1","gnm":"","rgi":"RGI2000-v7.0-G-15-06673"},"geometry":{"type":"Polygon","coordinates":[[[86.60934,28.03638],[86.60981,28.03687],[86.61038,28.03667],[86.61044,28.03571],[86.61071,28.03552],[86.61048,28.03514],[86.60985,28.03537],[86.60934,28.03638]]]}},{"type":"Feature","properties":{"lake_id":"GL_27.77698_86.39178","l_km2":0.018,"z":4826,"typ":"supraglacial lake","d":466.0,"chg":8.6,"cls":"stable","glof":0,"prov":"Bagmati","gnm":"","rgi":"RGI2000-v7.0-G-15-08842"},"geometry":{"type":"Polygon","coordinates":[[[86.39081,27.77757],[86.39203,27.77749],[86.39266,27.77693],[86.39271,27.77648],[86.39157,27.7764],[86.39128,27.77656],[86.39081,27.77757]]]}},{"type":"Feature","properties":{"lake_id":"GL_27.9899_86.58864","l_km2":0.0251,"z":5242,"typ":"unconnected glacial lake","d":858.0,"chg":1.3,"cls":"stable","glof":0,"prov":"Province 1","gnm":"","rgi":"RGI2000-v7.0-G-15-08544"},"geometry":{"type":"Polygon","coordinates":[[[86.5873,27.98972],[86.58799,27.9905],[86.58859,27.9907],[86.58986,27.98982],[86.58996,27.98953],[86.58974,27.98926],[86.58905,27.98926],[86.5884,27.98959],[86.58772,27.98948],[86.5873,27.98972]]]}},{"type":"Feature","properties":{"lake_id":"GL_27.93811_86.84767","l_km2":0.0079,"z":5348,"typ":"unmatched","d":625.0,"chg":6.7,"cls":"not assessed","glof":0,"prov":"Bagmati","gnm":"","rgi":"RGI2000-v7.0-G-15-06743"},"geometry":{"type":"Polygon","coordinates":[[[86.847,27.938],[86.84734,27.93849],[86.84842,27.93811],[86.84824,27.93786],[86.84765,27.93777],[86.847,27.938]]]}},{"type":"Feature","properties":{"lake_id":"GL_27.99632_86.66385","l_km2":0.0223,"z":5262,"typ":"proglacial lake","d":406.0,"chg":0.1,"cls":"stable","glof":0,"prov":"Province 1","gnm":"","rgi":"RGI2000-v7.0-G-15-06685"},"geometry":{"type":"Polygon","coordinates":[[[86.66312,27.9968],[86.66314,27.9972],[86.66357,27.99746],[86.66414,27.99695],[86.66448,27.99634],[86.66435,27.99507],[86.66384,27.99527],[86.66312,27.9968]]]}},{"type":"Feature","properties":{"lake_id":"GL_28.01956_86.73346","l_km2":0.0337,"z":5214,"typ":"proglacial lake","d":2.0,"chg":1.1,"cls":"stable","glof":0,"prov":"Province 1","gnm":"Ngojumba","rgi":"RGI2000-v7.0-G-15-08305"},"geometry":{"type":"Polygon","coordinates":[[[86.73169,28.01907],[86.73226,28.02019],[86.73261,28.02039],[86.73509,28.01955],[86.73505,28.01901],[86.73468,28.01873],[86.7332,28.01933],[86.73169,28.01907]]]}},{"type":"Feature","properties":{"lake_id":"GL_27.911_86.9011","l_km2":0.053,"z":4984,"typ":"unmatched","d":0.0,"chg":146.6,"cls":"expanding","glof":2,"prov":"Province 1","gnm":"Lothse Glacier","rgi":"RGI2000-v7.0-G-15-06758"},"geometry":{"type":"Polygon","coordinates":[[[86.89966,27.91059],[86.8999,27.91127],[86.90057,27.91177],[86.90177,27.91247],[86.9022,27.91223],[86.90244,27.91115],[86.90136,27.90991],[86.89992,27.90988],[86.89966,27.91059]]]}},{"type":"Feature","properties":{"lake_id":"GL_27.857_86.9378","l_km2":0.2146,"z":5466,"typ":"proglacial lake","d":257.0,"chg":0.3,"cls":"stable","glof":0,"prov":"Province 1","gnm":"","rgi":"RGI2000-v7.0-G-15-06771"},"geometry":{"type":"Polygon","coordinates":[[[86.9359,27.85925],[86.93629,27.86013],[86.938,27.86004],[86.93926,27.8589],[86.93942,27.85827],[86.94007,27.85771],[86.93954,27.85685],[86.93971,27.85535],[86.93957,27.85446],[86.9392,27.85417],[86.93778,27.8543],[86.93743,27.85405],[86.93717,27.85423],[86.93715,27.85392],[86.93686,27.85383],[86.93689,27.85405],[86.93609,27.8545],[86.93599,27.85504],[86.93625,27.85576],[86.93597,27.85675],[86.93637,27.85793],[86.9359,27.85925]]]}},{"type":"Feature","properties":{"lake_id":"GL_27.75993_86.86365","l_km2":0.0675,"z":5129,"typ":"proglacial lake","d":567.0,"chg":0.6,"cls":"stable","glof":0,"prov":"Province 1","gnm":"","rgi":"RGI2000-v7.0-G-15-08374"},"geometry":{"type":"Polygon","coordinates":[[[86.86158,27.75953],[86.86373,27.76101],[86.86454,27.76132],[86.8655,27.76128],[86.86531,27.76014],[86.86398,27.75884],[86.86274,27.75855],[86.86219,27.75875],[86.86195,27.75933],[86.86158,27.75953]]]}},{"type":"Feature","properties":{"lake_id":"GL_27.97694_86.60775","l_km2":0.0287,"z":4787,"typ":"supraglacial lake","d":13.0,"chg":27.6,"cls":"expanding","glof":0,"prov":"Province 1","gnm":"Bhote Kosi","rgi":"RGI2000-v7.0-G-15-08551"},"geometry":{"type":"Polygon","coordinates":[[[86.60683,27.97603],[86.60731,27.97811],[86.60821,27.97784],[86.60869,27.97853],[86.60896,27.97857],[86.60821,27.97763],[86.60827,27.97725],[86.60866,27.97705],[86.60832,27.97622],[86.60759,27.97587],[86.60683,27.97603]]]}},{"type":"Feature","properties":{"lake_id":"GL_27.8209_86.91056","l_km2":0.0247,"z":5452,"typ":"proglacial lake","d":98.0,"chg":1.0,"cls":"stable","glof":0,"prov":"Province 1","gnm":"","rgi":"RGI2000-v7.0-G-15-06803"},"geometry":{"type":"Polygon","coordinates":[[[86.90973,27.82179],[86.9105,27.82195],[86.91103,27.8217],[86.91126,27.82133],[86.91099,27.82077],[86.91128,27.81994],[86.91115,27.81967],[86.91042,27.81998],[86.90991,27.82067],[86.90979,27.82117],[86.91008,27.82153],[86.90973,27.82179]]]}},{"type":"Feature","properties":{"lake_id":"GL_27.8234_86.57096","l_km2":0.0436,"z":4773,"typ":"proglacial lake","d":124.0,"chg":6.2,"cls":"stable","glof":0,"prov":"Province 1","gnm":"Thyangbo","rgi":"RGI2000-v7.0-G-15-08418"},"geometry":{"type":"Polygon","coordinates":[[[86.56911,27.82235],[86.56921,27.82269],[86.57123,27.82427],[86.57231,27.82476],[86.57289,27.82462],[86.57106,27.82265],[86.56949,27.82206],[86.56911,27.82235]]]}},{"type":"Feature","properties":{"lake_id":"GL_28.03471_86.67107","l_km2":0.0128,"z":5397,"typ":"proglacial lake","d":301.0,"chg":-6.4,"cls":"stable","glof":0,"prov":"Province 1","gnm":"","rgi":"RGI2000-v7.0-G-15-06682"},"geometry":{"type":"Polygon","coordinates":[[[86.67014,28.03506],[86.6703,28.03531],[86.67086,28.03531],[86.67171,28.03474],[86.67196,28.03427],[86.67141,28.03409],[86.67014,28.03506]]]}},{"type":"Feature","properties":{"lake_id":"GL_27.84808_86.85797","l_km2":0.0129,"z":5331,"typ":"unmatched","d":281.0,"chg":-1.8,"cls":"stable","glof":0,"prov":"Province 1","gnm":"","rgi":"RGI2000-v7.0-G-15-06792"},"geometry":{"type":"Polygon","coordinates":[[[86.85712,27.8479],[86.85744,27.84835],[86.8586,27.8487],[86.8585,27.84778],[86.85785,27.84774],[86.85746,27.84738],[86.85712,27.8479]]]}},{"type":"Feature","properties":{"lake_id":"GL_27.75888_86.87499","l_km2":0.0455,"z":4894,"typ":"proglacial lake","d":83.0,"chg":-1.2,"cls":"stable","glof":0,"prov":"Province 1","gnm":"","rgi":"RGI2000-v7.0-G-15-06827"},"geometry":{"type":"Polygon","coordinates":[[[86.87359,27.75887],[86.87378,27.7593],[86.87461,27.75983],[86.87607,27.75975],[86.87672,27.76017],[86.87696,27.76008],[86.877,27.75976],[86.87532,27.75846],[86.87504,27.75781],[86.87374,27.75703],[86.87364,27.75739],[86.87427,27.758],[86.87414,27.75869],[86.87359,27.75887]]]}},{"type":"Feature","properties":{"lake_id":"GL_27.82623_86.56984","l_km2":0.0443,"z":4789,"typ":"proglacial lake","d":368.0,"chg":6.9,"cls":"stable","glof":2,"prov":"Province 1","gnm":"Thyangbo","rgi":"RGI2000-v7.0-G-15-08418"},"geometry":{"type":"Polygon","coordinates":[[[86.56875,27.82623],[86.56894,27.8275],[86.56982,27.82741],[86.57027,27.82706],[86.57133,27.82545],[86.57041,27.82504],[86.56926,27.82542],[86.56875,27.82623]]]}},{"type":"Feature","properties":{"lake_id":"GL_27.72534_87.97209","l_km2":0.0115,"z":4109,"typ":"unmatched","d":656.0,"chg":27.0,"cls":"not assessed","glof":0,"prov":"Province 1","gnm":"Kumbhakarna","rgi":"RGI2000-v7.0-G-15-08080"},"geometry":{"type":"Polygon","coordinates":[[[87.97152,27.72551],[87.97161,27.72583],[87.97246,27.7259],[87.97268,27.7253],[87.97235,27.72504],[87.97245,27.72467],[87.97222,27.72446],[87.97152,27.72551]]]}},{"type":"Feature","properties":{"lake_id":"GL_27.84727_87.97003","l_km2":0.0228,"z":5302,"typ":"proglacial lake","d":153.0,"chg":-0.8,"cls":"stable","glof":0,"prov":"Province 1","gnm":"","rgi":"RGI2000-v7.0-G-15-08153"},"geometry":{"type":"Polygon","coordinates":[[[87.96914,27.84602],[87.96921,27.84668],[87.97007,27.84832],[87.97058,27.84841],[87.9709,27.84784],[87.9708,27.84743],[87.96977,27.8463],[87.96914,27.84602]]]}},{"type":"Feature","properties":{"lake_id":"GL_27.79571_88.10581","l_km2":0.0208,"z":5371,"typ":"proglacial lake","d":695.0,"chg":-1.1,"cls":"stable","glof":0,"prov":"Province 1","gnm":"","rgi":"RGI2000-v7.0-G-15-07891"},"geometry":{"type":"Polygon","coordinates":[[[88.10465,27.79391],[88.10507,27.79512],[88.10571,27.79608],[88.10576,27.79679],[88.10661,27.79674],[88.10678,27.79606],[88.10564,27.79522],[88.10541,27.79462],[88.10465,27.79391]]]}},{"type":"Feature","properties":{"lake_id":"GL_27.65215_88.0817","l_km2":0.0164,"z":4951,"typ":"unmatched","d":0.0,"chg":93.8,"cls":"not assessed","glof":0,"prov":"Province 1","gnm":"Yalung","rgi":"RGI2000-v7.0-G-15-07868"},"geometry":{"type":"Polygon","coordinates":[[[88.0806,27.65221],[88.08113,27.65232],[88.08125,27.65274],[88.08239,27.65263],[88.08269,27.65231],[88.08209,27.6517],[88.08219,27.65148],[88.08076,27.65194],[88.0806,27.65221]]]}},{"type":"Feature","properties":{"lake_id":"GL_30.07869_82.11906","l_km2":0.0201,"z":4904,"typ":"proglacial lake","d":196.0,"chg":-7.6,"cls":"stable","glof":0,"prov":"Province 1","gnm":"","rgi":"RGI2000-v7.0-G-15-02957"},"geometry":{"type":"Polygon","coordinates":[[[82.11818,30.07896],[82.11848,30.07932],[82.11914,30.07935],[82.11974,30.07909],[82.11998,30.07867],[82.11954,30.07805],[82.11898,30.07794],[82.11834,30.07834],[82.11818,30.07896]]]}},{"type":"Feature","properties":{"lake_id":"GL_29.41254_82.53312","l_km2":0.0086,"z":4912,"typ":"unmatched","d":433.0,"chg":11.5,"cls":"not assessed","glof":0,"prov":"Province 1","gnm":"","rgi":"RGI2000-v7.0-G-15-03789"},"geometry":{"type":"Polygon","coordinates":[[[82.53258,29.41236],[82.53298,29.41317],[82.5338,29.41258],[82.53321,29.41199],[82.53258,29.41236]]]}},{"type":"Feature","properties":{"lake_id":"GL_30.1707_82.06135","l_km2":0.0211,"z":5150,"typ":"proglacial lake","d":1681.0,"chg":3.4,"cls":"stable","glof":0,"prov":"Karnali","gnm":"","rgi":"RGI2000-v7.0-G-15-03161"},"geometry":{"type":"Polygon","coordinates":[[[82.06056,30.17059],[82.06127,30.17095],[82.06063,30.17132],[82.06076,30.17161],[82.06161,30.17154],[82.06218,30.17076],[82.06159,30.16987],[82.06074,30.16996],[82.06056,30.17059]]]}},{"type":"Feature","properties":{"lake_id":"GL_29.95071_81.60962","l_km2":0.0042,"z":4790,"typ":"unmatched","d":1760.0,"chg":-17.6,"cls":"not assessed","glof":0,"prov":"Karnali","gnm":"","rgi":"RGI2000-v7.0-G-15-02454"},"geometry":{"type":"Polygon","coordinates":[[[81.60926,29.95039],[81.60931,29.95086],[81.60966,29.95109],[81.60995,29.95098],[81.60985,29.95046],[81.60926,29.95039]]]}},{"type":"Feature","properties":{"lake_id":"GL_30.18565_82.09416","l_km2":0.0309,"z":4845,"typ":"proglacial lake","d":1618.0,"chg":12.3,"cls":"stable","glof":0,"prov":"Karnali","gnm":"","rgi":"RGI2000-v7.0-G-15-03161"},"geometry":{"type":"Polygon","coordinates":[[[82.09287,30.18638],[82.09353,30.1865],[82.09473,30.18618],[82.09533,30.18581],[82.09531,30.1852],[82.09499,30.18493],[82.09393,30.18476],[82.09329,30.1854],[82.09287,30.18638]]]}},{"type":"Feature","properties":{"lake_id":"GL_30.33546_81.91957","l_km2":0.1131,"z":5136,"typ":"proglacial lake","d":454.0,"chg":6.7,"cls":"expanding","glof":0,"prov":"Karnali","gnm":"","rgi":"RGI2000-v7.0-G-15-03082"},"geometry":{"type":"Polygon","coordinates":[[[81.91753,30.33639],[81.91763,30.33735],[81.91804,30.33747],[81.91866,30.33683],[81.91996,30.33695],[81.92105,30.33608],[81.92092,30.3357],[81.92185,30.33505],[81.92258,30.33493],[81.92256,30.33475],[81.92235,30.33448],[81.92042,30.33383],[81.91992,30.33408],[81.91979,30.33457],[81.91864,30.33382],[81.91771,30.335],[81.91757,30.33547],[81.91778,30.33592],[81.91753,30.33639]]]}},{"type":"Feature","properties":{"lake_id":"GL_30.26502_81.91882","l_km2":0.0285,"z":5076,"typ":"unconnected glacial lake","d":924.0,"chg":20.9,"cls":"stable","glof":0,"prov":"Karnali","gnm":"","rgi":"RGI2000-v7.0-G-15-03099"},"geometry":{"type":"Polygon","coordinates":[[[81.91799,30.26449],[81.9184,30.26582],[81.91884,30.26611],[81.91927,30.26609],[81.91958,30.26547],[81.9194,30.26423],[81.9183,30.26405],[81.91799,30.26449]]]}},{"type":"Feature","properties":{"lake_id":"GL_30.28856_82.04593","l_km2":0.0166,"z":5262,"typ":"supraglacial lake","d":1371.0,"chg":20.9,"cls":"stable","glof":0,"prov":"Karnali","gnm":"","rgi":"RGI2000-v7.0-G-15-03074"},"geometry":{"type":"Polygon","coordinates":[[[82.04511,30.28873],[82.04578,30.28926],[82.04693,30.28837],[82.04585,30.28791],[82.04525,30.28826],[82.04511,30.28873]]]}},{"type":"Feature","properties":{"lake_id":"GL_29.1735_83.22184","l_km2":0.0085,"z":5043,"typ":"unmatched","d":10112.0,"chg":38.8,"cls":"not assessed","glof":0,"prov":"Karnali","gnm":"","rgi":"RGI2000-v7.0-G-15-03930"},"geometry":{"type":"Polygon","coordinates":[[[83.22122,29.17397],[83.22135,29.17424],[83.22159,29.17413],[83.22244,29.17337],[83.22237,29.173],[83.22179,29.17302],[83.22122,29.17397]]]}},{"type":"Feature","properties":{"lake_id":"GL_29.01252_83.27676","l_km2":0.0071,"z":5451,"typ":"unmatched","d":1642.0,"chg":2.1,"cls":"not assessed","glof":0,"prov":"Karnali","gnm":"","rgi":"RGI2000-v7.0-G-15-03934"},"geometry":{"type":"Polygon","coordinates":[[[83.27612,29.01244],[83.27701,29.01298],[83.27733,29.01258],[83.27707,29.01222],[83.27627,29.01215],[83.27612,29.01244]]]}},{"type":"Feature","properties":{"lake_id":"GL_30.18944_81.79114","l_km2":0.0128,"z":5412,"typ":"unmatched","d":255.0,"chg":87.5,"cls":"not assessed","glof":0,"prov":"Karnali","gnm":"","rgi":"RGI2000-v7.0-G-15-03139"},"geometry":{"type":"Polygon","coordinates":[[[81.79041,30.18882],[81.79061,30.18967],[81.79136,30.18964],[81.79082,30.19002],[81.79173,30.19013],[81.79189,30.18953],[81.79148,30.18931],[81.79148,30.1891],[81.79103,30.18881],[81.79041,30.18882]]]}},{"type":"Feature","properties":{"lake_id":"GL_29.88935_82.04328","l_km2":0.0156,"z":4464,"typ":"unconnected glacial lake","d":2584.0,"chg":9.6,"cls":"stable","glof":0,"prov":"Karnali","gnm":"","rgi":"RGI2000-v7.0-G-15-04456"},"geometry":{"type":"Polygon","coordinates":[[[82.04239,29.88972],[82.04256,29.88997],[82.04329,29.89015],[82.04402,29.88895],[82.04395,29.88853],[82.04346,29.8885],[82.04317,29.88919],[82.04274,29.88923],[82.04239,29.88972]]]}},{"type":"Feature","properties":{"lake_id":"GL_29.87452_82.49313","l_km2":0.0265,"z":4418,"typ":"unconnected glacial lake","d":2469.0,"chg":11.6,"cls":"stable","glof":0,"prov":"Karnali","gnm":"","rgi":"RGI2000-v7.0-G-15-03342"},"geometry":{"type":"Polygon","coordinates":[[[82.49313,29.87344],[82.49223,29.87522],[82.49279,29.87554],[82.49356,29.8755],[82.49361,29.87463],[82.49385,29.87441],[82.49359,29.87374],[82.49377,29.87313],[82.49348,29.87306],[82.49313,29.87344]]]}},{"type":"Feature","properties":{"lake_id":"GL_28.9047_83.46252","l_km2":0.0223,"z":5405,"typ":"proglacial lake","d":230.0,"chg":5.2,"cls":"stable","glof":0,"prov":"Karnali","gnm":"","rgi":"RGI2000-v7.0-G-15-03963"},"geometry":{"type":"Polygon","coordinates":[[[83.46144,28.90455],[83.46176,28.90505],[83.46232,28.9051],[83.46302,28.90552],[83.46335,28.90526],[83.46359,28.90441],[83.46164,28.90404],[83.46144,28.90455]]]}},{"type":"Feature","properties":{"lake_id":"GL_29.80251_82.67396","l_km2":0.0394,"z":4698,"typ":"proglacial lake","d":78.0,"chg":8.3,"cls":"stable","glof":0,"prov":"Karnali","gnm":"","rgi":"RGI2000-v7.0-G-15-03448"},"geometry":{"type":"Polygon","coordinates":[[[82.67201,29.80337],[82.67212,29.80362],[82.67249,29.80364],[82.67364,29.80312],[82.67463,29.803],[82.67571,29.80194],[82.67555,29.80142],[82.67424,29.80163],[82.67348,29.80242],[82.67255,29.80266],[82.67201,29.80337]]]}},{"type":"Feature","properties":{"lake_id":"GL_29.04009_83.26506","l_km2":0.0103,"z":5233,"typ":"unmatched","d":4028.0,"chg":1.5,"cls":"not assessed","glof":0,"prov":"Karnali","gnm":"","rgi":"RGI2000-v7.0-G-15-03933"},"geometry":{"type":"Polygon","coordinates":[[[83.26412,29.04011],[83.26447,29.04048],[83.2655,29.04039],[83.26595,29.03962],[83.26436,29.0399],[83.26412,29.04011]]]}},{"type":"Feature","properties":{"lake_id":"GL_29.25213_83.31534","l_km2":0.0561,"z":5242,"typ":"proglacial lake","d":1570.0,"chg":6.8,"cls":"stable","glof":0,"prov":"Karnali","gnm":"","rgi":"RGI2000-v7.0-G-15-03889"},"geometry":{"type":"Polygon","coordinates":[[[83.31371,29.25201],[83.31395,29.25276],[83.31507,29.2533],[83.31611,29.25298],[83.31699,29.25163],[83.3165,29.25104],[83.3158,29.25102],[83.31501,29.25147],[83.31415,29.2515],[83.31371,29.25201]]]}},{"type":"Feature","properties":{"lake_id":"GL_29.18327_83.7049","l_km2":0.0221,"z":5697,"typ":"proglacial lake","d":2989.0,"chg":1.1,"cls":"stable","glof":0,"prov":"Karnali","gnm":"","rgi":"RGI2000-v7.0-G-15-04208"},"geometry":{"type":"Polygon","coordinates":[[[83.70396,29.18385],[83.70439,29.18437],[83.70514,29.18397],[83.70564,29.18277],[83.70562,29.18196],[83.70483,29.1825],[83.70396,29.18385]]]}},{"type":"Feature","properties":{"lake_id":"GL_29.20085_83.68379","l_km2":0.2252,"z":5480,"typ":"proglacial lake","d":4902.0,"chg":-0.4,"cls":"stable","glof":0,"prov":"Karnali","gnm":"","rgi":"RGI2000-v7.0-G-15-04208"},"geometry":{"type":"Polygon","coordinates":[[[83.68104,29.19818],[83.6817,29.20057],[83.68333,29.2024],[83.68375,29.20362],[83.68532,29.20463],[83.68606,29.20449],[83.68661,29.20336],[83.68671,29.20251],[83.68586,29.20148],[83.68515,29.20103],[83.68494,29.20015],[83.68358,29.19777],[83.68275,29.19714],[83.68243,29.19713],[83.68134,29.19758],[83.68104,29.19818]]]}},{"type":"Feature","properties":{"lake_id":"GL_29.21847_83.70163","l_km2":0.4342,"z":5424,"typ":"proglacial lake","d":6438.0,"chg":1.7,"cls":"expanding","glof":0,"prov":"Karnali","gnm":"","rgi":"RGI2000-v7.0-G-15-04208"},"geometry":{"type":"Polygon","coordinates":[[[83.69466,29.21415],[83.69782,29.21788],[83.69977,29.21937],[83.70163,29.22038],[83.7042,29.22263],[83.70697,29.22397],[83.70624,29.22259],[83.7062,29.222],[83.70699,29.22076],[83.70696,29.21953],[83.70622,29.21887],[83.70575,29.21881],[83.70242,29.21688],[83.7013,29.21719],[83.70014,29.21696],[83.69896,29.21729],[83.6985,29.21719],[83.69763,29.21602],[83.69768,29.21418],[83.69802,29.21367],[83.69696,29.21235],[83.6963,29.21229],[83.69553,29.21345],[83.69495,29.21393],[83.69482,29.21377],[83.69466,29.21415]]]}},{"type":"Feature","properties":{"lake_id":"GL_29.25541_83.4931","l_km2":0.0196,"z":5565,"typ":"proglacial lake","d":1609.0,"chg":-0.5,"cls":"stable","glof":0,"prov":"Karnali","gnm":"","rgi":"RGI2000-v7.0-G-15-03921"},"geometry":{"type":"Polygon","coordinates":[[[83.49236,29.25577],[83.49267,29.2565],[83.49364,29.25581],[83.49364,29.2543],[83.49335,29.25432],[83.49279,29.25491],[83.49236,29.25577]]]}},{"type":"Feature","properties":{"lake_id":"GL_29.21043_83.43596","l_km2":0.0179,"z":5374,"typ":"proglacial lake","d":479.0,"chg":-1.5,"cls":"stable","glof":0,"prov":"Gandaki","gnm":"","rgi":"RGI2000-v7.0-G-15-03909"},"geometry":{"type":"Polygon","coordinates":[[[83.43483,29.21114],[83.43551,29.21118],[83.43659,29.21067],[83.43687,29.20966],[83.43542,29.21006],[83.43523,29.21088],[83.43483,29.21114]]]}},{"type":"Feature","properties":{"lake_id":"GL_28.90672_83.46319","l_km2":0.0047,"z":5396,"typ":"unmatched","d":265.0,"chg":-1.1,"cls":"not assessed","glof":0,"prov":"Gandaki","gnm":"","rgi":"RGI2000-v7.0-G-15-03963"},"geometry":{"type":"Polygon","coordinates":[[[83.46251,28.90652],[83.4632,28.90685],[83.46346,28.90724],[83.46368,28.90726],[83.46335,28.90647],[83.46251,28.90652]]]}},{"type":"Feature","properties":{"lake_id":"GL_28.87507_83.44854","l_km2":0.0062,"z":5241,"typ":"unmatched","d":369.0,"chg":23.0,"cls":"not assessed","glof":0,"prov":"Gandaki","gnm":"","rgi":"RGI2000-v7.0-G-15-03967"},"geometry":{"type":"Polygon","coordinates":[[[83.44776,28.87545],[83.44808,28.87571],[83.44892,28.8751],[83.44914,28.87479],[83.44901,28.87447],[83.44874,28.87444],[83.44841,28.87513],[83.44776,28.87545]]]}},{"type":"Feature","properties":{"lake_id":"GL_29.00473_83.55259","l_km2":0.0102,"z":5414,"typ":"unmatched","d":798.0,"chg":-1.5,"cls":"stable","glof":0,"prov":"Karnali","gnm":"","rgi":"RGI2000-v7.0-G-15-04261"},"geometry":{"type":"Polygon","coordinates":[[[83.55202,29.00445],[83.55235,29.00522],[83.55283,29.00542],[83.55311,29.00426],[83.55285,29.00405],[83.55202,29.00445]]]}},{"type":"Feature","properties":{"lake_id":"GL_28.81541_83.52639","l_km2":0.0067,"z":5653,"typ":"unmatched","d":481.0,"chg":-3.1,"cls":"not assessed","glof":0,"prov":"Karnali","gnm":"","rgi":"RGI2000-v7.0-G-15-04401"},"geometry":{"type":"Polygon","coordinates":[[[83.52589,28.81573],[83.52607,28.81601],[83.5263,28.81565],[83.52669,28.81566],[83.52702,28.81502],[83.52662,28.8153],[83.5263,28.81487],[83.52589,28.81573]]]}},{"type":"Feature","properties":{"lake_id":"GL_28.96266_83.57429","l_km2":0.0111,"z":5466,"typ":"unmatched","d":1749.0,"chg":-9.2,"cls":"stable","glof":0,"prov":"Karnali","gnm":"","rgi":"RGI2000-v7.0-G-15-04111"},"geometry":{"type":"Polygon","coordinates":[[[83.57383,28.96192],[83.57405,28.96257],[83.57386,28.96322],[83.5742,28.9634],[83.57478,28.96299],[83.57481,28.96252],[83.57426,28.96191],[83.57383,28.96192]]]}},{"type":"Feature","properties":{"lake_id":"GL_30.32488_81.8722","l_km2":0.0344,"z":5630,"typ":"proglacial lake","d":584.0,"chg":8.5,"cls":"stable","glof":0,"prov":"Karnali","gnm":"","rgi":"RGI2000-v7.0-G-15-03087"},"geometry":{"type":"Polygon","coordinates":[[[81.87112,30.32422],[81.87143,30.32514],[81.87198,30.32559],[81.87217,30.32613],[81.87277,30.32621],[81.87318,30.32513],[81.87278,30.32412],[81.8715,30.3238],[81.87112,30.32422]]]}},{"type":"Feature","properties":{"lake_id":"GL_29.69419_81.48237","l_km2":0.008,"z":4466,"typ":"unmatched","d":1645.0,"chg":4.4,"cls":"not assessed","glof":0,"prov":"Karnali","gnm":"","rgi":"RGI2000-v7.0-G-15-02382"},"geometry":{"type":"Polygon","coordinates":[[[81.48179,29.69405],[81.48206,29.69449],[81.48271,29.6947],[81.48283,29.69412],[81.48262,29.69372],[81.48179,29.69405]]]}},{"type":"Feature","properties":{"lake_id":"GL_30.23702_81.91458","l_km2":0.0093,"z":5332,"typ":"unconnected glacial lake","d":1239.0,"chg":53.0,"cls":"not assessed","glof":0,"prov":"Gandaki","gnm":"","rgi":"RGI2000-v7.0-G-15-03098"},"geometry":{"type":"Polygon","coordinates":[[[81.91418,30.23663],[81.91427,30.23746],[81.91465,30.23786],[81.91505,30.23674],[81.91469,30.2363],[81.91418,30.23663]]]}},{"type":"Feature","properties":{"lake_id":"GL_29.76457_81.53647","l_km2":0.0096,"z":4835,"typ":"unmatched","d":388.0,"chg":3.0,"cls":"not assessed","glof":0,"prov":"Karnali","gnm":"","rgi":"RGI2000-v7.0-G-15-02484"},"geometry":{"type":"Polygon","coordinates":[[[81.53575,29.76444],[81.53586,29.76473],[81.53652,29.76511],[81.53708,29.76479],[81.53714,29.76431],[81.53668,29.76415],[81.53575,29.76444]]]}},{"type":"Feature","properties":{"lake_id":"GL_27.47525_88.03511","l_km2":0.027,"z":4368,"typ":"unconnected glacial lake","d":6162.0,"chg":5.4,"cls":"stable","glof":0,"prov":"Karnali","gnm":"","rgi":"RGI2000-v7.0-G-15-07841"},"geometry":{"type":"Polygon","coordinates":[[[88.03403,27.47515],[88.03416,27.47591],[88.03444,27.47612],[88.03533,27.47559],[88.03618,27.47564],[88.03646,27.47542],[88.03632,27.47501],[88.0351,27.4744],[88.03403,27.47515]]]}},{"type":"Feature","properties":{"lake_id":"GL_27.54701_88.00362","l_km2":0.038,"z":4613,"typ":"proglacial lake","d":1418.0,"chg":3.9,"cls":"stable","glof":0,"prov":"Sudurpaschim","gnm":"","rgi":"RGI2000-v7.0-G-15-07843"},"geometry":{"type":"Polygon","coordinates":[[[88.00265,27.54572],[88.00268,27.54695],[88.00317,27.54765],[88.00386,27.54822],[88.00449,27.54817],[88.00479,27.54773],[88.00473,27.54742],[88.00401,27.54607],[88.00265,27.54572]]]}},{"type":"Feature","properties":{"lake_id":"GL_27.58017_87.93072","l_km2":0.0061,"z":4267,"typ":"unmatched","d":3996.0,"chg":13.9,"cls":"not assessed","glof":0,"prov":"Karnali","gnm":"","rgi":"RGI2000-v7.0-G-15-07847"},"geometry":{"type":"Polygon","coordinates":[[[87.9303,27.58022],[87.93073,27.58067],[87.93113,27.58015],[87.93103,27.57975],[87.9306,27.57979],[87.9303,27.58022]]]}},{"type":"Feature","properties":{"lake_id":"GL_27.49003_88.03813","l_km2":0.032,"z":4440,"typ":"unconnected glacial lake","d":4507.0,"chg":2.0,"cls":"stable","glof":0,"prov":"Sudurpaschim","gnm":"","rgi":"RGI2000-v7.0-G-15-07841"},"geometry":{"type":"Polygon","coordinates":[[[88.03731,27.49001],[88.03805,27.49137],[88.03868,27.49128],[88.0388,27.4892],[88.03811,27.48883],[88.03806,27.48847],[88.03768,27.4887],[88.03765,27.48948],[88.03731,27.49001]]]}},{"type":"Feature","properties":{"lake_id":"GL_27.674_87.62157","l_km2":0.0172,"z":4945,"typ":"proglacial lake","d":0.0,"chg":-7.6,"cls":"stable","glof":0,"prov":"Province 1","gnm":"","rgi":"RGI2000-v7.0-G-15-07454"},"geometry":{"type":"Polygon","coordinates":[[[87.62076,27.67407],[87.62121,27.67454],[87.62226,27.67449],[87.6225,27.6742],[87.62185,27.67343],[87.62145,27.67332],[87.621,27.67345],[87.62076,27.67407]]]}},{"type":"Feature","properties":{"lake_id":"GL_27.75769_87.64993","l_km2":0.0142,"z":5143,"typ":"proglacial lake","d":22.0,"chg":-1.9,"cls":"stable","glof":0,"prov":"Province 1","gnm":"","rgi":"RGI2000-v7.0-G-15-07427"},"geometry":{"type":"Polygon","coordinates":[[[87.64904,27.75746],[87.6491,27.75777],[87.65003,27.75828],[87.65061,27.75817],[87.65058,27.75753],[87.64993,27.75706],[87.64904,27.75746]]]}},{"type":"Feature","properties":{"lake_id":"GL_27.82515_87.64427","l_km2":0.0081,"z":5113,"typ":"unmatched","d":1525.0,"chg":19.1,"cls":"not assessed","glof":0,"prov":"Province 1","gnm":"","rgi":"RGI2000-v7.0-G-15-07411"},"geometry":{"type":"Polygon","coordinates":[[[87.64379,27.82472],[87.64398,27.8254],[87.64481,27.8258],[87.64487,27.82554],[87.64432,27.82499],[87.6443,27.8245],[87.64401,27.82443],[87.64379,27.82472]]]}},{"type":"Feature","properties":{"lake_id":"GL_27.88133_87.80542","l_km2":0.3839,"z":4688,"typ":"proglacial lake","d":0.0,"chg":-0.0,"cls":"stable","glof":1,"prov":"Province 1","gnm":"","rgi":"RGI2000-v7.0-G-15-07499"},"geometry":{"type":"Polygon","coordinates":[[[87.80082,27.87921],[87.80044,27.87981],[87.80081,27.88028],[87.80077,27.88261],[87.80159,27.88329],[87.80508,27.88374],[87.80825,27.88314],[87.8096,27.88185],[87.81018,27.88064],[87.81117,27.87975],[87.81094,27.87935],[87.81092,27.87986],[87.81014,27.88039],[87.80935,27.87848],[87.80884,27.87841],[87.80791,27.8787],[87.8067,27.87967],[87.80559,27.88014],[87.80271,27.87956],[87.8016,27.87975],[87.80082,27.87921]]]}},{"type":"Feature","properties":{"lake_id":"GL_29.79951_82.67723","l_km2":0.0232,"z":4714,"typ":"unmatched","d":0.0,"chg":98.9,"cls":"expanding","glof":0,"prov":"Province 1","gnm":"","rgi":"RGI2000-v7.0-G-15-03448"},"geometry":{"type":"Polygon","coordinates":[[[82.67623,29.79951],[82.67623,29.79996],[82.67674,29.80015],[82.67832,29.79992],[82.67808,29.79916],[82.67769,29.79879],[82.67704,29.79876],[82.67659,29.79899],[82.67623,29.79951]]]}},{"type":"Feature","properties":{"lake_id":"GL_29.33638_82.83628","l_km2":0.0092,"z":5503,"typ":"unmatched","d":0.0,"chg":null,"cls":"not assessed","glof":0,"prov":"Province 1","gnm":"","rgi":"RGI2000-v7.0-G-15-03721"},"geometry":{"type":"Polygon","coordinates":[[[82.8358,29.33573],[82.83592,29.33658],[82.83636,29.33702],[82.83667,29.33704],[82.83661,29.33614],[82.83615,29.33573],[82.8358,29.33573]]]}},{"type":"Feature","properties":{"lake_id":"GL_29.76265_82.57389","l_km2":0.0126,"z":4630,"typ":"unmatched","d":4548.0,"chg":16.6,"cls":"stable","glof":0,"prov":"Province 1","gnm":"","rgi":"RGI2000-v7.0-G-15-03467"},"geometry":{"type":"Polygon","coordinates":[[[82.57327,29.76276],[82.57386,29.76326],[82.57442,29.76323],[82.57454,29.76305],[82.57443,29.76247],[82.57397,29.76206],[82.57341,29.76199],[82.57327,29.76276]]]}},{"type":"Feature","properties":{"lake_id":"GL_29.80894_82.66397","l_km2":0.0861,"z":4736,"typ":"proglacial lake","d":0.0,"chg":101.5,"cls":"expanding","glof":0,"prov":"Province 1","gnm":"","rgi":"RGI2000-v7.0-G-15-03372"},"geometry":{"type":"Polygon","coordinates":[[[82.66249,29.80981],[82.66298,29.81038],[82.66253,29.81086],[82.66329,29.81059],[82.66369,29.81115],[82.66413,29.81114],[82.66414,29.81045],[82.66504,29.81008],[82.66537,29.80965],[82.66427,29.80621],[82.66328,29.80756],[82.66288,29.80923],[82.66249,29.80981]]]}},{"type":"Feature","properties":{"lake_id":"GL_29.872_82.41063","l_km2":0.0192,"z":5207,"typ":"unconnected glacial lake","d":874.0,"chg":56.1,"cls":"not assessed","glof":0,"prov":"Karnali","gnm":"","rgi":"RGI2000-v7.0-G-15-03188"},"geometry":{"type":"Polygon","coordinates":[[[82.4094,29.87198],[82.41027,29.87264],[82.41116,29.87249],[82.41171,29.87208],[82.41098,29.87139],[82.41046,29.87129],[82.41017,29.87136],[82.41053,29.87154],[82.40997,29.87158],[82.4094,29.87198]]]}},{"type":"Feature","properties":{"lake_id":"GL_29.80652_82.59375","l_km2":0.0103,"z":5042,"typ":"unmatched","d":2245.0,"chg":7.8,"cls":"not assessed","glof":0,"prov":"Karnali","gnm":"","rgi":"RGI2000-v7.0-G-15-03505"},"geometry":{"type":"Polygon","coordinates":[[[82.59324,29.80651],[82.59361,29.80721],[82.59428,29.80664],[82.5939,29.80582],[82.59342,29.80609],[82.59324,29.80651]]]}},{"type":"Feature","properties":{"lake_id":"GL_30.32445_81.81238","l_km2":0.0225,"z":5510,"typ":"proglacial lake","d":350.0,"chg":1.6,"cls":"stable","glof":0,"prov":"Karnali","gnm":"","rgi":"RGI2000-v7.0-G-15-03156"},"geometry":{"type":"Polygon","coordinates":[[[81.81145,30.32415],[81.81206,30.32534],[81.81314,30.32506],[81.8132,30.32405],[81.81236,30.32344],[81.81145,30.32415]]]}},{"type":"Feature","properties":{"lake_id":"GL_29.87841_82.38274","l_km2":0.1257,"z":4943,"typ":"proglacial lake","d":323.0,"chg":-1.4,"cls":"stable","glof":0,"prov":"Karnali","gnm":"","rgi":"RGI2000-v7.0-G-15-03191"},"geometry":{"type":"Polygon","coordinates":[[[82.38085,29.87725],[82.38104,29.87769],[82.3809,29.87918],[82.3817,29.88034],[82.38354,29.88027],[82.38413,29.8797],[82.3847,29.87842],[82.38426,29.87685],[82.3831,29.8765],[82.38246,29.87656],[82.38085,29.87725]]]}},{"type":"Feature","properties":{"lake_id":"GL_30.34814_81.873","l_km2":0.0795,"z":5439,"typ":"proglacial lake","d":732.0,"chg":13.9,"cls":"expanding","glof":0,"prov":"Karnali","gnm":"","rgi":"RGI2000-v7.0-G-15-03157"},"geometry":{"type":"Polygon","coordinates":[[[81.87003,30.34794],[81.87077,30.34871],[81.87148,30.34896],[81.87312,30.34893],[81.8737,30.3486],[81.87458,30.34892],[81.87524,30.34843],[81.87614,30.34844],[81.87636,30.34866],[81.87672,30.34842],[81.87573,30.34772],[81.87396,30.3475],[81.87351,30.34768],[81.87161,30.34726],[81.87032,30.34758],[81.87003,30.34794]]]}},{"type":"Feature","properties":{"lake_id":"GL_30.34358_81.89097","l_km2":0.0266,"z":5289,"typ":"proglacial lake","d":100.0,"chg":-4.9,"cls":"stable","glof":0,"prov":"Karnali","gnm":"","rgi":"RGI2000-v7.0-G-15-03086"},"geometry":{"type":"Polygon","coordinates":[[[81.88995,30.34395],[81.89008,30.34429],[81.89108,30.3443],[81.89193,30.34383],[81.89211,30.34321],[81.89132,30.34282],[81.89053,30.3428],[81.88995,30.34395]]]}},{"type":"Feature","properties":{"lake_id":"GL_30.36531_81.86589","l_km2":0.0153,"z":5585,"typ":"unconnected glacial lake","d":178.0,"chg":-6.5,"cls":"stable","glof":0,"prov":"Karnali","gnm":"","rgi":"RGI2000-v7.0-G-14-35883"},"geometry":{"type":"Polygon","coordinates":[[[81.86566,30.3642],[81.86545,30.36611],[81.86601,30.36634],[81.86648,30.36506],[81.86566,30.3642]]]}},{"type":"Feature","properties":{"lake_id":"GL_30.32322_81.91339","l_km2":0.0068,"z":5385,"typ":"unmatched","d":305.0,"chg":17.8,"cls":"not assessed","glof":0,"prov":"Karnali","gnm":"","rgi":"RGI2000-v7.0-G-15-03081"},"geometry":{"type":"Polygon","coordinates":[[[81.9129,30.32318],[81.91317,30.32363],[81.91369,30.32364],[81.91381,30.32308],[81.9135,30.32278],[81.91316,30.32274],[81.9129,30.32318]]]}},{"type":"Feature","properties":{"lake_id":"GL_30.15744_81.7723","l_km2":0.0118,"z":5154,"typ":"unmatched","d":0.0,"chg":-2.8,"cls":"stable","glof":0,"prov":"Karnali","gnm":"","rgi":"RGI2000-v7.0-G-15-02851"},"geometry":{"type":"Polygon","coordinates":[[[81.77157,30.15745],[81.77218,30.1579],[81.77307,30.15782],[81.77255,30.1569],[81.77199,30.15687],[81.77157,30.15745]]]}},{"type":"Feature","properties":{"lake_id":"GL_30.21487_82.10875","l_km2":0.0227,"z":5392,"typ":"proglacial lake","d":1237.0,"chg":6.6,"cls":"stable","glof":0,"prov":"Karnali","gnm":"","rgi":"RGI2000-v7.0-G-15-03057"},"geometry":{"type":"Polygon","coordinates":[[[82.10754,30.21496],[82.10798,30.21566],[82.10815,30.2157],[82.10817,30.21543],[82.10863,30.21564],[82.10952,30.21504],[82.10986,30.21439],[82.10965,30.21412],[82.10913,30.21414],[82.10754,30.21496]]]}},{"type":"Feature","properties":{"lake_id":"GL_29.88525_82.04707","l_km2":0.1094,"z":4418,"typ":"unconnected glacial lake","d":2157.0,"chg":13.3,"cls":"expanding","glof":0,"prov":"Karnali","gnm":"","rgi":"RGI2000-v7.0-G-15-04456"},"geometry":{"type":"Polygon","coordinates":[[[82.04428,29.88431],[82.04523,29.88604],[82.04756,29.88652],[82.04801,29.88603],[82.04863,29.8865],[82.04912,29.88739],[82.0496,29.88746],[82.04952,29.88667],[82.04919,29.88622],[82.04942,29.88617],[82.04967,29.88652],[82.04975,29.88616],[82.04933,29.88582],[82.04943,29.88552],[82.04909,29.88482],[82.04771,29.88362],[82.0474,29.88351],[82.04719,29.88474],[82.04611,29.88511],[82.04589,29.88509],[82.04572,29.88471],[82.04588,29.88428],[82.04566,29.88352],[82.04467,29.88355],[82.04428,29.88431]]]}},{"type":"Feature","properties":{"lake_id":"GL_30.21624_81.80101","l_km2":0.1726,"z":5327,"typ":"proglacial lake","d":0.0,"chg":-5.1,"cls":"shrinking","glof":0,"prov":"Karnali","gnm":"","rgi":"RGI2000-v7.0-G-15-03133"},"geometry":{"type":"Polygon","coordinates":[[[81.79901,30.21403],[81.79916,30.2152],[81.80006,30.21603],[81.79978,30.21657],[81.79981,30.21749],[81.79942,30.21809],[81.79951,30.21885],[81.80071,30.21898],[81.80137,30.21846],[81.80248,30.21885],[81.80306,30.2182],[81.80306,30.21706],[81.80218,30.21533],[81.80234,30.21448],[81.80161,30.21389],[81.80094,30.2137],[81.80068,30.21308],[81.79988,30.21311],[81.79961,30.21379],[81.79901,30.21403]]]}},{"type":"Feature","properties":{"lake_id":"GL_30.21557_82.08494","l_km2":0.0454,"z":5165,"typ":"proglacial lake","d":745.0,"chg":38.5,"cls":"expanding","glof":0,"prov":"Karnali","gnm":"","rgi":"RGI2000-v7.0-G-15-03057"},"geometry":{"type":"Polygon","coordinates":[[[82.08311,30.21594],[82.08332,30.21634],[82.08443,30.21622],[82.08508,30.21688],[82.08512,30.21659],[82.08565,30.21636],[82.08585,30.21568],[82.08623,30.21554],[82.08649,30.21464],[82.08638,30.21409],[82.08545,30.21475],[82.08387,30.2152],[82.08311,30.21594]]]}},{"type":"Feature","properties":{"lake_id":"GL_30.19515_82.10079","l_km2":0.0123,"z":5312,"typ":"unmatched","d":1497.0,"chg":12.5,"cls":"stable","glof":0,"prov":"Karnali","gnm":"","rgi":"RGI2000-v7.0-G-15-03057"},"geometry":{"type":"Polygon","coordinates":[[[82.0998,30.19545],[82.10026,30.19577],[82.10105,30.19547],[82.10148,30.19502],[82.10166,30.19426],[82.1011,30.19483],[82.10031,30.19499],[82.0998,30.19545]]]}},{"type":"Feature","properties":{"lake_id":"GL_29.33475_82.79688","l_km2":0.0723,"z":4679,"typ":"proglacial lake","d":426.0,"chg":1.0,"cls":"stable","glof":0,"prov":"Karnali","gnm":"","rgi":"RGI2000-v7.0-G-15-03637"},"geometry":{"type":"Polygon","coordinates":[[[82.79524,29.33663],[82.79581,29.3372],[82.79674,29.33646],[82.79745,29.33544],[82.79851,29.33267],[82.79788,29.33192],[82.79773,29.33278],[82.79711,29.33303],[82.79623,29.3341],[82.79524,29.33663]]]}},{"type":"Feature","properties":{"lake_id":"GL_28.89175_82.69689","l_km2":0.0165,"z":4717,"typ":"unmatched","d":7145.0,"chg":24.0,"cls":"stable","glof":0,"prov":"Karnali","gnm":"","rgi":"RGI2000-v7.0-G-15-04445"},"geometry":{"type":"Polygon","coordinates":[[[82.69622,28.891],[82.69626,28.89222],[82.69649,28.89231],[82.69694,28.89191],[82.69688,28.89247],[82.69719,28.89257],[82.69771,28.89168],[82.69663,28.89099],[82.69622,28.891]]]}},{"type":"Feature","properties":{"lake_id":"GL_29.95511_82.54475","l_km2":0.0128,"z":5065,"typ":"proglacial lake","d":3777.0,"chg":5.2,"cls":"stable","glof":0,"prov":"Karnali","gnm":"","rgi":"RGI2000-v7.0-G-15-03349"},"geometry":{"type":"Polygon","coordinates":[[[82.54399,29.95538],[82.54412,29.95574],[82.54468,29.95574],[82.54532,29.95538],[82.54526,29.95464],[82.54574,29.95446],[82.54534,29.95427],[82.54435,29.95485],[82.54399,29.95538]]]}},{"type":"Feature","properties":{"lake_id":"GL_29.9637_82.53281","l_km2":0.0276,"z":4901,"typ":"unconnected glacial lake","d":4037.0,"chg":6.8,"cls":"stable","glof":0,"prov":"Karnali","gnm":"","rgi":"RGI2000-v7.0-G-15-03349"},"geometry":{"type":"Polygon","coordinates":[[[82.53189,29.96332],[82.53263,29.96449],[82.53249,29.96485],[82.53281,29.96528],[82.53323,29.96464],[82.53316,29.96421],[82.53355,29.96397],[82.53362,29.96299],[82.53254,29.96268],[82.53189,29.96332]]]}},{"type":"Feature","properties":{"lake_id":"GL_29.83705_82.34899","l_km2":0.0218,"z":4975,"typ":"proglacial lake","d":674.0,"chg":4.5,"cls":"stable","glof":0,"prov":"Karnali","gnm":"","rgi":"RGI2000-v7.0-G-15-03200"},"geometry":{"type":"Polygon","coordinates":[[[82.34825,29.83698],[82.34862,29.83795],[82.3491,29.83793],[82.34965,29.83749],[82.34957,29.83646],[82.3489,29.83603],[82.34825,29.83698]]]}},{"type":"Feature","properties":{"lake_id":"GL_29.86504_82.4107","l_km2":0.0113,"z":5091,"typ":"unconnected glacial lake","d":1081.0,"chg":11.6,"cls":"stable","glof":0,"prov":"Karnali","gnm":"","rgi":"RGI2000-v7.0-G-15-03190"},"geometry":{"type":"Polygon","coordinates":[[[82.41028,29.86458],[82.41044,29.86557],[82.41086,29.86592],[82.41115,29.86548],[82.4109,29.86431],[82.41053,29.86414],[82.41028,29.86458]]]}},{"type":"Feature","properties":{"lake_id":"GL_29.77758_82.38972","l_km2":0.0077,"z":4896,"typ":"proglacial lake","d":196.0,"chg":7.4,"cls":"not assessed","glof":0,"prov":"Karnali","gnm":"","rgi":"RGI2000-v7.0-G-15-03313"},"geometry":{"type":"Polygon","coordinates":[[[82.38896,29.77797],[82.38927,29.77814],[82.38985,29.77782],[82.39032,29.77742],[82.39038,29.77704],[82.38992,29.77712],[82.38896,29.77797]]]}},{"type":"Feature","properties":{"lake_id":"GL_29.82166_82.7114","l_km2":0.1957,"z":5033,"typ":"proglacial lake","d":135.0,"chg":0.4,"cls":"stable","glof":0,"prov":"Karnali","gnm":"","rgi":"RGI2000-v7.0-G-15-03381"},"geometry":{"type":"Polygon","coordinates":[[[82.70779,29.82208],[82.71107,29.82368],[82.71235,29.82361],[82.71265,29.82323],[82.71321,29.82327],[82.71371,29.82303],[82.71458,29.82091],[82.71422,29.82043],[82.71324,29.82006],[82.71191,29.81975],[82.71065,29.81984],[82.70888,29.8206],[82.70828,29.82179],[82.70779,29.82208]]]}},{"type":"Feature","properties":{"lake_id":"GL_29.01828_83.604","l_km2":0.0082,"z":5517,"typ":"unmatched","d":64.0,"chg":4.9,"cls":"not assessed","glof":0,"prov":"Karnali","gnm":"","rgi":"RGI2000-v7.0-G-15-04128"},"geometry":{"type":"Polygon","coordinates":[[[83.60336,29.01788],[83.60383,29.01877],[83.60459,29.01854],[83.60406,29.01777],[83.60336,29.01788]]]}},{"type":"Feature","properties":{"lake_id":"GL_28.75622_83.03889","l_km2":0.011,"z":5019,"typ":"proglacial lake","d":0.0,"chg":4.5,"cls":"stable","glof":0,"prov":"Karnali","gnm":"","rgi":"RGI2000-v7.0-G-15-04437"},"geometry":{"type":"Polygon","coordinates":[[[83.03794,28.75632],[83.0385,28.75677],[83.03974,28.75612],[83.03988,28.75583],[83.03908,28.75582],[83.03794,28.75632]]]}},{"type":"Feature","properties":{"lake_id":"GL_29.28272_83.32802","l_km2":0.0104,"z":5190,"typ":"unmatched","d":2851.0,"chg":7.7,"cls":"not assessed","glof":0,"prov":"Karnali","gnm":"","rgi":"RGI2000-v7.0-G-15-03899"},"geometry":{"type":"Polygon","coordinates":[[[83.3275,29.28234],[83.32772,29.28318],[83.32828,29.28332],[83.32856,29.28297],[83.32827,29.28215],[83.3275,29.28234]]]}},{"type":"Feature","properties":{"lake_id":"GL_29.01564_83.25443","l_km2":0.0073,"z":5303,"typ":"unmatched","d":3401.0,"chg":-16.9,"cls":"not assessed","glof":0,"prov":"Karnali","gnm":"","rgi":"RGI2000-v7.0-G-15-03934"},"geometry":{"type":"Polygon","coordinates":[[[83.25393,29.01536],[83.25406,29.0158],[83.25483,29.01628],[83.25475,29.01536],[83.25444,29.01515],[83.25393,29.01536]]]}},{"type":"Feature","properties":{"lake_id":"GL_29.00196_83.18202","l_km2":0.0977,"z":4997,"typ":"proglacial lake","d":481.0,"chg":1.2,"cls":"stable","glof":0,"prov":"Karnali","gnm":"","rgi":"RGI2000-v7.0-G-15-04272"},"geometry":{"type":"Polygon","coordinates":[[[83.1793,29.00244],[83.18071,29.00317],[83.1815,29.00284],[83.18368,29.00288],[83.18407,29.00269],[83.18444,29.00202],[83.18447,29.00133],[83.1842,29.00097],[83.18301,29.00106],[83.18216,29.00064],[83.18162,29.00063],[83.17982,29.00164],[83.1793,29.00244]]]}},{"type":"Feature","properties":{"lake_id":"GL_29.08486_83.74844","l_km2":0.0152,"z":5747,"typ":"unmatched","d":0.0,"chg":-1.6,"cls":"stable","glof":0,"prov":"Lumbini","gnm":"","rgi":"RGI2000-v7.0-G-15-04205"},"geometry":{"type":"Polygon","coordinates":[[[83.74793,29.08478],[83.74826,29.08571],[83.74875,29.0857],[83.74903,29.08517],[83.74856,29.08457],[83.74874,29.08359],[83.74818,29.08407],[83.74793,29.08478]]]}},{"type":"Feature","properties":{"lake_id":"GL_29.10577_83.67229","l_km2":0.0185,"z":5648,"typ":"unmatched","d":232.0,"chg":13.3,"cls":"stable","glof":0,"prov":"Karnali","gnm":"","rgi":"RGI2000-v7.0-G-15-04193"},"geometry":{"type":"Polygon","coordinates":[[[83.67135,29.10576],[83.67148,29.10617],[83.67242,29.10649],[83.67306,29.10594],[83.67311,29.10547],[83.67277,29.1051],[83.67244,29.10507],[83.67135,29.10576]]]}},{"type":"Feature","properties":{"lake_id":"GL_29.05178_83.60564","l_km2":0.0584,"z":5539,"typ":"proglacial lake","d":64.0,"chg":0.1,"cls":"stable","glof":0,"prov":"Karnali","gnm":"","rgi":"RGI2000-v7.0-G-15-04140"},"geometry":{"type":"Polygon","coordinates":[[[83.60372,29.05109],[83.60403,29.05204],[83.60471,29.05284],[83.60555,29.05278],[83.60546,29.05231],[83.60564,29.05226],[83.60645,29.05255],[83.60666,29.05283],[83.60751,29.0522],[83.60737,29.05157],[83.60661,29.05078],[83.60641,29.05098],[83.60372,29.05109]]]}},{"type":"Feature","properties":{"lake_id":"GL_29.37235_83.39375","l_km2":0.0115,"z":5257,"typ":"unconnected glacial lake","d":1239.0,"chg":4.4,"cls":"not assessed","glof":0,"prov":"Karnali","gnm":"","rgi":"RGI2000-v7.0-G-15-03929"},"geometry":{"type":"Polygon","coordinates":[[[83.39311,29.37224],[83.39358,29.3729],[83.39442,29.37256],[83.39407,29.37188],[83.39329,29.37189],[83.39311,29.37224]]]}},{"type":"Feature","properties":{"lake_id":"GL_29.02192_83.6195","l_km2":0.0068,"z":5655,"typ":"unmatched","d":0.0,"chg":0.8,"cls":"not assessed","glof":0,"prov":"Gandaki","gnm":"","rgi":"RGI2000-v7.0-G-15-04127"},"geometry":{"type":"Polygon","coordinates":[[[83.61867,29.02198],[83.61901,29.02225],[83.61977,29.0222],[83.62012,29.02165],[83.61981,29.02153],[83.61867,29.02198]]]}},{"type":"Feature","properties":{"lake_id":"GL_29.37682_83.39006","l_km2":0.1196,"z":5168,"typ":"unconnected glacial lake","d":1390.0,"chg":2.9,"cls":"stable","glof":0,"prov":"Gandaki","gnm":"","rgi":"RGI2000-v7.0-G-15-03929"},"geometry":{"type":"Polygon","coordinates":[[[83.38829,29.37834],[83.38853,29.37875],[83.38915,29.37839],[83.38968,29.37896],[83.39075,29.3786],[83.39145,29.37795],[83.39178,29.37604],[83.39071,29.37463],[83.38999,29.37459],[83.38924,29.37507],[83.38853,29.37649],[83.38829,29.37834]]]}},{"type":"Feature","properties":{"lake_id":"GL_29.02432_83.63236","l_km2":0.0162,"z":5646,"typ":"proglacial lake","d":515.0,"chg":-13.6,"cls":"stable","glof":0,"prov":"Karnali","gnm":"","rgi":"RGI2000-v7.0-G-15-04145"},"geometry":{"type":"Polygon","coordinates":[[[83.63123,29.02428],[83.63142,29.02451],[83.63223,29.02461],[83.63292,29.02497],[83.63329,29.02458],[83.63253,29.02373],[83.63164,29.02389],[83.63123,29.02428]]]}},{"type":"Feature","properties":{"lake_id":"GL_28.85757_83.47314","l_km2":0.0246,"z":5179,"typ":"proglacial lake","d":641.0,"chg":15.0,"cls":"stable","glof":0,"prov":"Karnali","gnm":"","rgi":"RGI2000-v7.0-G-15-04006"},"geometry":{"type":"Polygon","coordinates":[[[83.47203,28.85796],[83.47224,28.85838],[83.47349,28.85823],[83.47403,28.85761],[83.4739,28.85742],[83.47419,28.85687],[83.4737,28.85684],[83.4736,28.85668],[83.47388,28.8566],[83.47363,28.8565],[83.47203,28.85796]]]}},{"type":"Feature","properties":{"lake_id":"GL_27.78135_88.02932","l_km2":0.0749,"z":4628,"typ":"unmatched","d":0.0,"chg":null,"cls":"not assessed","glof":0,"prov":"Gandaki","gnm":"","rgi":"RGI2000-v7.0-G-15-07885"},"geometry":{"type":"Polygon","coordinates":[[[88.02737,27.78161],[88.02834,27.78282],[88.02885,27.78308],[88.02889,27.78288],[88.02858,27.78271],[88.02876,27.78256],[88.03022,27.78242],[88.03085,27.78153],[88.03096,27.78077],[88.0302,27.77997],[88.02912,27.78003],[88.02892,27.77976],[88.02897,27.78063],[88.02838,27.7804],[88.02792,27.78087],[88.02784,27.78163],[88.02737,27.78161]]]}},{"type":"Feature","properties":{"lake_id":"GL_27.59122_87.97734","l_km2":0.0246,"z":4966,"typ":"proglacial lake","d":416.0,"chg":0.9,"cls":"stable","glof":0,"prov":"Karnali","gnm":"","rgi":"RGI2000-v7.0-G-15-07844"},"geometry":{"type":"Polygon","coordinates":[[[87.97637,27.59132],[87.9765,27.59184],[87.97689,27.59205],[87.97826,27.5917],[87.97797,27.59062],[87.97762,27.59021],[87.97719,27.59013],[87.97693,27.59034],[87.97708,27.5908],[87.97637,27.59132]]]}},{"type":"Feature","properties":{"lake_id":"GL_27.83084_87.65919","l_km2":0.0213,"z":5188,"typ":"proglacial lake","d":84.0,"chg":1.0,"cls":"stable","glof":0,"prov":"Gandaki","gnm":"","rgi":"RGI2000-v7.0-G-15-07411"},"geometry":{"type":"Polygon","coordinates":[[[87.65808,27.83108],[87.65837,27.83147],[87.65931,27.8317],[87.66003,27.83064],[87.65984,27.82997],[87.6591,27.83008],[87.65869,27.83079],[87.65808,27.83108]]]}},{"type":"Feature","properties":{"lake_id":"GL_27.687_87.69004","l_km2":0.0123,"z":4611,"typ":"unmatched","d":1752.0,"chg":null,"cls":"not assessed","glof":0,"prov":"Karnali","gnm":"","rgi":"RGI2000-v7.0-G-15-07462"},"geometry":{"type":"Polygon","coordinates":[[[87.68964,27.686],[87.68965,27.68752],[87.68996,27.68773],[87.69069,27.6876],[87.68997,27.68605],[87.68964,27.686]]]}},{"type":"Feature","properties":{"lake_id":"GL_27.5232_87.99329","l_km2":0.0127,"z":4385,"typ":"unmatched","d":4215.0,"chg":-4.0,"cls":"stable","glof":0,"prov":"Province 1","gnm":"","rgi":"RGI2000-v7.0-G-15-07843"},"geometry":{"type":"Polygon","coordinates":[[[87.99281,27.5234],[87.99303,27.52389],[87.99362,27.52394],[87.99376,27.52352],[87.99334,27.52223],[87.99308,27.52236],[87.99281,27.5234]]]}},{"type":"Feature","properties":{"lake_id":"GL_27.73903_87.67346","l_km2":0.0209,"z":4846,"typ":"unconnected glacial lake","d":1343.0,"chg":14.8,"cls":"stable","glof":0,"prov":"Province 1","gnm":"","rgi":"RGI2000-v7.0-G-15-07434"},"geometry":{"type":"Polygon","coordinates":[[[87.67246,27.73884],[87.67271,27.73969],[87.67316,27.73983],[87.67423,27.73919],[87.67451,27.73867],[87.67402,27.73831],[87.67246,27.73884]]]}},{"type":"Feature","properties":{"lake_id":"GL_27.65905_87.61459","l_km2":0.0276,"z":4723,"typ":"unconnected glacial lake","d":781.0,"chg":0.1,"cls":"stable","glof":0,"prov":"Province 1","gnm":"","rgi":"RGI2000-v7.0-G-15-07454"},"geometry":{"type":"Polygon","coordinates":[[[87.6137,27.65967],[87.61385,27.66009],[87.61435,27.66021],[87.6151,27.65968],[87.61541,27.65779],[87.61461,27.65801],[87.6137,27.65967]]]}},{"type":"Feature","properties":{"lake_id":"GL_27.68365_87.68799","l_km2":0.017,"z":4589,"typ":"unconnected glacial lake","d":1731.0,"chg":-0.3,"cls":"stable","glof":0,"prov":"Province 1","gnm":"","rgi":"RGI2000-v7.0-G-15-07462"},"geometry":{"type":"Polygon","coordinates":[[[87.68727,27.68327],[87.68748,27.68419],[87.68846,27.68424],[87.68865,27.68322],[87.68746,27.68301],[87.68727,27.68327]]]}},{"type":"Feature","properties":{"lake_id":"GL_27.69392_87.69316","l_km2":0.0146,"z":4763,"typ":"unconnected glacial lake","d":2055.0,"chg":6.8,"cls":"stable","glof":0,"prov":"Province 1","gnm":"","rgi":"RGI2000-v7.0-G-15-07462"},"geometry":{"type":"Polygon","coordinates":[[[87.69233,27.69379],[87.69264,27.69431],[87.69325,27.69467],[87.69393,27.6936],[87.69312,27.69326],[87.69233,27.69379]]]}},{"type":"Feature","properties":{"lake_id":"GL_27.79218_87.58399","l_km2":0.0117,"z":4905,"typ":"unconnected glacial lake","d":2919.0,"chg":19.6,"cls":"not assessed","glof":0,"prov":"Province 1","gnm":"","rgi":"RGI2000-v7.0-G-15-07400"},"geometry":{"type":"Polygon","coordinates":[[[87.58349,27.79206],[87.58373,27.79281],[87.58434,27.7927],[87.5845,27.79221],[87.58415,27.79147],[87.58383,27.79149],[87.58349,27.79206]]]}},{"type":"Feature","properties":{"lake_id":"GL_27.67937_87.90835","l_km2":0.0057,"z":4975,"typ":"unmatched","d":788.0,"chg":2.8,"cls":"not assessed","glof":0,"prov":"Province 1","gnm":"","rgi":"RGI2000-v7.0-G-15-08197"},"geometry":{"type":"Polygon","coordinates":[[[87.90796,27.67918],[87.908,27.67965],[87.90815,27.6795],[87.90823,27.67994],[87.90843,27.67992],[87.90883,27.67917],[87.9083,27.67896],[87.90796,27.67918]]]}},{"type":"Feature","properties":{"lake_id":"GL_27.80887_87.89203","l_km2":0.0156,"z":4909,"typ":"unmatched","d":62.0,"chg":64.6,"cls":"not assessed","glof":0,"prov":"Province 1","gnm":"","rgi":"RGI2000-v7.0-G-15-08170"},"geometry":{"type":"Polygon","coordinates":[[[87.89101,27.8091],[87.8917,27.8094],[87.89277,27.8092],[87.89295,27.80891],[87.89281,27.80846],[87.8921,27.80831],[87.89115,27.80879],[87.89101,27.8091]]]}},{"type":"Feature","properties":{"lake_id":"GL_27.72144_87.92787","l_km2":0.0422,"z":5042,"typ":"proglacial lake","d":131.0,"chg":-3.8,"cls":"stable","glof":0,"prov":"Province 1","gnm":"Naphumba","rgi":"RGI2000-v7.0-G-15-08192"},"geometry":{"type":"Polygon","coordinates":[[[87.92638,27.72058],[87.92655,27.72168],[87.92799,27.7218],[87.92862,27.72207],[87.92901,27.72245],[87.92908,27.723],[87.92953,27.72316],[87.92953,27.72338],[87.93005,27.72338],[87.92855,27.72096],[87.927,27.72007],[87.92664,27.72013],[87.92638,27.72058]]]}},{"type":"Feature","properties":{"lake_id":"GL_27.86295_87.80711","l_km2":0.0141,"z":5063,"typ":"proglacial lake","d":536.0,"chg":8.0,"cls":"stable","glof":0,"prov":"Province 1","gnm":"","rgi":"RGI2000-v7.0-G-15-07500"},"geometry":{"type":"Polygon","coordinates":[[[87.80605,27.86277],[87.80613,27.86299],[87.80792,27.86361],[87.80765,27.86338],[87.80806,27.86292],[87.80791,27.86267],[87.80671,27.86251],[87.80605,27.86277]]]}},{"type":"Feature","properties":{"lake_id":"GL_27.75159_87.77275","l_km2":0.0086,"z":4820,"typ":"unmatched","d":1797.0,"chg":32.3,"cls":"not assessed","glof":0,"prov":"Province 1","gnm":"","rgi":"RGI2000-v7.0-G-15-07463"},"geometry":{"type":"Polygon","coordinates":[[[87.77215,27.7515],[87.77264,27.75206],[87.77308,27.75196],[87.77338,27.7516],[87.77318,27.75126],[87.77261,27.75117],[87.77215,27.7515]]]}},{"type":"Feature","properties":{"lake_id":"GL_27.73469_87.81138","l_km2":0.0299,"z":4808,"typ":"unconnected glacial lake","d":1469.0,"chg":-1.8,"cls":"stable","glof":0,"prov":"Province 1","gnm":"","rgi":"RGI2000-v7.0-G-15-07477"},"geometry":{"type":"Polygon","coordinates":[[[87.81044,27.73465],[87.81089,27.73551],[87.81152,27.73578],[87.81235,27.73469],[87.81246,27.73419],[87.81134,27.73396],[87.81077,27.73358],[87.81044,27.73465]]]}},{"type":"Feature","properties":{"lake_id":"GL_27.76547_87.7909","l_km2":0.033,"z":4825,"typ":"proglacial lake","d":447.0,"chg":4.7,"cls":"stable","glof":0,"prov":"Province 1","gnm":"","rgi":"RGI2000-v7.0-G-15-07465"},"geometry":{"type":"Polygon","coordinates":[[[87.78903,27.76612],[87.78922,27.76632],[87.78991,27.76606],[87.79137,27.76605],[87.79207,27.76547],[87.79241,27.76457],[87.79209,27.76446],[87.79063,27.76501],[87.78937,27.76561],[87.78903,27.76612]]]}},{"type":"Feature","properties":{"lake_id":"GL_27.57003_87.95212","l_km2":0.01,"z":4320,"typ":"unmatched","d":3387.0,"chg":1.8,"cls":"not assessed","glof":0,"prov":"Province 1","gnm":"","rgi":"RGI2000-v7.0-G-15-07847"},"geometry":{"type":"Polygon","coordinates":[[[87.9513,27.56994],[87.95185,27.57018],[87.95221,27.57065],[87.95257,27.57063],[87.95233,27.56948],[87.95195,27.56949],[87.9513,27.56994]]]}},{"type":"Feature","properties":{"lake_id":"GL_27.81612_87.74971","l_km2":0.1683,"z":4903,"typ":"proglacial lake","d":18.0,"chg":0.9,"cls":"stable","glof":2,"prov":"Province 1","gnm":"","rgi":"RGI2000-v7.0-G-15-07505"},"geometry":{"type":"Polygon","coordinates":[[[87.74767,27.81336],[87.74772,27.81441],[87.74928,27.81772],[87.7501,27.81896],[87.75054,27.82014],[87.7511,27.82031],[87.75179,27.81959],[87.75194,27.81827],[87.74971,27.81465],[87.74929,27.8135],[87.74947,27.81232],[87.74851,27.81173],[87.74798,27.81215],[87.74767,27.81336]]]}},{"type":"Feature","properties":{"lake_id":"GL_27.76684_87.79221","l_km2":0.0124,"z":4834,"typ":"proglacial lake","d":454.0,"chg":35.1,"cls":"not assessed","glof":0,"prov":"Province 1","gnm":"","rgi":"RGI2000-v7.0-G-15-07467"},"geometry":{"type":"Polygon","coordinates":[[[87.79137,27.76722],[87.79223,27.76735],[87.79283,27.76695],[87.79293,27.76647],[87.79277,27.7663],[87.79206,27.76637],[87.79137,27.76722]]]}},{"type":"Feature","properties":{"lake_id":"GL_27.7906_87.93455","l_km2":0.1279,"z":4937,"typ":"proglacial lake","d":196.0,"chg":1.2,"cls":"stable","glof":0,"prov":"Province 1","gnm":"","rgi":"RGI2000-v7.0-G-15-08163"},"geometry":{"type":"Polygon","coordinates":[[[87.93255,27.79238],[87.93318,27.79304],[87.93412,27.79342],[87.93523,27.79289],[87.93541,27.79176],[87.93517,27.79032],[87.9348,27.79],[87.93432,27.78886],[87.93473,27.78866],[87.93513,27.78976],[87.93553,27.78974],[87.93756,27.78769],[87.93766,27.78711],[87.93619,27.78824],[87.93523,27.78835],[87.93517,27.78803],[87.93474,27.78803],[87.9339,27.78889],[87.93345,27.78902],[87.93313,27.78977],[87.93332,27.78986],[87.93314,27.79026],[87.93335,27.7912],[87.93255,27.79238]]]}},{"type":"Feature","properties":{"lake_id":"GL_27.54508_88.05012","l_km2":0.2563,"z":5021,"typ":"proglacial lake","d":0.0,"chg":-0.9,"cls":"stable","glof":0,"prov":"Province 1","gnm":"","rgi":"RGI2000-v7.0-G-15-07828"},"geometry":{"type":"Polygon","coordinates":[[[88.04612,27.54421],[88.04645,27.5452],[88.04698,27.5455],[88.04678,27.5459],[88.0487,27.54683],[88.04967,27.54694],[88.04989,27.54664],[88.05046,27.54661],[88.05145,27.54689],[88.0532,27.54698],[88.05423,27.54657],[88.05432,27.54594],[88.05256,27.5445],[88.05251,27.54359],[88.05217,27.54331],[88.05068,27.54306],[88.04739,27.54328],[88.04612,27.54421]]]}},{"type":"Feature","properties":{"lake_id":"GL_27.6801_87.87962","l_km2":0.016,"z":4715,"typ":"unconnected glacial lake","d":2027.0,"chg":14.1,"cls":"stable","glof":0,"prov":"Province 1","gnm":"","rgi":"RGI2000-v7.0-G-15-08197"},"geometry":{"type":"Polygon","coordinates":[[[87.87879,27.68031],[87.87903,27.6807],[87.87966,27.68061],[87.88016,27.68044],[87.88059,27.6799],[87.87969,27.67951],[87.87907,27.67978],[87.87879,27.68031]]]}},{"type":"Feature","properties":{"lake_id":"GL_27.6576_87.86487","l_km2":0.0236,"z":4295,"typ":"unconnected glacial lake","d":4691.0,"chg":1.8,"cls":"stable","glof":0,"prov":"Province 1","gnm":"","rgi":"RGI2000-v7.0-G-15-08197"},"geometry":{"type":"Polygon","coordinates":[[[87.8637,27.65776],[87.86395,27.65809],[87.86539,27.65827],[87.86567,27.65798],[87.86582,27.65699],[87.86483,27.65694],[87.86412,27.65727],[87.8637,27.65776]]]}},{"type":"Feature","properties":{"lake_id":"GL_27.59246_87.97237","l_km2":0.0084,"z":4927,"typ":"unmatched","d":511.0,"chg":-3.5,"cls":"not assessed","glof":0,"prov":"Province 1","gnm":"","rgi":"RGI2000-v7.0-G-15-07846"},"geometry":{"type":"Polygon","coordinates":[[[87.97192,27.59174],[87.97207,27.59277],[87.97232,27.59304],[87.97268,27.59304],[87.9727,27.59219],[87.97192,27.59174]]]}},{"type":"Feature","properties":{"lake_id":"GL_27.69475_87.89341","l_km2":0.0332,"z":4568,"typ":"proglacial lake","d":615.0,"chg":7.8,"cls":"stable","glof":0,"prov":"Province 1","gnm":"","rgi":"RGI2000-v7.0-G-15-08197"},"geometry":{"type":"Polygon","coordinates":[[[87.89158,27.69479],[87.89276,27.69499],[87.89262,27.69582],[87.89282,27.69583],[87.89396,27.69541],[87.89431,27.69463],[87.89454,27.69447],[87.89508,27.69454],[87.89514,27.69434],[87.89466,27.69433],[87.89437,27.69396],[87.89403,27.69393],[87.89158,27.69479]]]}},{"type":"Feature","properties":{"lake_id":"GL_27.64719_87.98163","l_km2":0.0201,"z":4900,"typ":"proglacial lake","d":747.0,"chg":1.4,"cls":"stable","glof":0,"prov":"Province 1","gnm":"","rgi":"RGI2000-v7.0-G-15-08097"},"geometry":{"type":"Polygon","coordinates":[[[87.981,27.6464],[87.98101,27.64723],[87.98131,27.64783],[87.98166,27.64815],[87.98205,27.64811],[87.98227,27.64791],[87.98224,27.64717],[87.98191,27.64643],[87.98118,27.64626],[87.981,27.6464]]]}},{"type":"Feature","properties":{"lake_id":"GL_27.54138_88.0451","l_km2":0.0152,"z":4922,"typ":"proglacial lake","d":693.0,"chg":-2.0,"cls":"stable","glof":0,"prov":"Province 1","gnm":"","rgi":"RGI2000-v7.0-G-15-07828"},"geometry":{"type":"Polygon","coordinates":[[[88.04424,27.54063],[88.04492,27.54198],[88.04547,27.54218],[88.04602,27.5419],[88.04501,27.54077],[88.04449,27.54049],[88.04424,27.54063]]]}},{"type":"Feature","properties":{"lake_id":"GL_27.59467_87.97213","l_km2":0.0223,"z":4941,"typ":"proglacial lake","d":266.0,"chg":0.4,"cls":"stable","glof":0,"prov":"Province 1","gnm":"","rgi":"RGI2000-v7.0-G-15-07846"},"geometry":{"type":"Polygon","coordinates":[[[87.97145,27.59366],[87.97171,27.59512],[87.97265,27.59578],[87.97286,27.59538],[87.97263,27.59414],[87.97165,27.59366],[87.97145,27.59366]]]}},{"type":"Feature","properties":{"lake_id":"GL_27.53715_87.97137","l_km2":0.0078,"z":4381,"typ":"unmatched","d":4747.0,"chg":6.0,"cls":"not assessed","glof":0,"prov":"Province 1","gnm":"","rgi":"RGI2000-v7.0-G-15-07843"},"geometry":{"type":"Polygon","coordinates":[[[87.97069,27.53708],[87.97128,27.53748],[87.97207,27.53731],[87.97191,27.53699],[87.97099,27.53672],[87.97069,27.53708]]]}},{"type":"Feature","properties":{"lake_id":"GL_27.73663_87.94148","l_km2":0.0524,"z":5050,"typ":"proglacial lake","d":108.0,"chg":-2.0,"cls":"stable","glof":0,"prov":"Province 1","gnm":"","rgi":"RGI2000-v7.0-G-15-08189"},"geometry":{"type":"Polygon","coordinates":[[[87.94017,27.73683],[87.94024,27.73766],[87.9412,27.73803],[87.94227,27.73721],[87.94312,27.73536],[87.94257,27.73524],[87.94199,27.73563],[87.94095,27.73568],[87.94017,27.73683]]]}},{"type":"Feature","properties":{"lake_id":"GL_27.43684_88.04887","l_km2":0.006,"z":4220,"typ":"unmatched","d":9955.0,"chg":15.6,"cls":"not assessed","glof":0,"prov":"Province 1","gnm":"","rgi":"RGI2000-v7.0-G-15-07841"},"geometry":{"type":"Polygon","coordinates":[[[88.04834,27.43672],[88.04869,27.43724],[88.0491,27.4372],[88.04932,27.43685],[88.04905,27.43644],[88.04834,27.43672]]]}},{"type":"Feature","properties":{"lake_id":"GL_27.76159_87.79439","l_km2":0.0127,"z":4907,"typ":"proglacial lake","d":36.0,"chg":4.3,"cls":"stable","glof":0,"prov":"Province 1","gnm":"","rgi":"RGI2000-v7.0-G-15-07465"},"geometry":{"type":"Polygon","coordinates":[[[87.79381,27.76167],[87.79393,27.76199],[87.79459,27.76231],[87.79495,27.76177],[87.79488,27.76128],[87.79433,27.76076],[87.79381,27.76167]]]}},{"type":"Feature","properties":{"lake_id":"GL_30.02048_81.36556","l_km2":0.0201,"z":5010,"typ":"proglacial lake","d":57.0,"chg":40.5,"cls":"expanding","glof":0,"prov":"Province 1","gnm":"","rgi":"RGI2000-v7.0-G-15-02268"},"geometry":{"type":"Polygon","coordinates":[[[81.36454,30.01993],[81.3655,30.02126],[81.36614,30.02139],[81.36645,30.02116],[81.3661,30.02006],[81.36578,30.01978],[81.36481,30.01975],[81.36454,30.01993]]]}},{"type":"Feature","properties":{"lake_id":"GL_30.10538_81.73945","l_km2":0.0048,"z":4770,"typ":"unmatched","d":3895.0,"chg":9.1,"cls":"not assessed","glof":0,"prov":"Province 1","gnm":"","rgi":"RGI2000-v7.0-G-15-02861"},"geometry":{"type":"Polygon","coordinates":[[[81.73881,30.1053],[81.73935,30.10566],[81.73997,30.1055],[81.73959,30.10508],[81.73881,30.1053]]]}},{"type":"Feature","properties":{"lake_id":"GL_30.17389_81.65255","l_km2":0.0096,"z":5224,"typ":"unmatched","d":395.0,"chg":7.9,"cls":"not assessed","glof":0,"prov":"Province 1","gnm":"","rgi":"RGI2000-v7.0-G-15-02832"},"geometry":{"type":"Polygon","coordinates":[[[81.65185,30.17372],[81.6521,30.17411],[81.65302,30.17445],[81.65335,30.17409],[81.65328,30.17385],[81.65301,30.174],[81.65266,30.17366],[81.65274,30.17331],[81.65209,30.17341],[81.65185,30.17372]]]}},{"type":"Feature","properties":{"lake_id":"GL_30.00313_81.55355","l_km2":0.0112,"z":4893,"typ":"unmatched","d":806.0,"chg":57.8,"cls":"not assessed","glof":0,"prov":"Province 1","gnm":"","rgi":"RGI2000-v7.0-G-15-02301"},"geometry":{"type":"Polygon","coordinates":[[[81.55285,30.00233],[81.55318,30.0027],[81.55308,30.00341],[81.55414,30.00373],[81.55418,30.00297],[81.55333,30.00274],[81.55328,30.0024],[81.55285,30.00233]]]}},{"type":"Feature","properties":{"lake_id":"GL_29.9288_81.03974","l_km2":0.0056,"z":4878,"typ":"proglacial lake","d":895.0,"chg":6.9,"cls":"not assessed","glof":0,"prov":"Karnali","gnm":"","rgi":"RGI2000-v7.0-G-15-02225"},"geometry":{"type":"Polygon","coordinates":[[[81.03925,29.92869],[81.03972,29.92921],[81.04024,29.92881],[81.03966,29.92843],[81.03925,29.92869]]]}},{"type":"Feature","properties":{"lake_id":"GL_30.02001_81.31735","l_km2":0.0102,"z":5108,"typ":"unmatched","d":0.0,"chg":null,"cls":"not assessed","glof":0,"prov":"Karnali","gnm":"","rgi":"RGI2000-v7.0-G-15-02266"},"geometry":{"type":"Polygon","coordinates":[[[81.3164,30.0201],[81.31771,30.0204],[81.31804,30.02034],[81.31808,30.02001],[81.31793,30.01971],[81.31733,30.01957],[81.3164,30.0201]]]}},{"type":"Feature","properties":{"lake_id":"GL_30.28448_81.47469","l_km2":0.01,"z":5309,"typ":"unmatched","d":496.0,"chg":1.3,"cls":"not assessed","glof":0,"prov":"Karnali","gnm":"","rgi":"RGI2000-v7.0-G-15-02808"},"geometry":{"type":"Polygon","coordinates":[[[81.47415,30.28439],[81.47438,30.28497],[81.47488,30.28505],[81.47519,30.28477],[81.47521,30.28439],[81.47475,30.28383],[81.47415,30.28439]]]}},{"type":"Feature","properties":{"lake_id":"GL_28.85546_83.9148","l_km2":0.0053,"z":5048,"typ":"unmatched","d":3109.0,"chg":30.5,"cls":"not assessed","glof":0,"prov":"Karnali","gnm":"","rgi":"RGI2000-v7.0-G-15-04622"},"geometry":{"type":"Polygon","coordinates":[[[83.91446,28.8555],[83.91468,28.85596],[83.91506,28.85585],[83.91511,28.85539],[83.91475,28.85479],[83.91446,28.8555]]]}},{"type":"Feature","properties":{"lake_id":"GL_30.14011_81.99754","l_km2":0.0467,"z":4769,"typ":"unconnected glacial lake","d":4823.0,"chg":2.6,"cls":"stable","glof":0,"prov":"Sudurpaschim","gnm":"","rgi":"RGI2000-v7.0-G-15-02911"},"geometry":{"type":"Polygon","coordinates":[[[81.99653,30.13993],[81.99679,30.14105],[81.9975,30.14146],[81.99843,30.14098],[81.99873,30.14053],[81.99805,30.13898],[81.99676,30.13892],[81.99653,30.13993]]]}},{"type":"Feature","properties":{"lake_id":"GL_30.00854_81.72194","l_km2":0.0128,"z":3836,"typ":"unmatched","d":5012.0,"chg":9.2,"cls":"stable","glof":0,"prov":"Sudurpaschim","gnm":"","rgi":"RGI2000-v7.0-G-15-02471"},"geometry":{"type":"Polygon","coordinates":[[[81.72104,30.00821],[81.72169,30.00873],[81.72194,30.00929],[81.72229,30.0092],[81.72256,30.00871],[81.72241,30.00811],[81.72183,30.00801],[81.72104,30.00821]]]}},{"type":"Feature","properties":{"lake_id":"GL_30.03291_81.33454","l_km2":0.0048,"z":4965,"typ":"unmatched","d":558.0,"chg":9.4,"cls":"not assessed","glof":0,"prov":"Karnali","gnm":"","rgi":"RGI2000-v7.0-G-15-02264"},"geometry":{"type":"Polygon","coordinates":[[[81.33391,30.03294],[81.3343,30.03313],[81.33517,30.03297],[81.33486,30.03265],[81.33391,30.03294]]]}},{"type":"Feature","properties":{"lake_id":"GL_29.7784_81.64071","l_km2":0.0426,"z":4272,"typ":"unconnected glacial lake","d":2101.0,"chg":7.8,"cls":"stable","glof":0,"prov":"Gandaki","gnm":"","rgi":"RGI2000-v7.0-G-15-02492"},"geometry":{"type":"Polygon","coordinates":[[[81.63919,29.77818],[81.63971,29.77907],[81.64023,29.77906],[81.64074,29.77984],[81.64136,29.77983],[81.64123,29.77922],[81.64141,29.77861],[81.64221,29.77741],[81.64163,29.77722],[81.64035,29.77775],[81.63948,29.77782],[81.63919,29.77818]]]}},{"type":"Feature","properties":{"lake_id":"GL_30.05851_81.95474","l_km2":0.1053,"z":4432,"typ":"proglacial lake","d":957.0,"chg":1.9,"cls":"stable","glof":0,"prov":"Karnali","gnm":"","rgi":"RGI2000-v7.0-G-15-02886"},"geometry":{"type":"Polygon","coordinates":[[[81.95261,30.05806],[81.9525,30.05909],[81.95323,30.05997],[81.95498,30.06016],[81.95658,30.05874],[81.95698,30.05733],[81.95654,30.05686],[81.9557,30.05687],[81.95261,30.05806]]]}},{"type":"Feature","properties":{"lake_id":"GL_29.89362_82.03146","l_km2":0.0085,"z":4668,"typ":"unmatched","d":3588.0,"chg":14.0,"cls":"not assessed","glof":0,"prov":"Karnali","gnm":"","rgi":"RGI2000-v7.0-G-15-04456"},"geometry":{"type":"Polygon","coordinates":[[[82.03092,29.89358],[82.03102,29.894],[82.03134,29.89416],[82.03185,29.89385],[82.03205,29.89341],[82.03184,29.8932],[82.03128,29.8932],[82.03092,29.89358]]]}},{"type":"Feature","properties":{"lake_id":"GL_28.31486_85.68766","l_km2":0.007,"z":5074,"typ":"unmatched","d":0.0,"chg":27.3,"cls":"not assessed","glof":0,"prov":"Karnali","gnm":"Langtang glacier","rgi":"RGI2000-v7.0-G-15-05860"},"geometry":{"type":"Polygon","coordinates":[[[85.68713,28.31469],[85.68758,28.31505],[85.68773,28.31567],[85.68805,28.31471],[85.68744,28.31422],[85.68713,28.31469]]]}},{"type":"Feature","properties":{"lake_id":"GL_30.13835_81.78879","l_km2":0.0065,"z":5159,"typ":"unmatched","d":0.0,"chg":-32.9,"cls":"stable","glof":0,"prov":"Sudurpaschim","gnm":"","rgi":"RGI2000-v7.0-G-15-02852"},"geometry":{"type":"Polygon","coordinates":[[[81.78833,30.13849],[81.78881,30.13889],[81.78924,30.13851],[81.78897,30.13784],[81.78853,30.13795],[81.78833,30.13849]]]}},{"type":"Feature","properties":{"lake_id":"GL_28.17878_85.69797","l_km2":0.0561,"z":4745,"typ":"proglacial lake","d":292.0,"chg":2.8,"cls":"stable","glof":0,"prov":"Karnali","gnm":"","rgi":"RGI2000-v7.0-G-15-05819"},"geometry":{"type":"Polygon","coordinates":[[[85.69683,28.17772],[85.6974,28.17961],[85.69784,28.17994],[85.69808,28.18058],[85.69861,28.18071],[85.6987,28.18013],[85.69948,28.17944],[85.69885,28.17905],[85.69838,28.17755],[85.69778,28.17707],[85.69705,28.17696],[85.69683,28.17772]]]}},{"type":"Feature","properties":{"lake_id":"GL_30.13936_81.7726","l_km2":0.0051,"z":5091,"typ":"unmatched","d":1385.0,"chg":47.7,"cls":"not assessed","glof":0,"prov":"Karnali","gnm":"","rgi":"RGI2000-v7.0-G-15-02851"},"geometry":{"type":"Polygon","coordinates":[[[81.77222,30.13931],[81.77262,30.13981],[81.77293,30.13978],[81.7727,30.13893],[81.77236,30.13893],[81.77222,30.13931]]]}},{"type":"Feature","properties":{"lake_id":"GL_28.0757_85.4255","l_km2":0.0125,"z":4610,"typ":"unconnected glacial lake","d":4995.0,"chg":15.2,"cls":"stable","glof":0,"prov":"Bagmati","gnm":"","rgi":"RGI2000-v7.0-G-15-05927"},"geometry":{"type":"Polygon","coordinates":[[[85.42465,28.07606],[85.42492,28.07621],[85.42573,28.07609],[85.42627,28.07578],[85.42623,28.07545],[85.42599,28.07517],[85.42554,28.07517],[85.42493,28.07556],[85.42465,28.07606]]]}},{"type":"Feature","properties":{"lake_id":"GL_28.07693_85.41793","l_km2":0.0055,"z":4403,"typ":"unmatched","d":5555.0,"chg":33.2,"cls":"not assessed","glof":0,"prov":"Karnali","gnm":"","rgi":"RGI2000-v7.0-G-15-05927"},"geometry":{"type":"Polygon","coordinates":[[[85.41762,28.07726],[85.41786,28.07745],[85.41819,28.07722],[85.41825,28.07669],[85.41793,28.07636],[85.41762,28.07726]]]}},{"type":"Feature","properties":{"lake_id":"GL_28.12592_85.47938","l_km2":0.0065,"z":4678,"typ":"unmatched","d":1311.0,"chg":14.6,"cls":"not assessed","glof":0,"prov":"Bagmati","gnm":"","rgi":"RGI2000-v7.0-G-15-06128"},"geometry":{"type":"Polygon","coordinates":[[[85.47901,28.12574],[85.47926,28.12644],[85.47961,28.1264],[85.47979,28.1262],[85.47959,28.12583],[85.47972,28.12555],[85.47921,28.12538],[85.47901,28.12574]]]}},{"type":"Feature","properties":{"lake_id":"GL_28.80255_83.10187","l_km2":0.0148,"z":5265,"typ":"unmatched","d":468.0,"chg":12.5,"cls":"stable","glof":1,"prov":"Karnali","gnm":"","rgi":"RGI2000-v7.0-G-15-04316"},"geometry":{"type":"Polygon","coordinates":[[[83.10095,28.80212],[83.10134,28.80289],[83.10288,28.80305],[83.10239,28.80231],[83.10138,28.80197],[83.10095,28.80212]]]}},{"type":"Feature","properties":{"lake_id":"GL_28.71964_83.12099","l_km2":0.0056,"z":5078,"typ":"unmatched","d":473.0,"chg":8.0,"cls":"not assessed","glof":0,"prov":"Bagmati","gnm":"","rgi":"RGI2000-v7.0-G-15-04341"},"geometry":{"type":"Polygon","coordinates":[[[83.12051,28.71945],[83.12095,28.72006],[83.12147,28.71962],[83.12114,28.71928],[83.12051,28.71945]]]}},{"type":"Feature","properties":{"lake_id":"GL_28.65822_83.10686","l_km2":0.0356,"z":4478,"typ":"unconnected glacial lake","d":5966.0,"chg":4.4,"cls":"stable","glof":0,"prov":"Bagmati","gnm":"","rgi":"RGI2000-v7.0-G-15-04341"},"geometry":{"type":"Polygon","coordinates":[[[83.1049,28.65886],[83.10503,28.65907],[83.10577,28.65923],[83.1078,28.65849],[83.10826,28.65807],[83.10822,28.65706],[83.10686,28.65769],[83.10631,28.65765],[83.10604,28.65825],[83.1049,28.65886]]]}},{"type":"Feature","properties":{"lake_id":"GL_28.70276_83.10477","l_km2":0.0187,"z":4719,"typ":"unconnected glacial lake","d":2562.0,"chg":-0.5,"cls":"stable","glof":0,"prov":"Bagmati","gnm":"","rgi":"RGI2000-v7.0-G-15-04341"},"geometry":{"type":"Polygon","coordinates":[[[83.10367,28.70264],[83.10407,28.70312],[83.105,28.70352],[83.10526,28.7033],[83.10517,28.703],[83.10558,28.70283],[83.10565,28.70238],[83.10538,28.70211],[83.10474,28.70199],[83.10447,28.7025],[83.10395,28.70244],[83.10367,28.70264]]]}},{"type":"Feature","properties":{"lake_id":"GL_29.03741_83.28136","l_km2":0.0225,"z":5231,"typ":"unconnected glacial lake","d":2866.0,"chg":6.3,"cls":"stable","glof":0,"prov":"Karnali","gnm":"","rgi":"RGI2000-v7.0-G-15-03933"},"geometry":{"type":"Polygon","coordinates":[[[83.2802,29.03685],[83.28051,29.0377],[83.28158,29.03804],[83.2824,29.03792],[83.28237,29.03727],[83.28178,29.03692],[83.2802,29.03685]]]}},{"type":"Feature","properties":{"lake_id":"GL_28.70697_83.10639","l_km2":0.0234,"z":4810,"typ":"unconnected glacial lake","d":2263.0,"chg":-3.2,"cls":"stable","glof":0,"prov":"Lumbini","gnm":"","rgi":"RGI2000-v7.0-G-15-04341"},"geometry":{"type":"Polygon","coordinates":[[[83.10531,28.70615],[83.10527,28.7072],[83.10698,28.70741],[83.10713,28.70788],[83.10782,28.70765],[83.10754,28.70691],[83.10683,28.70707],[83.10562,28.706],[83.10531,28.70615]]]}},{"type":"Feature","properties":{"lake_id":"GL_28.94937_83.30104","l_km2":0.0077,"z":5298,"typ":"unmatched","d":317.0,"chg":14.3,"cls":"not assessed","glof":0,"prov":"Lumbini","gnm":"","rgi":"RGI2000-v7.0-G-15-03939"},"geometry":{"type":"Polygon","coordinates":[[[83.3003,28.94945],[83.30088,28.9498],[83.30179,28.94931],[83.30111,28.94898],[83.3003,28.94945]]]}},{"type":"Feature","properties":{"lake_id":"GL_29.07653_83.65161","l_km2":0.0331,"z":5471,"typ":"proglacial lake","d":521.0,"chg":7.3,"cls":"stable","glof":0,"prov":"Lumbini","gnm":"","rgi":"RGI2000-v7.0-G-15-04175"},"geometry":{"type":"Polygon","coordinates":[[[83.64991,29.07643],[83.65016,29.07661],[83.65043,29.07648],[83.65039,29.0768],[83.65075,29.07701],[83.65205,29.07742],[83.6526,29.07717],[83.65259,29.076],[83.65294,29.07583],[83.65084,29.07584],[83.65064,29.07604],[83.65079,29.07634],[83.65027,29.07619],[83.64991,29.07643]]]}},{"type":"Feature","properties":{"lake_id":"GL_29.36679_83.40168","l_km2":0.0073,"z":5325,"typ":"unmatched","d":1415.0,"chg":18.9,"cls":"not assessed","glof":0,"prov":"Karnali","gnm":"","rgi":"RGI2000-v7.0-G-15-03929"},"geometry":{"type":"Polygon","coordinates":[[[83.40107,29.36665],[83.40114,29.36692],[83.40175,29.36719],[83.40221,29.36695],[83.40223,29.36663],[83.40177,29.36644],[83.40107,29.36665]]]}},{"type":"Feature","properties":{"lake_id":"GL_29.22625_83.35428","l_km2":0.0123,"z":5361,"typ":"unmatched","d":650.0,"chg":3.0,"cls":"stable","glof":0,"prov":"Lumbini","gnm":"","rgi":"RGI2000-v7.0-G-15-03898"},"geometry":{"type":"Polygon","coordinates":[[[83.35377,29.2262],[83.35403,29.22697],[83.35473,29.22679],[83.35476,29.22609],[83.35448,29.22572],[83.3547,29.22537],[83.35398,29.22558],[83.35377,29.2262]]]}},{"type":"Feature","properties":{"lake_id":"GL_28.70322_83.16129","l_km2":0.0054,"z":5111,"typ":"unmatched","d":0.0,"chg":-3.3,"cls":"not assessed","glof":0,"prov":"Karnali","gnm":"","rgi":"RGI2000-v7.0-G-15-04344"},"geometry":{"type":"Polygon","coordinates":[[[83.16095,28.70302],[83.16098,28.70365],[83.16139,28.70355],[83.1617,28.70277],[83.16095,28.70302]]]}},{"type":"Feature","properties":{"lake_id":"GL_29.05092_83.03606","l_km2":0.017,"z":5106,"typ":"proglacial lake","d":252.0,"chg":3.3,"cls":"stable","glof":0,"prov":"Gandaki","gnm":"","rgi":"RGI2000-v7.0-G-15-03865"},"geometry":{"type":"Polygon","coordinates":[[[83.0354,29.05131],[83.03568,29.0519],[83.03634,29.05115],[83.037,29.05094],[83.03626,29.04991],[83.03569,29.05038],[83.0354,29.05131]]]}},{"type":"Feature","properties":{"lake_id":"GL_27.97005_86.5887","l_km2":0.0236,"z":5200,"typ":"unconnected glacial lake","d":1988.0,"chg":11.9,"cls":"stable","glof":0,"prov":"Karnali","gnm":"Bhote Kosi","rgi":"RGI2000-v7.0-G-15-08551"},"geometry":{"type":"Polygon","coordinates":[[[86.58802,27.97011],[86.58824,27.97109],[86.58908,27.9714],[86.58886,27.97033],[86.58969,27.9697],[86.58908,27.96903],[86.58862,27.96892],[86.58802,27.97011]]]}},{"type":"Feature","properties":{"lake_id":"GL_28.00113_86.69491","l_km2":0.0207,"z":4908,"typ":"unmatched","d":0.0,"chg":82.3,"cls":"not assessed","glof":0,"prov":"Karnali","gnm":"Ngojumba","rgi":"RGI2000-v7.0-G-15-08305"},"geometry":{"type":"Polygon","coordinates":[[[86.69399,28.00094],[86.69449,28.00184],[86.69516,28.00213],[86.69555,28.00136],[86.69527,28.00067],[86.69555,28.00069],[86.69568,28.0004],[86.69502,28.00007],[86.69464,28.0009],[86.69421,28.00074],[86.69399,28.00094]]]}},{"type":"Feature","properties":{"lake_id":"GL_27.86029_86.47725","l_km2":1.6638,"z":4548,"typ":"proglacial lake","d":0.0,"chg":4.1,"cls":"expanding","glof":0,"prov":"Gandaki","gnm":"Rolwaling","rgi":"RGI2000-v7.0-G-15-08533"},"geometry":{"type":"Polygon","coordinates":[[[86.46293,27.86934],[86.4632,27.8695],[86.46329,27.87006],[86.46297,27.8704],[86.46357,27.87096],[86.46431,27.87102],[86.46469,27.87129],[86.46605,27.87119],[86.46776,27.87049],[86.46998,27.86895],[86.47407,27.86736],[86.47848,27.86354],[86.48216,27.85942],[86.4823,27.85901],[86.4836,27.85788],[86.4853,27.85565],[86.48677,27.85421],[86.48804,27.85208],[86.49047,27.84906],[86.49213,27.84769],[86.49206,27.84724],[86.49247,27.84701],[86.49221,27.84657],[86.49134,27.84614],[86.49049,27.84613],[86.49059,27.84637],[86.48847,27.84788],[86.48714,27.84949],[86.4859,27.85025],[86.48416,27.85237],[86.4829,27.85278],[86.4784,27.85547],[86.47505,27.8588],[86.47107,27.86343],[86.46907,27.86495],[86.4644,27.86772],[86.46293,27.86934]]]}},{"type":"Feature","properties":{"lake_id":"GL_27.89065_86.46543","l_km2":0.033,"z":4695,"typ":"ice-marginal lake","d":168.0,"chg":6.4,"cls":"stable","glof":1,"prov":"Karnali","gnm":"Ripimo Shar","rgi":"RGI2000-v7.0-G-15-06437"},"geometry":{"type":"Polygon","coordinates":[[[86.46389,27.88927],[86.46417,27.89017],[86.46485,27.89097],[86.46543,27.89108],[86.46581,27.89153],[86.46692,27.8921],[86.46717,27.89196],[86.46576,27.89017],[86.4648,27.88982],[86.46411,27.88916],[86.46389,27.88927]]]}},{"type":"Feature","properties":{"lake_id":"GL_27.9973_86.83582","l_km2":0.1129,"z":5297,"typ":"proglacial lake","d":208.0,"chg":0.7,"cls":"stable","glof":0,"prov":"Province 1","gnm":"","rgi":"RGI2000-v7.0-G-15-08293"},"geometry":{"type":"Polygon","coordinates":[[[86.83398,27.99804],[86.83509,27.99948],[86.83558,27.99977],[86.83603,27.99959],[86.83695,27.99815],[86.83742,27.99564],[86.83707,27.99542],[86.83724,27.9945],[86.8363,27.99479],[86.83622,27.99513],[86.83481,27.99639],[86.83416,27.99715],[86.83398,27.99804]]]}},{"type":"Feature","properties":{"lake_id":"GL_27.98722_86.60953","l_km2":0.0178,"z":4799,"typ":"proglacial lake","d":0.0,"chg":2.0,"cls":"stable","glof":0,"prov":"Province 1","gnm":"Bhote Kosi","rgi":"RGI2000-v7.0-G-15-08551"},"geometry":{"type":"Polygon","coordinates":[[[86.60889,27.98673],[86.60893,27.98744],[86.60937,27.98765],[86.60965,27.98868],[86.61002,27.98742],[86.60972,27.98709],[86.61007,27.98664],[86.60993,27.9861],[86.60966,27.98612],[86.60948,27.98657],[86.60911,27.98642],[86.60889,27.98673]]]}},{"type":"Feature","properties":{"lake_id":"GL_28.03802_86.71","l_km2":0.1538,"z":5344,"typ":"proglacial lake","d":556.0,"chg":0.9,"cls":"stable","glof":0,"prov":"Bagmati","gnm":"Ngojumba","rgi":"RGI2000-v7.0-G-15-08305"},"geometry":{"type":"Polygon","coordinates":[[[86.70725,28.03942],[86.70773,28.03995],[86.7107,28.03954],[86.71207,28.03855],[86.71268,28.03738],[86.71281,28.03654],[86.71089,28.03614],[86.70976,28.03639],[86.70929,28.03675],[86.70804,28.03715],[86.70778,28.03742],[86.70747,28.03931],[86.70725,28.03942]]]}},{"type":"Feature","properties":{"lake_id":"GL_27.93189_86.6471","l_km2":0.0113,"z":4896,"typ":"unconnected glacial lake","d":1419.0,"chg":201.8,"cls":"expanding","glof":0,"prov":"Bagmati","gnm":"","rgi":"RGI2000-v7.0-G-15-06699"},"geometry":{"type":"Polygon","coordinates":[[[86.64661,27.93202],[86.64706,27.93274],[86.64755,27.93189],[86.64747,27.93115],[86.64698,27.93126],[86.64661,27.93202]]]}},{"type":"Feature","properties":{"lake_id":"GL_27.94441_86.82418","l_km2":0.0198,"z":4926,"typ":"unmatched","d":252.0,"chg":-3.9,"cls":"stable","glof":0,"prov":"Province 1","gnm":"Khumbu Glacier","rgi":"RGI2000-v7.0-G-15-08331"},"geometry":{"type":"Polygon","coordinates":[[[86.82249,27.94364],[86.82412,27.94444],[86.82479,27.94556],[86.82544,27.94536],[86.82534,27.94474],[86.82399,27.94409],[86.82378,27.94347],[86.82249,27.94364]]]}},{"type":"Feature","properties":{"lake_id":"GL_27.93355_86.648","l_km2":0.0192,"z":4896,"typ":"unconnected glacial lake","d":1184.0,"chg":75.2,"cls":"expanding","glof":0,"prov":"Province 1","gnm":"","rgi":"RGI2000-v7.0-G-15-06699"},"geometry":{"type":"Polygon","coordinates":[[[86.64704,27.93291],[86.64733,27.93399],[86.64817,27.93412],[86.64909,27.93392],[86.64909,27.9335],[86.64848,27.93314],[86.64704,27.93291]]]}},{"type":"Feature","properties":{"lake_id":"GL_27.79437_86.91118","l_km2":0.1892,"z":5253,"typ":"proglacial lake","d":573.0,"chg":4.3,"cls":"expanding","glof":0,"prov":"Province 1","gnm":"Mera","rgi":"RGI2000-v7.0-G-15-06804"},"geometry":{"type":"Polygon","coordinates":[[[86.90876,27.79654],[86.90939,27.79809],[86.9105,27.79878],[86.91083,27.79866],[86.91127,27.79788],[86.91162,27.79468],[86.91249,27.79299],[86.91341,27.79221],[86.91364,27.79062],[86.9139,27.79046],[86.91406,27.78981],[86.91323,27.78983],[86.91116,27.7917],[86.91069,27.79252],[86.91043,27.79376],[86.90916,27.79549],[86.90924,27.79622],[86.90876,27.79654]]]}},{"type":"Feature","properties":{"lake_id":"GL_27.9392_86.81565","l_km2":0.0121,"z":4924,"typ":"unconnected glacial lake","d":0.0,"chg":-45.3,"cls":"shrinking","glof":0,"prov":"Province 1","gnm":"Khumbu Glacier","rgi":"RGI2000-v7.0-G-15-08331"},"geometry":{"type":"Polygon","coordinates":[[[86.81477,27.93921],[86.81504,27.93964],[86.81549,27.93964],[86.81557,27.93932],[86.81608,27.93966],[86.81642,27.93887],[86.81589,27.93865],[86.81563,27.93897],[86.81477,27.93921]]]}},{"type":"Feature","properties":{"lake_id":"GL_27.87779_87.85417","l_km2":0.0129,"z":5210,"typ":"unmatched","d":396.0,"chg":13.4,"cls":"stable","glof":0,"prov":"Province 1","gnm":"","rgi":"RGI2000-v7.0-G-15-07949"},"geometry":{"type":"Polygon","coordinates":[[[87.85394,27.87738],[87.85348,27.87825],[87.85395,27.8785],[87.85464,27.87797],[87.85497,27.87717],[87.85394,27.87738]]]}},{"type":"Feature","properties":{"lake_id":"GL_27.84373_87.87554","l_km2":0.0451,"z":5262,"typ":"proglacial lake","d":676.0,"chg":0.9,"cls":"stable","glof":0,"prov":"Province 1","gnm":"","rgi":"RGI2000-v7.0-G-15-08204"},"geometry":{"type":"Polygon","coordinates":[[[87.87443,27.84322],[87.87472,27.84473],[87.87542,27.84495],[87.87635,27.84442],[87.87685,27.84313],[87.87631,27.84274],[87.87495,27.84268],[87.87443,27.84322]]]}},{"type":"Feature","properties":{"lake_id":"GL_27.85787_87.92928","l_km2":0.0046,"z":5309,"typ":"unmatched","d":386.0,"chg":7.1,"cls":"not assessed","glof":0,"prov":"Province 1","gnm":"","rgi":"RGI2000-v7.0-G-15-07956"},"geometry":{"type":"Polygon","coordinates":[[[87.92884,27.85781],[87.92909,27.85815],[87.92968,27.85806],[87.92943,27.8575],[87.92884,27.85781]]]}},{"type":"Feature","properties":{"lake_id":"GL_27.90427_87.9167","l_km2":0.0274,"z":5463,"typ":"proglacial lake","d":0.0,"chg":-1.5,"cls":"stable","glof":0,"prov":"Province 1","gnm":"","rgi":"RGI2000-v7.0-G-15-07939"},"geometry":{"type":"Polygon","coordinates":[[[87.91566,27.90376],[87.91579,27.90437],[87.9164,27.90487],[87.91699,27.90517],[87.91766,27.90513],[87.91761,27.90409],[87.91721,27.90403],[87.91637,27.90321],[87.91566,27.90376]]]}},{"type":"Feature","properties":{"lake_id":"GL_29.78273_81.15266","l_km2":0.0049,"z":3864,"typ":"unmatched","d":2546.0,"chg":0.7,"cls":"not assessed","glof":0,"prov":"Province 1","gnm":"","rgi":"RGI2000-v7.0-G-15-02640"},"geometry":{"type":"Polygon","coordinates":[[[81.15229,29.78271],[81.15233,29.78309],[81.15291,29.783],[81.15297,29.7823],[81.15229,29.78271]]]}},{"type":"Feature","properties":{"lake_id":"GL_27.97164_86.55728","l_km2":0.0121,"z":5083,"typ":"unmatched","d":427.0,"chg":14.7,"cls":"stable","glof":0,"prov":"Province 1","gnm":"Melung","rgi":"RGI2000-v7.0-G-15-08547"},"geometry":{"type":"Polygon","coordinates":[[[86.5567,27.97164],[86.55682,27.97211],[86.55741,27.97226],[86.5579,27.97145],[86.55766,27.97114],[86.55709,27.97101],[86.5567,27.97164]]]}},{"type":"Feature","properties":{"lake_id":"GL_28.01731_86.72131","l_km2":0.1987,"z":5070,"typ":"ice-marginal lake","d":434.0,"chg":1.1,"cls":"stable","glof":0,"prov":"Province 1","gnm":"Ngojumba","rgi":"RGI2000-v7.0-G-15-08305"},"geometry":{"type":"Polygon","coordinates":[[[86.71782,28.01796],[86.71841,28.01856],[86.71975,28.01822],[86.72037,28.01829],[86.72199,28.01965],[86.72366,28.01958],[86.72433,28.02012],[86.72463,28.01985],[86.72439,28.01828],[86.72297,28.01756],[86.72204,28.01667],[86.72226,28.01517],[86.72173,28.0145],[86.72172,28.01391],[86.72145,28.01363],[86.7207,28.01392],[86.72025,28.01564],[86.71958,28.01585],[86.71782,28.01796]]]}},{"type":"Feature","properties":{"lake_id":"GL_27.98379_86.56784","l_km2":0.0073,"z":5258,"typ":"unmatched","d":799.0,"chg":13.0,"cls":"not assessed","glof":0,"prov":"Province 1","gnm":"Melung","rgi":"RGI2000-v7.0-G-15-08547"},"geometry":{"type":"Polygon","coordinates":[[[86.56731,27.98357],[86.56775,27.98424],[86.56843,27.98392],[86.56831,27.98361],[86.56777,27.98339],[86.56731,27.98357]]]}},{"type":"Feature","properties":{"lake_id":"GL_28.01379_86.70427","l_km2":0.0165,"z":4954,"typ":"unmatched","d":0.0,"chg":125.8,"cls":"not assessed","glof":0,"prov":"Sudurpaschim","gnm":"Ngojumba","rgi":"RGI2000-v7.0-G-15-08305"},"geometry":{"type":"Polygon","coordinates":[[[86.70349,28.01385],[86.70402,28.01446],[86.70436,28.01449],[86.70475,28.01411],[86.70508,28.01416],[86.70461,28.01308],[86.70376,28.01324],[86.70349,28.01385]]]}},{"type":"Feature","properties":{"lake_id":"GL_27.99597_86.8205","l_km2":0.0108,"z":5349,"typ":"unmatched","d":214.0,"chg":2.6,"cls":"stable","glof":0,"prov":"Province 1","gnm":"Changri Shar/Nup Gl","rgi":"RGI2000-v7.0-G-15-08295"},"geometry":{"type":"Polygon","coordinates":[[[86.8198,27.99591],[86.82031,27.99652],[86.82094,27.99643],[86.82117,27.99613],[86.82036,27.99529],[86.8198,27.99591]]]}},{"type":"Feature","properties":{"lake_id":"GL_27.78172_86.38979","l_km2":0.0354,"z":4740,"typ":"supraglacial lake","d":957.0,"chg":14.8,"cls":"stable","glof":0,"prov":"Province 1","gnm":"","rgi":"RGI2000-v7.0-G-15-08842"},"geometry":{"type":"Polygon","coordinates":[[[86.38888,27.7819],[86.38889,27.78291],[86.38928,27.78305],[86.39056,27.78226],[86.39069,27.78145],[86.39029,27.78032],[86.38925,27.78036],[86.38968,27.78089],[86.38967,27.78131],[86.38888,27.7819]]]}},{"type":"Feature","properties":{"lake_id":"GL_30.29748_80.89847","l_km2":0.029,"z":5152,"typ":"proglacial lake","d":343.0,"chg":-0.8,"cls":"stable","glof":0,"prov":"Province 1","gnm":"","rgi":"RGI2000-v7.0-G-15-02058"},"geometry":{"type":"Polygon","coordinates":[[[80.89721,30.29793],[80.89759,30.29822],[80.8991,30.29806],[80.89952,30.29752],[80.89952,30.29685],[80.89902,30.29664],[80.89831,30.29672],[80.89738,30.29748],[80.89721,30.29793]]]}},{"type":"Feature","properties":{"lake_id":"GL_27.77772_86.39291","l_km2":0.0103,"z":4830,"typ":"supraglacial lake","d":493.0,"chg":14.4,"cls":"not assessed","glof":0,"prov":"Province 1","gnm":"","rgi":"RGI2000-v7.0-G-15-08842"},"geometry":{"type":"Polygon","coordinates":[[[86.39245,27.77819],[86.39278,27.77854],[86.39313,27.77822],[86.39335,27.77724],[86.39311,27.77688],[86.39264,27.7774],[86.39245,27.77819]]]}},{"type":"Feature","properties":{"lake_id":"GL_30.41653_80.68146","l_km2":0.0208,"z":5389,"typ":"proglacial lake","d":415.0,"chg":3.8,"cls":"stable","glof":0,"prov":"Province 1","gnm":"","rgi":"RGI2000-v7.0-G-15-01998"},"geometry":{"type":"Polygon","coordinates":[[[80.68018,30.41603],[80.68058,30.41665],[80.68152,30.41707],[80.68287,30.41692],[80.6822,30.41631],[80.68062,30.41584],[80.68018,30.41603]]]}},{"type":"Feature","properties":{"lake_id":"GL_28.7262_83.8901","l_km2":0.1405,"z":5096,"typ":"proglacial lake","d":935.0,"chg":0.3,"cls":"stable","glof":0,"prov":"Bagmati","gnm":"","rgi":"RGI2000-v7.0-G-15-04660"},"geometry":{"type":"Polygon","coordinates":[[[83.88646,28.72733],[83.88682,28.72783],[83.8874,28.72799],[83.89132,28.72692],[83.89221,28.72658],[83.8929,28.72586],[83.89375,28.72553],[83.89374,28.72497],[83.89332,28.72471],[83.89236,28.72464],[83.88924,28.72516],[83.88716,28.72659],[83.88646,28.72733]]]}},{"type":"Feature","properties":{"lake_id":"GL_28.24479_85.71533","l_km2":0.0481,"z":4620,"typ":"unconnected glacial lake","d":0.0,"chg":-1.2,"cls":"stable","glof":0,"prov":"","gnm":"Langtang glacier","rgi":"RGI2000-v7.0-G-15-05860"},"geometry":{"type":"Polygon","coordinates":[[[85.71384,28.24387],[85.71386,28.24421],[85.71423,28.24429],[85.71412,28.24458],[85.71449,28.24453],[85.7147,28.2455],[85.71431,28.24597],[85.71461,28.24628],[85.71533,28.24614],[85.71515,28.24574],[85.71601,28.24534],[85.7155,28.24504],[85.71571,28.24488],[85.71602,28.24489],[85.71619,28.24518],[85.71656,28.24512],[85.7167,28.24563],[85.71727,28.24569],[85.71673,28.24458],[85.71582,28.24391],[85.71497,28.24379],[85.71487,28.24352],[85.71384,28.24387]]]}},{"type":"Feature","properties":{"lake_id":"GL_30.16717_82.0624","l_km2":0.0138,"z":5099,"typ":"proglacial lake","d":1734.0,"chg":14.4,"cls":"stable","glof":0,"prov":"Bagmati","gnm":"","rgi":"RGI2000-v7.0-G-15-03161"},"geometry":{"type":"Polygon","coordinates":[[[82.06181,30.16694],[82.06192,30.16783],[82.0625,30.16795],[82.06297,30.16691],[82.06284,30.16641],[82.06218,30.16658],[82.06181,30.16694]]]}},{"type":"Feature","properties":{"lake_id":"GL_29.96833_82.53053","l_km2":0.042,"z":4900,"typ":"unconnected glacial lake","d":4449.0,"chg":5.9,"cls":"stable","glof":0,"prov":"","gnm":"","rgi":"RGI2000-v7.0-G-15-03349"},"geometry":{"type":"Polygon","coordinates":[[[82.52958,29.96863],[82.5297,29.9693],[82.53018,29.97],[82.53145,29.96843],[82.53145,29.96733],[82.53109,29.96696],[82.53063,29.96696],[82.53004,29.96735],[82.52958,29.96863]]]}},{"type":"Feature","properties":{"lake_id":"GL_30.32025_81.44888","l_km2":0.0313,"z":5481,"typ":"proglacial lake","d":199.0,"chg":13.8,"cls":"stable","glof":0,"prov":"Gandaki","gnm":"","rgi":"RGI2000-v7.0-G-15-02753"},"geometry":{"type":"Polygon","coordinates":[[[81.44782,30.32092],[81.44901,30.32123],[81.4494,30.32054],[81.4499,30.3205],[81.45009,30.31992],[81.4499,30.31943],[81.44917,30.31962],[81.44786,30.31948],[81.44815,30.31978],[81.4479,30.32002],[81.44782,30.32092]]]}},{"type":"Feature","properties":{"lake_id":"GL_30.28382_81.57299","l_km2":0.1401,"z":5082,"typ":"proglacial lake","d":4670.0,"chg":4.4,"cls":"expanding","glof":0,"prov":"Bagmati","gnm":"","rgi":"RGI2000-v7.0-G-15-02811"},"geometry":{"type":"Polygon","coordinates":[[[81.57006,30.2848],[81.57036,30.28514],[81.57194,30.28501],[81.57331,30.28547],[81.57425,30.2854],[81.57539,30.28564],[81.5756,30.2853],[81.57495,30.28442],[81.57473,30.28283],[81.57438,30.28253],[81.57414,30.28181],[81.5725,30.28151],[81.57153,30.28323],[81.57027,30.28424],[81.57006,30.2848]]]}},{"type":"Feature","properties":{"lake_id":"GL_30.28935_81.61344","l_km2":0.061,"z":5070,"typ":"proglacial lake","d":8620.0,"chg":7.7,"cls":"stable","glof":0,"prov":"Karnali","gnm":"","rgi":"RGI2000-v7.0-G-15-02811"},"geometry":{"type":"Polygon","coordinates":[[[81.61174,30.28882],[81.61198,30.29026],[81.61265,30.29069],[81.61491,30.28956],[81.61547,30.28891],[81.6155,30.28852],[81.6149,30.28823],[81.6132,30.28863],[81.61199,30.28856],[81.61174,30.28882]]]}},{"type":"Feature","properties":{"lake_id":"GL_30.33815_81.91176","l_km2":0.2825,"z":5143,"typ":"proglacial lake","d":446.0,"chg":2.1,"cls":"expanding","glof":0,"prov":"Karnali","gnm":"","rgi":"RGI2000-v7.0-G-15-03083"},"geometry":{"type":"Polygon","coordinates":[[[81.90646,30.33802],[81.90706,30.33973],[81.90806,30.34005],[81.90968,30.33999],[81.91035,30.33955],[81.91172,30.33963],[81.91272,30.33993],[81.91424,30.33993],[81.91472,30.33963],[81.91489,30.3387],[81.9162,30.33783],[81.91687,30.33708],[81.91612,30.33653],[81.91362,30.33626],[81.91304,30.33601],[81.91213,30.33623],[81.91127,30.33608],[81.90904,30.3379],[81.90752,30.33798],[81.90681,30.33782],[81.90646,30.33802]]]}},{"type":"Feature","properties":{"lake_id":"GL_30.34607_81.86024","l_km2":0.1526,"z":5431,"typ":"proglacial lake","d":511.0,"chg":1.2,"cls":"stable","glof":0,"prov":"Karnali","gnm":"","rgi":"RGI2000-v7.0-G-15-03150"},"geometry":{"type":"Polygon","coordinates":[[[81.85767,30.34741],[81.8579,30.34819],[81.85862,30.34865],[81.85982,30.3483],[81.86112,30.34742],[81.86223,30.34576],[81.86253,30.34458],[81.8624,30.34383],[81.8609,30.34346],[81.86048,30.34355],[81.85767,30.34741]]]}},{"type":"Feature","properties":{"lake_id":"GL_30.28566_82.04639","l_km2":0.0095,"z":5286,"typ":"unmatched","d":1697.0,"chg":13.0,"cls":"not assessed","glof":0,"prov":"Karnali","gnm":"","rgi":"RGI2000-v7.0-G-15-03074"},"geometry":{"type":"Polygon","coordinates":[[[82.04591,30.28566],[82.04593,30.28614],[82.04633,30.28637],[82.04699,30.2853],[82.04646,30.28507],[82.04591,30.28566]]]}},{"type":"Feature","properties":{"lake_id":"GL_30.1818_81.80296","l_km2":0.0079,"z":5275,"typ":"unmatched","d":278.0,"chg":6.7,"cls":"not assessed","glof":0,"prov":"Karnali","gnm":"","rgi":"RGI2000-v7.0-G-15-03125"},"geometry":{"type":"Polygon","coordinates":[[[81.80228,30.18171],[81.80235,30.18201],[81.80291,30.18213],[81.80365,30.18192],[81.80319,30.18147],[81.80228,30.18171]]]}},{"type":"Feature","properties":{"lake_id":"GL_28.70074_83.13048","l_km2":0.0085,"z":4693,"typ":"unmatched","d":792.0,"chg":2.4,"cls":"not assessed","glof":0,"prov":"Karnali","gnm":"","rgi":"RGI2000-v7.0-G-15-04341"},"geometry":{"type":"Polygon","coordinates":[[[83.12964,28.7007],[83.1308,28.70115],[83.13116,28.70087],[83.13064,28.70023],[83.12964,28.7007]]]}},{"type":"Feature","properties":{"lake_id":"GL_29.25321_83.49252","l_km2":0.0095,"z":5551,"typ":"unmatched","d":1564.0,"chg":-2.5,"cls":"not assessed","glof":0,"prov":"Karnali","gnm":"","rgi":"RGI2000-v7.0-G-15-03921"},"geometry":{"type":"Polygon","coordinates":[[[83.49171,29.25354],[83.49196,29.25377],[83.4928,29.25345],[83.49316,29.2531],[83.49317,29.25264],[83.49272,29.25265],[83.49171,29.25354]]]}},{"type":"Feature","properties":{"lake_id":"GL_29.60563_83.14435","l_km2":0.0121,"z":5226,"typ":"unmatched","d":8758.0,"chg":282.8,"cls":"not assessed","glof":0,"prov":"Karnali","gnm":"","rgi":"RGI2000-v7.0-G-15-03421"},"geometry":{"type":"Polygon","coordinates":[[[83.14388,29.60559],[83.14421,29.60652],[83.14471,29.60664],[83.14452,29.60561],[83.1449,29.60498],[83.14406,29.60457],[83.14426,29.60518],[83.14388,29.60559]]]}},{"type":"Feature","properties":{"lake_id":"GL_29.23309_83.34226","l_km2":0.0164,"z":5396,"typ":"proglacial lake","d":0.0,"chg":null,"cls":"not assessed","glof":0,"prov":"Karnali","gnm":"","rgi":"RGI2000-v7.0-G-15-03892"},"geometry":{"type":"Polygon","coordinates":[[[83.34149,29.23264],[83.34166,29.23301],[83.34151,29.23363],[83.34185,29.23379],[83.34273,29.23347],[83.34343,29.23291],[83.34254,29.23276],[83.34237,29.23244],[83.34149,29.23264]]]}},{"type":"Feature","properties":{"lake_id":"GL_28.89569_83.46561","l_km2":0.0151,"z":5573,"typ":"proglacial lake","d":381.0,"chg":1.2,"cls":"stable","glof":0,"prov":"Karnali","gnm":"","rgi":"RGI2000-v7.0-G-15-03963"},"geometry":{"type":"Polygon","coordinates":[[[83.46488,28.89536],[83.46547,28.89625],[83.46623,28.89629],[83.46636,28.89586],[83.46565,28.89497],[83.46528,28.89497],[83.46488,28.89536]]]}},{"type":"Feature","properties":{"lake_id":"GL_29.43357_83.33929","l_km2":0.0116,"z":5348,"typ":"unmatched","d":8985.0,"chg":6.2,"cls":"stable","glof":0,"prov":"Lumbini","gnm":"","rgi":"RGI2000-v7.0-G-15-03929"},"geometry":{"type":"Polygon","coordinates":[[[83.33861,29.43378],[83.33866,29.43421],[83.33926,29.43409],[83.34006,29.43305],[83.33936,29.43304],[83.33861,29.43378]]]}},{"type":"Feature","properties":{"lake_id":"GL_28.91251_83.46302","l_km2":0.0053,"z":5386,"typ":"unmatched","d":743.0,"chg":9.2,"cls":"not assessed","glof":0,"prov":"Karnali","gnm":"","rgi":"RGI2000-v7.0-G-15-03963"},"geometry":{"type":"Polygon","coordinates":[[[83.46261,28.91225],[83.46285,28.9129],[83.46324,28.9129],[83.46343,28.91237],[83.46296,28.91209],[83.46261,28.91225]]]}},{"type":"Feature","properties":{"lake_id":"GL_28.96875_83.20777","l_km2":0.085,"z":5242,"typ":"proglacial lake","d":0.0,"chg":9.8,"cls":"expanding","glof":0,"prov":"Karnali","gnm":"","rgi":"RGI2000-v7.0-G-15-04281"},"geometry":{"type":"Polygon","coordinates":[[[83.20665,28.96812],[83.20706,28.96992],[83.20687,28.9707],[83.2074,28.97125],[83.20812,28.97075],[83.20872,28.96962],[83.20907,28.9681],[83.20866,28.96699],[83.20705,28.9666],[83.20679,28.96698],[83.20665,28.96812]]]}},{"type":"Feature","properties":{"lake_id":"GL_29.13109_83.73442","l_km2":0.0153,"z":5697,"typ":"unconnected glacial lake","d":717.0,"chg":7.0,"cls":"stable","glof":0,"prov":"Karnali","gnm":"","rgi":"RGI2000-v7.0-G-15-04207"},"geometry":{"type":"Polygon","coordinates":[[[83.73396,29.13038],[83.73395,29.13163],[83.73437,29.13187],[83.73484,29.13177],[83.73506,29.13083],[83.73457,29.13034],[83.73396,29.13038]]]}},{"type":"Feature","properties":{"lake_id":"GL_29.22742_83.49478","l_km2":0.0372,"z":5393,"typ":"unconnected glacial lake","d":1362.0,"chg":20.8,"cls":"expanding","glof":0,"prov":"Karnali","gnm":"","rgi":"RGI2000-v7.0-G-15-03919"},"geometry":{"type":"Polygon","coordinates":[[[83.49343,29.22747],[83.49364,29.22866],[83.49391,29.22869],[83.49406,29.22818],[83.49456,29.22839],[83.49492,29.22815],[83.49529,29.22819],[83.49583,29.22764],[83.496,29.22681],[83.49543,29.22632],[83.49462,29.22617],[83.49465,29.22716],[83.49368,29.22723],[83.49343,29.22747]]]}},{"type":"Feature","properties":{"lake_id":"GL_29.19508_83.73541","l_km2":0.015,"z":5824,"typ":"proglacial lake","d":3528.0,"chg":-3.5,"cls":"stable","glof":0,"prov":"","gnm":"","rgi":"RGI2000-v7.0-G-15-04226"},"geometry":{"type":"Polygon","coordinates":[[[83.73469,29.19528],[83.73495,29.19567],[83.73551,29.1958],[83.73601,29.19521],[83.73596,29.1944],[83.73514,29.19455],[83.73469,29.19528]]]}},{"type":"Feature","properties":{"lake_id":"GL_28.88621_83.52741","l_km2":0.2909,"z":5588,"typ":"proglacial lake","d":0.0,"chg":0.5,"cls":"stable","glof":0,"prov":"Karnali","gnm":"","rgi":"RGI2000-v7.0-G-15-04004"},"geometry":{"type":"Polygon","coordinates":[[[83.52274,28.88366],[83.52406,28.88478],[83.52426,28.88555],[83.527,28.88777],[83.52787,28.88907],[83.52992,28.89085],[83.53033,28.89076],[83.52987,28.88768],[83.53029,28.88722],[83.53043,28.88623],[83.52928,28.88451],[83.52872,28.88438],[83.52842,28.88388],[83.52698,28.88349],[83.52532,28.88369],[83.52343,28.88316],[83.523,28.8833],[83.52274,28.88366]]]}},{"type":"Feature","properties":{"lake_id":"GL_28.86747_83.49002","l_km2":0.0554,"z":5530,"typ":"proglacial lake","d":316.0,"chg":24.7,"cls":"expanding","glof":0,"prov":"Karnali","gnm":"","rgi":"RGI2000-v7.0-G-15-03987"},"geometry":{"type":"Polygon","coordinates":[[[83.48749,28.867],[83.48919,28.86774],[83.49003,28.86843],[83.49174,28.86871],[83.49195,28.86719],[83.49006,28.86722],[83.48976,28.86686],[83.49017,28.86646],[83.48946,28.86597],[83.48837,28.86696],[83.48749,28.867]]]}},{"type":"Feature","properties":{"lake_id":"GL_30.19608_82.11774","l_km2":0.1099,"z":5156,"typ":"proglacial lake","d":0.0,"chg":null,"cls":"not assessed","glof":0,"prov":"Karnali","gnm":"","rgi":"RGI2000-v7.0-G-15-03056"},"geometry":{"type":"Polygon","coordinates":[[[82.11625,30.19538],[82.11634,30.19612],[82.11696,30.1972],[82.11678,30.19743],[82.1165,30.1972],[82.11653,30.19767],[82.11775,30.19883],[82.11807,30.19831],[82.11872,30.19817],[82.1186,30.19758],[82.1192,30.19678],[82.11881,30.19569],[82.11901,30.19512],[82.11829,30.19374],[82.11731,30.19348],[82.11722,30.19405],[82.11625,30.19538]]]}},{"type":"Feature","properties":{"lake_id":"GL_30.33822_81.85591","l_km2":0.0128,"z":5599,"typ":"unmatched","d":231.0,"chg":0.9,"cls":"stable","glof":0,"prov":"Karnali","gnm":"","rgi":"RGI2000-v7.0-G-15-03150"},"geometry":{"type":"Polygon","coordinates":[[[81.8549,30.33757],[81.85528,30.33819],[81.8567,30.33926],[81.85659,30.33782],[81.85594,30.33797],[81.85523,30.33746],[81.8549,30.33757]]]}},{"type":"Feature","properties":{"lake_id":"GL_30.21619_82.12332","l_km2":0.0093,"z":5416,"typ":"unmatched","d":1187.0,"chg":null,"cls":"not assessed","glof":0,"prov":"Karnali","gnm":"","rgi":"RGI2000-v7.0-G-15-03056"},"geometry":{"type":"Polygon","coordinates":[[[82.12258,30.2161],[82.12272,30.21642],[82.12325,30.21662],[82.12397,30.2163],[82.1238,30.2158],[82.12313,30.21581],[82.12258,30.2161]]]}},{"type":"Feature","properties":{"lake_id":"GL_30.21328_82.11297","l_km2":0.0049,"z":5364,"typ":"unmatched","d":1222.0,"chg":9.0,"cls":"not assessed","glof":0,"prov":"Karnali","gnm":"","rgi":"RGI2000-v7.0-G-15-03056"},"geometry":{"type":"Polygon","coordinates":[[[82.11263,30.21312],[82.11268,30.21355],[82.11318,30.21365],[82.11334,30.2132],[82.11307,30.21286],[82.11263,30.21312]]]}},{"type":"Feature","properties":{"lake_id":"GL_30.25151_81.87738","l_km2":0.008,"z":5392,"typ":"unmatched","d":0.0,"chg":null,"cls":"not assessed","glof":1,"prov":"Gandaki","gnm":"","rgi":"RGI2000-v7.0-G-15-03101"},"geometry":{"type":"Polygon","coordinates":[[[81.87689,30.25158],[81.87715,30.25204],[81.87765,30.25188],[81.87787,30.25143],[81.8777,30.25103],[81.87726,30.25103],[81.87689,30.25158]]]}},{"type":"Feature","properties":{"lake_id":"GL_29.33046_82.78701","l_km2":0.012,"z":4916,"typ":"proglacial lake","d":371.0,"chg":27.9,"cls":"not assessed","glof":0,"prov":"Karnali","gnm":"","rgi":"RGI2000-v7.0-G-15-03652"},"geometry":{"type":"Polygon","coordinates":[[[82.78607,29.33007],[82.78614,29.3305],[82.78705,29.33058],[82.78775,29.33119],[82.78831,29.331],[82.78756,29.33068],[82.78662,29.32976],[82.78607,29.33007]]]}},{"type":"Feature","properties":{"lake_id":"GL_29.2536_82.8067","l_km2":0.0454,"z":4289,"typ":"proglacial lake","d":531.0,"chg":4.9,"cls":"stable","glof":0,"prov":"Gandaki","gnm":"","rgi":"RGI2000-v7.0-G-15-03679"},"geometry":{"type":"Polygon","coordinates":[[[82.80548,29.25476],[82.80614,29.25507],[82.80727,29.25486],[82.80739,29.25321],[82.80787,29.25232],[82.80763,29.25189],[82.80675,29.25205],[82.80551,29.25425],[82.80548,29.25476]]]}},{"type":"Feature","properties":{"lake_id":"GL_29.16104_82.75111","l_km2":0.0076,"z":4883,"typ":"unmatched","d":343.0,"chg":11.4,"cls":"not assessed","glof":0,"prov":"Gandaki","gnm":"","rgi":"RGI2000-v7.0-G-15-03821"},"geometry":{"type":"Polygon","coordinates":[[[82.75064,29.16065],[82.75084,29.16131],[82.75142,29.16163],[82.75144,29.16073],[82.75111,29.16051],[82.75064,29.16065]]]}},{"type":"Feature","properties":{"lake_id":"GL_29.30903_82.93305","l_km2":0.0131,"z":4972,"typ":"unmatched","d":6825.0,"chg":33.3,"cls":"not assessed","glof":0,"prov":"Karnali","gnm":"","rgi":"RGI2000-v7.0-G-15-03696"},"geometry":{"type":"Polygon","coordinates":[[[82.93223,29.30878],[82.93315,29.3096],[82.93382,29.30975],[82.93319,29.30832],[82.93282,29.30834],[82.93223,29.30878]]]}},{"type":"Feature","properties":{"lake_id":"GL_29.87801_82.57459","l_km2":0.0166,"z":5029,"typ":"unmatched","d":1054.0,"chg":45.7,"cls":"stable","glof":0,"prov":"Karnali","gnm":"","rgi":"RGI2000-v7.0-G-15-03504"},"geometry":{"type":"Polygon","coordinates":[[[82.57376,29.87821],[82.5738,29.87857],[82.5742,29.8788],[82.57473,29.87829],[82.57527,29.87839],[82.57553,29.87759],[82.57503,29.87733],[82.57455,29.87739],[82.57376,29.87821]]]}},{"type":"Feature","properties":{"lake_id":"GL_29.13993_82.78346","l_km2":0.0384,"z":4990,"typ":"proglacial lake","d":318.0,"chg":14.3,"cls":"stable","glof":0,"prov":"Karnali","gnm":"","rgi":"RGI2000-v7.0-G-15-03824"},"geometry":{"type":"Polygon","coordinates":[[[82.78112,29.14081],[82.78116,29.14119],[82.78164,29.14117],[82.78272,29.14064],[82.78288,29.14019],[82.78359,29.13987],[82.78417,29.14014],[82.78505,29.14013],[82.7856,29.13936],[82.78431,29.13882],[82.78366,29.1391],[82.78342,29.13957],[82.7817,29.14028],[82.78112,29.14081]]]}},{"type":"Feature","properties":{"lake_id":"GL_29.87502_82.59712","l_km2":0.0364,"z":5185,"typ":"unconnected glacial lake","d":744.0,"chg":7.9,"cls":"stable","glof":0,"prov":"Karnali","gnm":"","rgi":"RGI2000-v7.0-G-15-03504"},"geometry":{"type":"Polygon","coordinates":[[[82.59612,29.87516],[82.59631,29.87577],[82.597,29.87614],[82.59735,29.8761],[82.59782,29.87575],[82.59824,29.87463],[82.59807,29.87469],[82.59807,29.87442],[82.59765,29.87433],[82.59732,29.87394],[82.5967,29.87393],[82.59637,29.87411],[82.59612,29.87516]]]}},{"type":"Feature","properties":{"lake_id":"GL_29.28816_82.49144","l_km2":0.0118,"z":4729,"typ":"proglacial lake","d":409.0,"chg":13.2,"cls":"not assessed","glof":0,"prov":"Karnali","gnm":"","rgi":"RGI2000-v7.0-G-15-03811"},"geometry":{"type":"Polygon","coordinates":[[[82.49064,29.28822],[82.49079,29.28854],[82.49128,29.28872],[82.49238,29.28795],[82.49131,29.28771],[82.49064,29.28822]]]}},{"type":"Feature","properties":{"lake_id":"GL_29.38164_82.39686","l_km2":0.0462,"z":4361,"typ":"unconnected glacial lake","d":3533.0,"chg":5.5,"cls":"stable","glof":0,"prov":"Karnali","gnm":"","rgi":"RGI2000-v7.0-G-15-03812"},"geometry":{"type":"Polygon","coordinates":[[[82.3956,29.38183],[82.39578,29.38268],[82.39664,29.38238],[82.39696,29.38306],[82.39818,29.38202],[82.39832,29.38162],[82.39721,29.38048],[82.39663,29.38036],[82.39594,29.38095],[82.3956,29.38183]]]}},{"type":"Feature","properties":{"lake_id":"GL_29.43666_82.38643","l_km2":0.0121,"z":4815,"typ":"unconnected glacial lake","d":193.0,"chg":-1.2,"cls":"stable","glof":0,"prov":"Karnali","gnm":"","rgi":"RGI2000-v7.0-G-15-03528"},"geometry":{"type":"Polygon","coordinates":[[[82.38586,29.43646],[82.38628,29.43701],[82.38618,29.43748],[82.38649,29.43761],[82.38687,29.43664],[82.38718,29.43651],[82.38613,29.43577],[82.38586,29.43646]]]}},{"type":"Feature","properties":{"lake_id":"GL_29.17954_82.51679","l_km2":0.0702,"z":4454,"typ":"unconnected glacial lake","d":3169.0,"chg":1.9,"cls":"stable","glof":0,"prov":"Karnali","gnm":"","rgi":"RGI2000-v7.0-G-15-03584"},"geometry":{"type":"Polygon","coordinates":[[[82.51428,29.17862],[82.51418,29.1797],[82.51453,29.17986],[82.51609,29.17966],[82.51744,29.18055],[82.51849,29.18081],[82.51892,29.18075],[82.51931,29.18031],[82.51909,29.17934],[82.51808,29.17928],[82.51583,29.1784],[82.51428,29.17862]]]}},{"type":"Feature","properties":{"lake_id":"GL_29.38417_82.42373","l_km2":0.4572,"z":4424,"typ":"proglacial lake","d":768.0,"chg":-0.4,"cls":"stable","glof":0,"prov":"Karnali","gnm":"","rgi":"RGI2000-v7.0-G-15-03812"},"geometry":{"type":"Polygon","coordinates":[[[82.41786,29.38371],[82.41851,29.38444],[82.4216,29.38605],[82.42514,29.38664],[82.42623,29.38705],[82.42854,29.38706],[82.42921,29.38606],[82.4288,29.38486],[82.42805,29.38398],[82.42682,29.38331],[82.42526,29.38181],[82.42333,29.38105],[82.42123,29.38133],[82.41865,29.38276],[82.41786,29.38371]]]}},{"type":"Feature","properties":{"lake_id":"GL_29.31031_82.4947","l_km2":0.0121,"z":4585,"typ":"unmatched","d":1712.0,"chg":10.4,"cls":"stable","glof":0,"prov":"Karnali","gnm":"","rgi":"RGI2000-v7.0-G-15-03811"},"geometry":{"type":"Polygon","coordinates":[[[82.49391,29.3106],[82.49407,29.31087],[82.49469,29.31057],[82.49516,29.31062],[82.49546,29.30982],[82.49425,29.31001],[82.49391,29.3106]]]}},{"type":"Feature","properties":{"lake_id":"GL_29.38692_82.41545","l_km2":0.1268,"z":4432,"typ":"unconnected glacial lake","d":1698.0,"chg":1.0,"cls":"stable","glof":0,"prov":"Karnali","gnm":"","rgi":"RGI2000-v7.0-G-15-03812"},"geometry":{"type":"Polygon","coordinates":[[[82.41304,29.38641],[82.41293,29.38741],[82.41439,29.38842],[82.41464,29.38883],[82.41528,29.38895],[82.41615,29.38797],[82.41746,29.38745],[82.41777,29.387],[82.41781,29.38578],[82.41826,29.38533],[82.41747,29.38528],[82.41699,29.38563],[82.4163,29.38544],[82.41573,29.38563],[82.41496,29.38551],[82.41304,29.38641]]]}},{"type":"Feature","properties":{"lake_id":"GL_29.29301_82.49018","l_km2":0.0138,"z":4784,"typ":"proglacial lake","d":0.0,"chg":6.3,"cls":"stable","glof":0,"prov":"Karnali","gnm":"","rgi":"RGI2000-v7.0-G-15-03811"},"geometry":{"type":"Polygon","coordinates":[[[82.48873,29.29302],[82.48892,29.29326],[82.48997,29.29304],[82.49036,29.29331],[82.49158,29.29328],[82.49184,29.29304],[82.48986,29.29272],[82.489,29.29275],[82.48873,29.29302]]]}},{"type":"Feature","properties":{"lake_id":"GL_29.21506_82.50246","l_km2":0.0153,"z":4479,"typ":"unmatched","d":2193.0,"chg":-3.7,"cls":"stable","glof":0,"prov":"Karnali","gnm":"","rgi":"RGI2000-v7.0-G-15-03579"},"geometry":{"type":"Polygon","coordinates":[[[82.50198,29.21527],[82.50231,29.21606],[82.50276,29.21624],[82.50292,29.216],[82.50278,29.21481],[82.50231,29.2134],[82.50209,29.21368],[82.50242,29.21423],[82.50198,29.21527]]]}},{"type":"Feature","properties":{"lake_id":"GL_29.19367_82.54551","l_km2":0.3496,"z":4686,"typ":"proglacial lake","d":510.0,"chg":1.5,"cls":"expanding","glof":0,"prov":"Karnali","gnm":"","rgi":"RGI2000-v7.0-G-15-03584"},"geometry":{"type":"Polygon","coordinates":[[[82.54111,29.19557],[82.54141,29.19617],[82.54207,29.1966],[82.54378,29.19702],[82.54532,29.19631],[82.54567,29.1956],[82.54673,29.19586],[82.54858,29.19456],[82.54892,29.19252],[82.54887,29.19049],[82.54861,29.19001],[82.5482,29.18996],[82.54785,29.1894],[82.54734,29.19011],[82.54489,29.19148],[82.54244,29.19371],[82.54111,29.19557]]]}},{"type":"Feature","properties":{"lake_id":"GL_29.31909_82.48159","l_km2":0.0208,"z":4534,"typ":"proglacial lake","d":2832.0,"chg":5.9,"cls":"stable","glof":0,"prov":"Karnali","gnm":"","rgi":"RGI2000-v7.0-G-15-03811"},"geometry":{"type":"Polygon","coordinates":[[[82.48075,29.31964],[82.48101,29.31998],[82.4814,29.32007],[82.48216,29.3197],[82.48205,29.31786],[82.48151,29.31786],[82.48138,29.31875],[82.48075,29.31964]]]}},{"type":"Feature","properties":{"lake_id":"GL_29.11328_82.71612","l_km2":0.0085,"z":4771,"typ":"unmatched","d":384.0,"chg":4.5,"cls":"not assessed","glof":0,"prov":"Karnali","gnm":"","rgi":"RGI2000-v7.0-G-15-03835"},"geometry":{"type":"Polygon","coordinates":[[[82.7153,29.11366],[82.71612,29.11377],[82.7168,29.11274],[82.71635,29.11276],[82.7153,29.11366]]]}},{"type":"Feature","properties":{"lake_id":"GL_29.2596_82.50818","l_km2":0.0388,"z":4394,"typ":"proglacial lake","d":1226.0,"chg":1.2,"cls":"stable","glof":0,"prov":"Karnali","gnm":"","rgi":"RGI2000-v7.0-G-15-03572"},"geometry":{"type":"Polygon","coordinates":[[[82.5068,29.26019],[82.50693,29.2604],[82.50872,29.26055],[82.50913,29.26034],[82.50898,29.25979],[82.50932,29.25971],[82.50946,29.25933],[82.50857,29.25874],[82.50842,29.25842],[82.50796,29.25832],[82.5068,29.26019]]]}},{"type":"Feature","properties":{"lake_id":"GL_29.63193_82.78688","l_km2":0.0365,"z":5120,"typ":"proglacial lake","d":406.0,"chg":1.1,"cls":"stable","glof":1,"prov":"Karnali","gnm":"","rgi":"RGI2000-v7.0-G-15-03424"},"geometry":{"type":"Polygon","coordinates":[[[82.78592,29.63119],[82.78622,29.63259],[82.78704,29.6333],[82.78787,29.6323],[82.78728,29.63083],[82.78682,29.63053],[82.78654,29.63097],[82.78592,29.63119]]]}},{"type":"Feature","properties":{"lake_id":"GL_29.26943_82.59007","l_km2":0.1155,"z":4344,"typ":"proglacial lake","d":193.0,"chg":1.8,"cls":"stable","glof":0,"prov":"Karnali","gnm":"","rgi":"RGI2000-v7.0-G-15-03554"},"geometry":{"type":"Polygon","coordinates":[[[82.58854,29.27056],[82.58874,29.27117],[82.5893,29.27161],[82.59052,29.27135],[82.59098,29.27085],[82.59159,29.27061],[82.59184,29.26895],[82.59151,29.26782],[82.59116,29.26813],[82.59093,29.26793],[82.59001,29.26816],[82.58929,29.26694],[82.58861,29.26693],[82.5889,29.2694],[82.58854,29.27056]]]}},{"type":"Feature","properties":{"lake_id":"GL_29.60451_83.06627","l_km2":0.0079,"z":5459,"typ":"unconnected glacial lake","d":1640.0,"chg":-5.6,"cls":"stable","glof":0,"prov":"Karnali","gnm":"","rgi":"RGI2000-v7.0-G-15-03421"},"geometry":{"type":"Polygon","coordinates":[[[83.06571,29.60475],[83.0658,29.60506],[83.06631,29.60498],[83.06669,29.6045],[83.06679,29.60389],[83.06603,29.60419],[83.06571,29.60475]]]}},{"type":"Feature","properties":{"lake_id":"GL_29.61291_83.12753","l_km2":0.0332,"z":5270,"typ":"proglacial lake","d":7290.0,"chg":13.1,"cls":"stable","glof":0,"prov":"Karnali","gnm":"","rgi":"RGI2000-v7.0-G-15-03421"},"geometry":{"type":"Polygon","coordinates":[[[83.12634,29.61293],[83.1266,29.61355],[83.12716,29.61367],[83.12836,29.61369],[83.12882,29.61319],[83.12814,29.61244],[83.12818,29.61208],[83.12758,29.61188],[83.1271,29.61198],[83.12634,29.61293]]]}},{"type":"Feature","properties":{"lake_id":"GL_29.24758_82.82698","l_km2":0.0644,"z":4511,"typ":"proglacial lake","d":1342.0,"chg":21.5,"cls":"expanding","glof":0,"prov":"Karnali","gnm":"","rgi":"RGI2000-v7.0-G-15-03692"},"geometry":{"type":"Polygon","coordinates":[[[82.82551,29.24663],[82.82582,29.24823],[82.82647,29.24895],[82.82711,29.2491],[82.82768,29.24851],[82.82894,29.24808],[82.82815,29.24707],[82.82685,29.24615],[82.82551,29.24663]]]}},{"type":"Feature","properties":{"lake_id":"GL_29.24681_82.81348","l_km2":0.2076,"z":4250,"typ":"proglacial lake","d":687.0,"chg":24.5,"cls":"expanding","glof":0,"prov":"Karnali","gnm":"","rgi":"RGI2000-v7.0-G-15-03679"},"geometry":{"type":"Polygon","coordinates":[[[82.81039,29.24843],[82.81164,29.2494],[82.81239,29.24968],[82.81334,29.24871],[82.81458,29.24801],[82.81561,29.24673],[82.81658,29.24612],[82.81698,29.24485],[82.81439,29.24426],[82.81386,29.24432],[82.81277,29.24558],[82.81069,29.24662],[82.81039,29.24843]]]}},{"type":"Feature","properties":{"lake_id":"GL_29.154_82.77502","l_km2":0.0174,"z":5003,"typ":"unmatched","d":421.0,"chg":33.1,"cls":"stable","glof":0,"prov":"Karnali","gnm":"","rgi":"RGI2000-v7.0-G-15-03823"},"geometry":{"type":"Polygon","coordinates":[[[82.7742,29.15431],[82.77453,29.15485],[82.77442,29.15512],[82.77468,29.15497],[82.77461,29.15429],[82.77481,29.15407],[82.77546,29.15482],[82.7757,29.15418],[82.7756,29.1533],[82.77494,29.15322],[82.7742,29.15431]]]}},{"type":"Feature","properties":{"lake_id":"GL_29.82193_82.67614","l_km2":0.0145,"z":5097,"typ":"proglacial lake","d":366.0,"chg":-2.5,"cls":"stable","glof":0,"prov":"Karnali","gnm":"","rgi":"RGI2000-v7.0-G-15-03374"},"geometry":{"type":"Polygon","coordinates":[[[82.6755,29.82167],[82.67558,29.8228],[82.67679,29.82206],[82.67663,29.82123],[82.6755,29.82167]]]}},{"type":"Feature","properties":{"lake_id":"GL_29.75019_82.68239","l_km2":0.0113,"z":5365,"typ":"proglacial lake","d":28.0,"chg":-7.4,"cls":"stable","glof":0,"prov":"Karnali","gnm":"","rgi":"RGI2000-v7.0-G-15-03442"},"geometry":{"type":"Polygon","coordinates":[[[82.68168,29.7504],[82.68181,29.75073],[82.68226,29.7508],[82.68252,29.7504],[82.68306,29.75023],[82.68307,29.74948],[82.68268,29.74981],[82.6822,29.74967],[82.68168,29.7504]]]}},{"type":"Feature","properties":{"lake_id":"GL_29.69626_82.56135","l_km2":0.1157,"z":4820,"typ":"unconnected glacial lake","d":6229.0,"chg":4.1,"cls":"stable","glof":0,"prov":"Karnali","gnm":"","rgi":"RGI2000-v7.0-G-15-03478"},"geometry":{"type":"Polygon","coordinates":[[[82.56005,29.69672],[82.56025,29.69787],[82.56097,29.69876],[82.56192,29.69864],[82.56239,29.69837],[82.56271,29.69672],[82.56244,29.69476],[82.56195,29.69383],[82.56054,29.69379],[82.56015,29.69509],[82.56005,29.69672]]]}},{"type":"Feature","properties":{"lake_id":"GL_29.68605_82.79511","l_km2":0.0143,"z":4800,"typ":"unmatched","d":0.0,"chg":3205.5,"cls":"not assessed","glof":0,"prov":"Karnali","gnm":"","rgi":"RGI2000-v7.0-G-15-03429"},"geometry":{"type":"Polygon","coordinates":[[[82.79423,29.68581],[82.79464,29.68611],[82.79443,29.68655],[82.79537,29.68625],[82.79538,29.68655],[82.79509,29.68659],[82.79517,29.68683],[82.79583,29.68659],[82.79587,29.68611],[82.79555,29.68597],[82.79529,29.68535],[82.79492,29.68533],[82.79423,29.68581]]]}},{"type":"Feature","properties":{"lake_id":"GL_29.66253_82.87198","l_km2":0.0489,"z":5043,"typ":"proglacial lake","d":342.0,"chg":-2.0,"cls":"stable","glof":0,"prov":"Karnali","gnm":"","rgi":"RGI2000-v7.0-G-15-03405"},"geometry":{"type":"Polygon","coordinates":[[[82.87062,29.66314],[82.87174,29.66426],[82.87299,29.66269],[82.87276,29.66161],[82.87312,29.66086],[82.87289,29.66065],[82.87234,29.66086],[82.87062,29.66314]]]}},{"type":"Feature","properties":{"lake_id":"GL_29.72333_82.64418","l_km2":0.1845,"z":4976,"typ":"proglacial lake","d":1030.0,"chg":0.8,"cls":"stable","glof":0,"prov":"Karnali","gnm":"","rgi":"RGI2000-v7.0-G-15-03465"},"geometry":{"type":"Polygon","coordinates":[[[82.63989,29.72575],[82.64101,29.72582],[82.64271,29.72481],[82.64635,29.72382],[82.6466,29.72362],[82.64675,29.72282],[82.64799,29.72292],[82.64823,29.72246],[82.64828,29.72133],[82.64802,29.72113],[82.64732,29.72114],[82.64468,29.72179],[82.64239,29.72281],[82.64118,29.7238],[82.64018,29.72401],[82.64025,29.72491],[82.63989,29.72575]]]}},{"type":"Feature","properties":{"lake_id":"GL_29.75071_82.68641","l_km2":0.0143,"z":5348,"typ":"proglacial lake","d":86.0,"chg":-4.3,"cls":"stable","glof":0,"prov":"Karnali","gnm":"","rgi":"RGI2000-v7.0-G-15-03442"},"geometry":{"type":"Polygon","coordinates":[[[82.6855,29.75064],[82.68574,29.75105],[82.68636,29.75127],[82.68682,29.75122],[82.68718,29.75072],[82.6868,29.75002],[82.6855,29.75064]]]}},{"type":"Feature","properties":{"lake_id":"GL_29.6812_82.81025","l_km2":0.0146,"z":5025,"typ":"unmatched","d":230.0,"chg":-18.0,"cls":"stable","glof":0,"prov":"Karnali","gnm":"","rgi":"RGI2000-v7.0-G-15-03400"},"geometry":{"type":"Polygon","coordinates":[[[82.80954,29.68109],[82.80965,29.68156],[82.81048,29.68184],[82.81085,29.68173],[82.81101,29.68138],[82.8109,29.68098],[82.81017,29.68056],[82.8098,29.68057],[82.80954,29.68109]]]}},{"type":"Feature","properties":{"lake_id":"GL_29.21564_82.56259","l_km2":0.026,"z":5000,"typ":"proglacial lake","d":0.0,"chg":2.4,"cls":"stable","glof":0,"prov":"Karnali","gnm":"","rgi":"RGI2000-v7.0-G-15-03583"},"geometry":{"type":"Polygon","coordinates":[[[82.56129,29.21502],[82.56149,29.21581],[82.56222,29.21628],[82.56337,29.21619],[82.56373,29.2159],[82.56369,29.21534],[82.56311,29.21502],[82.56165,29.21527],[82.56129,29.21502]]]}},{"type":"Feature","properties":{"lake_id":"GL_29.23429_82.82906","l_km2":0.1049,"z":4125,"typ":"proglacial lake","d":1316.0,"chg":2.3,"cls":"stable","glof":0,"prov":"Karnali","gnm":"","rgi":"RGI2000-v7.0-G-15-03678"},"geometry":{"type":"Polygon","coordinates":[[[82.82674,29.23626],[82.82713,29.23639],[82.82828,29.23602],[82.82954,29.23535],[82.83029,29.23458],[82.83125,29.23432],[82.8308,29.23212],[82.8295,29.23281],[82.82788,29.23325],[82.82768,29.23455],[82.82697,29.2353],[82.82674,29.23626]]]}},{"type":"Feature","properties":{"lake_id":"GL_29.18506_82.56287","l_km2":0.1583,"z":4584,"typ":"proglacial lake","d":427.0,"chg":10.5,"cls":"expanding","glof":0,"prov":"Karnali","gnm":"","rgi":"RGI2000-v7.0-G-15-03590"},"geometry":{"type":"Polygon","coordinates":[[[82.55731,29.18697],[82.55747,29.187],[82.55815,29.18678],[82.55886,29.18722],[82.5612,29.18725],[82.56231,29.1868],[82.5636,29.18688],[82.5644,29.1864],[82.56459,29.18463],[82.56531,29.18314],[82.5664,29.18253],[82.56619,29.18102],[82.56558,29.18162],[82.56538,29.18227],[82.56441,29.18311],[82.56319,29.18316],[82.56214,29.18392],[82.56202,29.18422],[82.56256,29.18438],[82.56232,29.18489],[82.56152,29.1854],[82.56017,29.1869],[82.55977,29.18685],[82.55937,29.18613],[82.55808,29.18638],[82.55731,29.18697]]]}},{"type":"Feature","properties":{"lake_id":"GL_29.29674_82.70532","l_km2":0.1222,"z":4990,"typ":"unconnected glacial lake","d":0.0,"chg":9.0,"cls":"expanding","glof":0,"prov":"Karnali","gnm":"","rgi":"RGI2000-v7.0-G-15-03650"},"geometry":{"type":"Polygon","coordinates":[[[82.70285,29.297],[82.70375,29.29753],[82.70388,29.29818],[82.70428,29.2984],[82.70373,29.29933],[82.70407,29.29958],[82.7049,29.2989],[82.7052,29.29832],[82.70692,29.29774],[82.70746,29.29674],[82.70691,29.29568],[82.70581,29.29447],[82.70486,29.29439],[82.70456,29.29461],[82.70461,29.29539],[82.70412,29.29629],[82.70363,29.29674],[82.70285,29.297]]]}},{"type":"Feature","properties":{"lake_id":"GL_29.31698_82.76051","l_km2":0.0082,"z":4813,"typ":"unmatched","d":140.0,"chg":13.5,"cls":"not assessed","glof":0,"prov":"Karnali","gnm":"","rgi":"RGI2000-v7.0-G-15-03651"},"geometry":{"type":"Polygon","coordinates":[[[82.76028,29.31661],[82.76011,29.31759],[82.76038,29.31756],[82.76108,29.31665],[82.76077,29.31646],[82.76028,29.31661]]]}},{"type":"Feature","properties":{"lake_id":"GL_29.21977_82.58086","l_km2":0.0162,"z":4658,"typ":"proglacial lake","d":938.0,"chg":82.7,"cls":"not assessed","glof":0,"prov":"Karnali","gnm":"","rgi":"RGI2000-v7.0-G-15-03595"},"geometry":{"type":"Polygon","coordinates":[[[82.57986,29.21946],[82.58005,29.21987],[82.58054,29.22015],[82.58116,29.22031],[82.58195,29.22018],[82.5818,29.21983],[82.58051,29.21905],[82.57986,29.21946]]]}},{"type":"Feature","properties":{"lake_id":"GL_29.14478_82.77844","l_km2":0.0058,"z":5173,"typ":"unmatched","d":109.0,"chg":1.3,"cls":"not assessed","glof":0,"prov":"Karnali","gnm":"","rgi":"RGI2000-v7.0-G-15-03824"},"geometry":{"type":"Polygon","coordinates":[[[82.77795,29.14444],[82.77815,29.14509],[82.77902,29.14506],[82.77844,29.14438],[82.77795,29.14444]]]}},{"type":"Feature","properties":{"lake_id":"GL_29.60057_83.11705","l_km2":0.0041,"z":5353,"typ":"unmatched","d":6075.0,"chg":68.5,"cls":"not assessed","glof":0,"prov":"Karnali","gnm":"","rgi":"RGI2000-v7.0-G-15-03421"},"geometry":{"type":"Polygon","coordinates":[[[83.11674,29.60034],[83.11683,29.60075],[83.11711,29.60111],[83.11732,29.60026],[83.11674,29.60034]]]}},{"type":"Feature","properties":{"lake_id":"GL_29.63897_83.03366","l_km2":0.0073,"z":5508,"typ":"unmatched","d":661.0,"chg":11.9,"cls":"not assessed","glof":0,"prov":"Karnali","gnm":"CN5O257C0176","rgi":"RGI2000-v7.0-G-15-03417"},"geometry":{"type":"Polygon","coordinates":[[[83.03311,29.63878],[83.03357,29.63937],[83.03432,29.63929],[83.03364,29.63852],[83.03323,29.63857],[83.03311,29.63878]]]}},{"type":"Feature","properties":{"lake_id":"GL_28.76439_83.01585","l_km2":0.0062,"z":4867,"typ":"unmatched","d":1510.0,"chg":11.8,"cls":"not assessed","glof":0,"prov":"Karnali","gnm":"","rgi":"RGI2000-v7.0-G-15-04436"},"geometry":{"type":"Polygon","coordinates":[[[83.01545,28.76415],[83.01556,28.76473],[83.01597,28.76489],[83.01626,28.76403],[83.01597,28.76393],[83.01545,28.76415]]]}},{"type":"Feature","properties":{"lake_id":"GL_29.01592_83.02678","l_km2":0.0355,"z":5028,"typ":"proglacial lake","d":372.0,"chg":1.0,"cls":"stable","glof":0,"prov":"Karnali","gnm":"","rgi":"RGI2000-v7.0-G-15-03868"},"geometry":{"type":"Polygon","coordinates":[[[83.02537,29.016],[83.02592,29.01695],[83.02647,29.01687],[83.02663,29.01661],[83.02717,29.01678],[83.02757,29.01619],[83.02811,29.01587],[83.02815,29.01554],[83.02761,29.01516],[83.02633,29.01505],[83.02601,29.01536],[83.02608,29.01601],[83.02565,29.01576],[83.02537,29.016]]]}},{"type":"Feature","properties":{"lake_id":"GL_28.79494_82.99055","l_km2":0.0103,"z":5023,"typ":"unconnected glacial lake","d":0.0,"chg":-2.0,"cls":"stable","glof":0,"prov":"Karnali","gnm":"","rgi":"RGI2000-v7.0-G-15-04435"},"geometry":{"type":"Polygon","coordinates":[[[82.98998,28.7951],[82.99003,28.79546],[82.9904,28.79558],[82.99078,28.79513],[82.99115,28.79506],[82.9912,28.79467],[82.99039,28.79436],[82.98998,28.7951]]]}},{"type":"Feature","properties":{"lake_id":"GL_28.9844_82.9587","l_km2":0.0088,"z":4691,"typ":"unmatched","d":7794.0,"chg":23.7,"cls":"not assessed","glof":0,"prov":"Karnali","gnm":"","rgi":"RGI2000-v7.0-G-15-03868"},"geometry":{"type":"Polygon","coordinates":[[[82.95811,28.98463],[82.95828,28.98495],[82.95912,28.98477],[82.95917,28.98392],[82.95857,28.98393],[82.95811,28.98463]]]}},{"type":"Feature","properties":{"lake_id":"GL_29.17204_83.01225","l_km2":0.0315,"z":5172,"typ":"proglacial lake","d":776.0,"chg":0.7,"cls":"stable","glof":0,"prov":"Karnali","gnm":"","rgi":"RGI2000-v7.0-G-15-03846"},"geometry":{"type":"Polygon","coordinates":[[[83.0104,29.17236],[83.01059,29.17283],[83.0111,29.17251],[83.01246,29.17256],[83.01326,29.17237],[83.01409,29.17194],[83.01372,29.17179],[83.01369,29.17144],[83.01311,29.17145],[83.01278,29.17117],[83.01177,29.17192],[83.01066,29.17196],[83.0104,29.17236]]]}},{"type":"Feature","properties":{"lake_id":"GL_29.07934_83.03884","l_km2":0.0321,"z":4965,"typ":"proglacial lake","d":1043.0,"chg":5.9,"cls":"stable","glof":0,"prov":"Karnali","gnm":"","rgi":"RGI2000-v7.0-G-15-03863"},"geometry":{"type":"Polygon","coordinates":[[[83.03729,29.07925],[83.03755,29.07947],[83.03836,29.07951],[83.03909,29.08027],[83.04,29.08025],[83.03928,29.07836],[83.03758,29.07881],[83.03729,29.07925]]]}},{"type":"Feature","properties":{"lake_id":"GL_29.13223_83.01374","l_km2":0.1156,"z":4481,"typ":"proglacial lake","d":1729.0,"chg":34.3,"cls":"expanding","glof":0,"prov":"Karnali","gnm":"","rgi":"RGI2000-v7.0-G-15-03885"},"geometry":{"type":"Polygon","coordinates":[[[83.01199,29.13047],[83.012,29.13215],[83.01234,29.13281],[83.01433,29.13462],[83.01484,29.13461],[83.01554,29.13262],[83.01525,29.13125],[83.01481,29.13091],[83.01353,29.13061],[83.0127,29.13006],[83.01199,29.13047]]]}},{"type":"Feature","properties":{"lake_id":"GL_28.99201_83.2008","l_km2":0.0161,"z":5143,"typ":"proglacial lake","d":0.0,"chg":8.2,"cls":"stable","glof":0,"prov":"Karnali","gnm":"","rgi":"RGI2000-v7.0-G-15-04273"},"geometry":{"type":"Polygon","coordinates":[[[83.19989,28.9927],[83.20024,28.99295],[83.20119,28.99239],[83.20143,28.99098],[83.20077,28.99108],[83.20053,28.99193],[83.19989,28.9927]]]}},{"type":"Feature","properties":{"lake_id":"GL_29.11375_83.02089","l_km2":0.013,"z":4874,"typ":"unmatched","d":752.0,"chg":40.5,"cls":"stable","glof":0,"prov":"Karnali","gnm":"","rgi":"RGI2000-v7.0-G-15-03885"},"geometry":{"type":"Polygon","coordinates":[[[83.01987,29.11346],[83.02125,29.11438],[83.0215,29.11439],[83.02143,29.11412],[83.0218,29.11393],[83.0216,29.11358],[83.02043,29.1132],[83.01987,29.11346]]]}},{"type":"Feature","properties":{"lake_id":"GL_28.77773_83.04558","l_km2":0.0582,"z":4917,"typ":"supraglacial lake","d":0.0,"chg":1.9,"cls":"stable","glof":0,"prov":"Lumbini","gnm":"","rgi":"RGI2000-v7.0-G-15-04425"},"geometry":{"type":"Polygon","coordinates":[[[83.04393,28.77845],[83.04422,28.77917],[83.0451,28.77894],[83.04723,28.77771],[83.04728,28.77704],[83.04682,28.77659],[83.04532,28.77655],[83.04439,28.77742],[83.04393,28.77845]]]}},{"type":"Feature","properties":{"lake_id":"GL_28.9927_83.17337","l_km2":0.1542,"z":4812,"typ":"proglacial lake","d":20.0,"chg":1.3,"cls":"stable","glof":0,"prov":"Karnali","gnm":"","rgi":"RGI2000-v7.0-G-15-04275"},"geometry":{"type":"Polygon","coordinates":[[[83.16956,28.9941],[83.17303,28.99439],[83.17472,28.99418],[83.17567,28.99353],[83.17614,28.9928],[83.17604,28.99183],[83.17546,28.9916],[83.17463,28.99194],[83.17383,28.99042],[83.17295,28.99056],[83.17116,28.99211],[83.17146,28.99351],[83.16956,28.9941]]]}},{"type":"Feature","properties":{"lake_id":"GL_28.66546_83.09687","l_km2":0.0139,"z":4441,"typ":"unmatched","d":5750.0,"chg":2.0,"cls":"stable","glof":0,"prov":"Lumbini","gnm":"","rgi":"RGI2000-v7.0-G-15-04341"},"geometry":{"type":"Polygon","coordinates":[[[83.09583,28.66595],[83.09615,28.6662],[83.09672,28.66619],[83.09686,28.66568],[83.09768,28.66522],[83.09775,28.66447],[83.09583,28.66595]]]}},{"type":"Feature","properties":{"lake_id":"GL_28.65181_83.18728","l_km2":0.0126,"z":4328,"typ":"unmatched","d":2373.0,"chg":-1.9,"cls":"stable","glof":0,"prov":"Karnali","gnm":"","rgi":"RGI2000-v7.0-G-15-04351"},"geometry":{"type":"Polygon","coordinates":[[[83.18729,28.65122],[83.18623,28.65219],[83.18674,28.65204],[83.18691,28.65236],[83.1872,28.65236],[83.18809,28.65186],[83.18779,28.65139],[83.18729,28.65122]]]}},{"type":"Feature","properties":{"lake_id":"GL_28.73785_83.04467","l_km2":0.0244,"z":4754,"typ":"unconnected glacial lake","d":1463.0,"chg":2.1,"cls":"stable","glof":0,"prov":"Karnali","gnm":"","rgi":"RGI2000-v7.0-G-15-04437"},"geometry":{"type":"Polygon","coordinates":[[[83.04305,28.73876],[83.04368,28.73883],[83.04557,28.73797],[83.04571,28.73672],[83.04447,28.73726],[83.04404,28.73813],[83.04305,28.73876]]]}},{"type":"Feature","properties":{"lake_id":"GL_28.7164_83.11076","l_km2":0.015,"z":5056,"typ":"unconnected glacial lake","d":1512.0,"chg":-4.3,"cls":"stable","glof":0,"prov":"Karnali","gnm":"","rgi":"RGI2000-v7.0-G-15-04341"},"geometry":{"type":"Polygon","coordinates":[[[83.11001,28.7168],[83.11053,28.71721],[83.11146,28.71643],[83.11151,28.71605],[83.11105,28.71572],[83.11113,28.71557],[83.11087,28.71552],[83.11054,28.7158],[83.11073,28.7159],[83.11042,28.71596],[83.11001,28.7168]]]}},{"type":"Feature","properties":{"lake_id":"GL_28.76045_83.05913","l_km2":0.0151,"z":5041,"typ":"proglacial lake","d":981.0,"chg":-2.4,"cls":"stable","glof":0,"prov":"Karnali","gnm":"","rgi":"RGI2000-v7.0-G-15-04425"},"geometry":{"type":"Polygon","coordinates":[[[83.05826,28.76064],[83.05852,28.76135],[83.05869,28.76137],[83.05929,28.76091],[83.05959,28.76035],[83.06001,28.76027],[83.06003,28.75991],[83.05976,28.75966],[83.05941,28.7597],[83.05826,28.76064]]]}},{"type":"Feature","properties":{"lake_id":"GL_29.85907_82.5856","l_km2":0.0113,"z":5114,"typ":"unmatched","d":1048.0,"chg":7.7,"cls":"stable","glof":0,"prov":"Karnali","gnm":"","rgi":"RGI2000-v7.0-G-15-03503"},"geometry":{"type":"Polygon","coordinates":[[[82.58485,29.85938],[82.5852,29.85959],[82.58615,29.85931],[82.58633,29.85888],[82.58598,29.85854],[82.5856,29.85858],[82.58505,29.85891],[82.58485,29.85938]]]}},{"type":"Feature","properties":{"lake_id":"GL_29.39137_82.39419","l_km2":0.1609,"z":3951,"typ":"unconnected glacial lake","d":3823.0,"chg":1.6,"cls":"stable","glof":0,"prov":"Karnali","gnm":"","rgi":"RGI2000-v7.0-G-15-03812"},"geometry":{"type":"Polygon","coordinates":[[[82.39197,29.39358],[82.39178,29.39483],[82.39324,29.39406],[82.39386,29.39326],[82.39527,29.3922],[82.39644,29.39052],[82.39693,29.39028],[82.39678,29.38944],[82.39623,29.38885],[82.3951,29.38878],[82.3941,29.38925],[82.39291,29.3904],[82.39279,29.39157],[82.39179,29.39257],[82.39197,29.39358]]]}},{"type":"Feature","properties":{"lake_id":"GL_29.40761_82.42943","l_km2":0.1919,"z":4430,"typ":"proglacial lake","d":2763.0,"chg":1.6,"cls":"stable","glof":0,"prov":"Lumbini","gnm":"","rgi":"RGI2000-v7.0-G-15-03812"},"geometry":{"type":"Polygon","coordinates":[[[82.42601,29.40761],[82.42627,29.40892],[82.42673,29.40919],[82.42912,29.40891],[82.43124,29.40914],[82.43227,29.40884],[82.43268,29.40723],[82.43209,29.40624],[82.43097,29.40593],[82.42873,29.40586],[82.42754,29.40656],[82.4263,29.40688],[82.42601,29.40761]]]}},{"type":"Feature","properties":{"lake_id":"GL_29.43222_82.36063","l_km2":0.2559,"z":4395,"typ":"unconnected glacial lake","d":2344.0,"chg":0.6,"cls":"stable","glof":0,"prov":"Karnali","gnm":"","rgi":"RGI2000-v7.0-G-15-03528"},"geometry":{"type":"Polygon","coordinates":[[[82.35726,29.43181],[82.35773,29.43317],[82.35836,29.43404],[82.35944,29.43473],[82.36074,29.43495],[82.36148,29.43474],[82.36186,29.43404],[82.36277,29.43368],[82.36344,29.43305],[82.36374,29.43227],[82.36336,29.43176],[82.36337,29.43138],[82.36365,29.43171],[82.36457,29.43164],[82.36344,29.43135],[82.36348,29.43111],[82.3623,29.42993],[82.36094,29.42946],[82.35901,29.43031],[82.35845,29.43113],[82.35726,29.43181]]]}},{"type":"Feature","properties":{"lake_id":"GL_29.41674_82.45603","l_km2":0.0217,"z":4610,"typ":"unconnected glacial lake","d":1696.0,"chg":6.8,"cls":"stable","glof":0,"prov":"Lumbini","gnm":"","rgi":"RGI2000-v7.0-G-15-03519"},"geometry":{"type":"Polygon","coordinates":[[[82.45506,29.41722],[82.45556,29.41752],[82.45615,29.41719],[82.45659,29.4172],[82.45701,29.4168],[82.45701,29.41633],[82.45575,29.41604],[82.45528,29.41642],[82.45506,29.41722]]]}},{"type":"Feature","properties":{"lake_id":"GL_29.20825_82.48209","l_km2":0.0475,"z":4239,"typ":"unconnected glacial lake","d":4001.0,"chg":1.1,"cls":"stable","glof":0,"prov":"Gandaki","gnm":"","rgi":"RGI2000-v7.0-G-15-03579"},"geometry":{"type":"Polygon","coordinates":[[[82.48014,29.20815],[82.48046,29.20874],[82.48198,29.20908],[82.48323,29.20891],[82.48372,29.20841],[82.48346,29.20744],[82.48292,29.20734],[82.48104,29.20785],[82.48052,29.20776],[82.48014,29.20815]]]}},{"type":"Feature","properties":{"lake_id":"GL_28.08638_85.45702","l_km2":0.0064,"z":4734,"typ":"unmatched","d":2073.0,"chg":7.6,"cls":"not assessed","glof":0,"prov":"Lumbini","gnm":"","rgi":"RGI2000-v7.0-G-15-05927"},"geometry":{"type":"Polygon","coordinates":[[[85.45621,28.08662],[85.45659,28.08679],[85.45797,28.08622],[85.45773,28.086],[85.45716,28.08604],[85.45621,28.08662]]]}},{"type":"Feature","properties":{"lake_id":"GL_28.11423_85.63565","l_km2":0.0113,"z":4779,"typ":"unmatched","d":741.0,"chg":-4.0,"cls":"stable","glof":0,"prov":"Lumbini","gnm":"","rgi":"RGI2000-v7.0-G-15-05802"},"geometry":{"type":"Polygon","coordinates":[[[85.63511,28.11484],[85.63533,28.11494],[85.63599,28.1147],[85.63614,28.114],[85.63594,28.11344],[85.63539,28.11383],[85.63511,28.11484]]]}},{"type":"Feature","properties":{"lake_id":"GL_28.27452_85.12034","l_km2":0.0447,"z":4036,"typ":"unconnected glacial lake","d":2403.0,"chg":1.4,"cls":"stable","glof":0,"prov":"Lumbini","gnm":"","rgi":"RGI2000-v7.0-G-15-05950"},"geometry":{"type":"Polygon","coordinates":[[[85.11896,28.27454],[85.1194,28.27514],[85.12048,28.27546],[85.12133,28.27544],[85.12171,28.2749],[85.12144,28.27398],[85.12108,28.27368],[85.11955,28.27361],[85.11901,28.27389],[85.11896,28.27454]]]}},{"type":"Feature","properties":{"lake_id":"GL_28.63702_85.17761","l_km2":0.0072,"z":5307,"typ":"unmatched","d":0.0,"chg":1.6,"cls":"not assessed","glof":0,"prov":"Karnali","gnm":"","rgi":"RGI2000-v7.0-G-15-05486"},"geometry":{"type":"Polygon","coordinates":[[[85.17715,28.63725],[85.17774,28.63755],[85.17808,28.6367],[85.17749,28.63652],[85.17715,28.63725]]]}},{"type":"Feature","properties":{"lake_id":"GL_28.27715_85.12531","l_km2":0.006,"z":4120,"typ":"unmatched","d":2012.0,"chg":1.9,"cls":"not assessed","glof":0,"prov":"Karnali","gnm":"","rgi":"RGI2000-v7.0-G-15-05947"},"geometry":{"type":"Polygon","coordinates":[[[85.12485,28.27705],[85.12509,28.2774],[85.12576,28.27768],[85.12549,28.2768],[85.12514,28.2767],[85.12485,28.27705]]]}},{"type":"Feature","properties":{"lake_id":"GL_28.28292_85.23648","l_km2":0.0116,"z":4494,"typ":"unmatched","d":2749.0,"chg":8.5,"cls":"stable","glof":0,"prov":"Karnali","gnm":"","rgi":"RGI2000-v7.0-G-15-05957"},"geometry":{"type":"Polygon","coordinates":[[[85.23562,28.28306],[85.23618,28.28332],[85.23733,28.28312],[85.23669,28.28226],[85.23562,28.28306]]]}},{"type":"Feature","properties":{"lake_id":"GL_28.04482_85.39842","l_km2":0.0098,"z":4288,"typ":"unmatched","d":9271.0,"chg":8.5,"cls":"not assessed","glof":0,"prov":"Karnali","gnm":"","rgi":"RGI2000-v7.0-G-15-05927"},"geometry":{"type":"Polygon","coordinates":[[[85.39799,28.04491],[85.39824,28.0456],[85.39913,28.04458],[85.39824,28.04419],[85.39799,28.04491]]]}},{"type":"Feature","properties":{"lake_id":"GL_28.07267_85.41067","l_km2":0.0078,"z":4586,"typ":"unmatched","d":6374.0,"chg":-4.1,"cls":"not assessed","glof":0,"prov":"Karnali","gnm":"","rgi":"RGI2000-v7.0-G-15-05927"},"geometry":{"type":"Polygon","coordinates":[[[85.41047,28.07198],[85.41021,28.07319],[85.41066,28.07303],[85.41116,28.07326],[85.41104,28.07233],[85.41047,28.07198]]]}},{"type":"Feature","properties":{"lake_id":"GL_28.05371_85.39781","l_km2":0.0522,"z":4353,"typ":"unconnected glacial lake","d":8607.0,"chg":1.8,"cls":"stable","glof":0,"prov":"Karnali","gnm":"","rgi":"RGI2000-v7.0-G-15-05927"},"geometry":{"type":"Polygon","coordinates":[[[85.39626,28.05454],[85.39631,28.05534],[85.39682,28.05524],[85.39889,28.05398],[85.39923,28.05301],[85.39892,28.05212],[85.39833,28.05215],[85.39754,28.05313],[85.39691,28.05332],[85.39684,28.05395],[85.39626,28.05454]]]}},{"type":"Feature","properties":{"lake_id":"GL_28.03863_85.3979","l_km2":0.024,"z":4407,"typ":"unconnected glacial lake","d":9754.0,"chg":2.1,"cls":"stable","glof":0,"prov":"Karnali","gnm":"","rgi":"RGI2000-v7.0-G-15-05927"},"geometry":{"type":"Polygon","coordinates":[[[85.39706,28.03877],[85.39772,28.03996],[85.39799,28.03933],[85.39852,28.03901],[85.39868,28.03806],[85.39826,28.03767],[85.39765,28.03768],[85.39706,28.03877]]]}},{"type":"Feature","properties":{"lake_id":"GL_28.02719_85.89187","l_km2":0.0089,"z":4412,"typ":"unmatched","d":1322.0,"chg":null,"cls":"not assessed","glof":0,"prov":"Bagmati","gnm":"","rgi":"RGI2000-v7.0-G-15-06206"},"geometry":{"type":"Polygon","coordinates":[[[85.89116,28.0271],[85.89222,28.02765],[85.89252,28.02747],[85.8922,28.02691],[85.89141,28.02676],[85.89116,28.0271]]]}},{"type":"Feature","properties":{"lake_id":"GL_28.11771_85.62517","l_km2":0.021,"z":4885,"typ":"proglacial lake","d":260.0,"chg":4.0,"cls":"stable","glof":0,"prov":"Bagmati","gnm":"","rgi":"RGI2000-v7.0-G-15-05800"},"geometry":{"type":"Polygon","coordinates":[[[85.62449,28.11711],[85.62511,28.11864],[85.62578,28.11866],[85.62599,28.11839],[85.62533,28.11688],[85.62468,28.11661],[85.62449,28.11711]]]}},{"type":"Feature","properties":{"lake_id":"GL_28.15123_85.49567","l_km2":0.0728,"z":5051,"typ":"proglacial lake","d":9.0,"chg":9.3,"cls":"expanding","glof":1,"prov":"Bagmati","gnm":"","rgi":"RGI2000-v7.0-G-15-05918"},"geometry":{"type":"Polygon","coordinates":[[[85.49284,28.15255],[85.49279,28.15293],[85.49323,28.15281],[85.49353,28.15249],[85.49421,28.15262],[85.49531,28.15229],[85.49771,28.15116],[85.49804,28.15072],[85.49747,28.15017],[85.49632,28.14979],[85.49409,28.15103],[85.49401,28.15212],[85.49284,28.15255]]]}},{"type":"Feature","properties":{"lake_id":"GL_28.23304_85.61081","l_km2":0.0273,"z":5082,"typ":"proglacial lake","d":0.0,"chg":-1.3,"cls":"stable","glof":0,"prov":"Gandaki","gnm":"Yala Glacier","rgi":"RGI2000-v7.0-G-15-05917"},"geometry":{"type":"Polygon","coordinates":[[[85.60986,28.2332],[85.61016,28.23385],[85.61114,28.23386],[85.61172,28.23329],[85.61162,28.23253],[85.61094,28.23214],[85.61033,28.23212],[85.60986,28.2332]]]}},{"type":"Feature","properties":{"lake_id":"GL_28.06064_85.38917","l_km2":0.1691,"z":4185,"typ":"unconnected glacial lake","d":8737.0,"chg":1.2,"cls":"stable","glof":0,"prov":"Bagmati","gnm":"","rgi":"RGI2000-v7.0-G-15-05927"},"geometry":{"type":"Polygon","coordinates":[[[85.38772,28.06204],[85.38788,28.06513],[85.38808,28.06542],[85.3897,28.06315],[85.39006,28.06064],[85.39067,28.05929],[85.39071,28.05693],[85.39006,28.05647],[85.38963,28.05694],[85.38875,28.05725],[85.38883,28.05892],[85.38798,28.0601],[85.38772,28.06204]]]}},{"type":"Feature","properties":{"lake_id":"GL_28.16274_85.6305","l_km2":0.1216,"z":4977,"typ":"proglacial lake","d":313.0,"chg":0.6,"cls":"stable","glof":0,"prov":"Bagmati","gnm":"","rgi":"RGI2000-v7.0-G-15-05792"},"geometry":{"type":"Polygon","coordinates":[[[85.62787,28.16244],[85.62785,28.16363],[85.6283,28.16363],[85.62846,28.16391],[85.63051,28.16418],[85.63307,28.16305],[85.63394,28.16217],[85.63337,28.16217],[85.63319,28.16177],[85.63266,28.16191],[85.62939,28.16142],[85.62787,28.16244]]]}},{"type":"Feature","properties":{"lake_id":"GL_28.15933_85.74826","l_km2":0.0237,"z":4960,"typ":"unmatched","d":0.0,"chg":99.9,"cls":"expanding","glof":0,"prov":"Bagmati","gnm":"","rgi":"RGI2000-v7.0-G-15-08809"},"geometry":{"type":"Polygon","coordinates":[[[85.74743,28.15954],[85.74763,28.15983],[85.74809,28.15985],[85.74819,28.16012],[85.7487,28.16024],[85.74911,28.15999],[85.74884,28.15881],[85.74829,28.15863],[85.74811,28.1583],[85.74751,28.15884],[85.74743,28.15954]]]}},{"type":"Feature","properties":{"lake_id":"GL_28.08028_85.40765","l_km2":0.15,"z":4319,"typ":"unconnected glacial lake","d":6021.0,"chg":2.4,"cls":"stable","glof":0,"prov":"Bagmati","gnm":"","rgi":"RGI2000-v7.0-G-15-05927"},"geometry":{"type":"Polygon","coordinates":[[[85.40466,28.07949],[85.40559,28.08003],[85.40568,28.08086],[85.40549,28.08126],[85.406,28.08139],[85.40592,28.08191],[85.40686,28.0819],[85.40693,28.08274],[85.40839,28.08188],[85.40854,28.08151],[85.40958,28.08129],[85.41018,28.08073],[85.41029,28.0803],[85.40911,28.07866],[85.40794,28.07823],[85.40676,28.07898],[85.40485,28.07923],[85.40466,28.07949]]]}},{"type":"Feature","properties":{"lake_id":"GL_28.042_85.7177","l_km2":0.024,"z":4053,"typ":"unmatched","d":8987.0,"chg":1.0,"cls":"stable","glof":0,"prov":"Bagmati","gnm":"","rgi":"RGI2000-v7.0-G-15-06149"},"geometry":{"type":"Polygon","coordinates":[[[85.71591,28.04177],[85.71775,28.0426],[85.71845,28.04251],[85.71908,28.04198],[85.71901,28.0417],[85.7185,28.0415],[85.71697,28.04174],[85.71614,28.04155],[85.71591,28.04177]]]}},{"type":"Feature","properties":{"lake_id":"GL_28.02959_85.3969","l_km2":0.0189,"z":4248,"typ":"unmatched","d":10584.0,"chg":0.6,"cls":"stable","glof":0,"prov":"Bagmati","gnm":"","rgi":"RGI2000-v7.0-G-15-05927"},"geometry":{"type":"Polygon","coordinates":[[[85.39591,28.02994],[85.39611,28.0303],[85.39656,28.0304],[85.39718,28.02968],[85.3978,28.02987],[85.39792,28.02899],[85.39757,28.02889],[85.39653,28.02915],[85.39591,28.02994]]]}},{"type":"Feature","properties":{"lake_id":"GL_28.08254_85.41411","l_km2":0.1425,"z":4395,"typ":"unconnected glacial lake","d":5392.0,"chg":14.6,"cls":"expanding","glof":0,"prov":"Bagmati","gnm":"","rgi":"RGI2000-v7.0-G-15-05927"},"geometry":{"type":"Polygon","coordinates":[[[85.41053,28.08316],[85.41097,28.08357],[85.4122,28.08413],[85.41536,28.08388],[85.41669,28.08189],[85.41658,28.0814],[85.41697,28.08092],[85.41707,28.07987],[85.41674,28.07987],[85.41596,28.08069],[85.41625,28.08134],[85.41577,28.08134],[85.41542,28.08097],[85.4151,28.08095],[85.4143,28.0812],[85.41385,28.08161],[85.4133,28.0814],[85.41053,28.08316]]]}},{"type":"Feature","properties":{"lake_id":"GL_28.07985_85.39953","l_km2":0.0204,"z":4097,"typ":"unmatched","d":6892.0,"chg":4.3,"cls":"stable","glof":0,"prov":"Bagmati","gnm":"","rgi":"RGI2000-v7.0-G-15-05927"},"geometry":{"type":"Polygon","coordinates":[[[85.39845,28.07975],[85.39846,28.07998],[85.39893,28.08023],[85.40003,28.08051],[85.40048,28.0804],[85.40058,28.07995],[85.39988,28.0793],[85.39898,28.0793],[85.39845,28.07975]]]}},{"type":"Feature","properties":{"lake_id":"GL_28.05136_85.82538","l_km2":0.0697,"z":4248,"typ":"unconnected glacial lake","d":5149.0,"chg":3.3,"cls":"stable","glof":0,"prov":"Bagmati","gnm":"","rgi":"RGI2000-v7.0-G-15-06183"},"geometry":{"type":"Polygon","coordinates":[[[85.82273,28.05121],[85.8237,28.05194],[85.82548,28.05251],[85.82691,28.05218],[85.8272,28.05152],[85.82701,28.05039],[85.82624,28.05021],[85.82273,28.05121]]]}},{"type":"Feature","properties":{"lake_id":"GL_28.05335_85.83715","l_km2":0.0306,"z":4383,"typ":"unconnected glacial lake","d":4438.0,"chg":21.2,"cls":"expanding","glof":0,"prov":"Bagmati","gnm":"","rgi":"RGI2000-v7.0-G-15-06183"},"geometry":{"type":"Polygon","coordinates":[[[85.83572,28.05426],[85.83582,28.05459],[85.83643,28.05463],[85.83715,28.05359],[85.83906,28.05266],[85.83924,28.05233],[85.83884,28.05223],[85.83667,28.05291],[85.83624,28.05322],[85.83572,28.05426]]]}},{"type":"Feature","properties":{"lake_id":"GL_28.04941_85.3953","l_km2":0.0783,"z":4245,"typ":"unconnected glacial lake","d":9091.0,"chg":0.2,"cls":"stable","glof":0,"prov":"Bagmati","gnm":"","rgi":"RGI2000-v7.0-G-15-05927"},"geometry":{"type":"Polygon","coordinates":[[[85.39319,28.05173],[85.39357,28.05202],[85.3944,28.05098],[85.39656,28.04967],[85.39692,28.04829],[85.39669,28.04708],[85.39582,28.04739],[85.39494,28.04888],[85.39374,28.05004],[85.39319,28.05173]]]}},{"type":"Feature","properties":{"lake_id":"GL_28.07906_85.81527","l_km2":0.0329,"z":4260,"typ":"unconnected glacial lake","d":4089.0,"chg":-1.1,"cls":"stable","glof":0,"prov":"Bagmati","gnm":"","rgi":"RGI2000-v7.0-G-15-06183"},"geometry":{"type":"Polygon","coordinates":[[[85.81453,28.0785],[85.81375,28.08007],[85.81548,28.07943],[85.81592,28.08002],[85.81634,28.07962],[85.81633,28.07859],[85.81572,28.07817],[85.81509,28.07809],[85.81453,28.0785]]]}},{"type":"Feature","properties":{"lake_id":"GL_28.10311_85.61433","l_km2":0.0112,"z":4588,"typ":"unmatched","d":2149.0,"chg":0.9,"cls":"stable","glof":0,"prov":"Bagmati","gnm":"","rgi":"RGI2000-v7.0-G-15-06141"},"geometry":{"type":"Polygon","coordinates":[[[85.6138,28.1028],[85.61375,28.10345],[85.61455,28.10365],[85.61488,28.10335],[85.61495,28.10283],[85.61425,28.10259],[85.6138,28.1028]]]}},{"type":"Feature","properties":{"lake_id":"GL_28.07177_85.42806","l_km2":0.0398,"z":4628,"typ":"unconnected glacial lake","d":5033.0,"chg":12.1,"cls":"stable","glof":0,"prov":"Bagmati","gnm":"","rgi":"RGI2000-v7.0-G-15-05927"},"geometry":{"type":"Polygon","coordinates":[[[85.42711,28.07192],[85.42731,28.07283],[85.42824,28.07316],[85.4287,28.07239],[85.42897,28.07082],[85.4285,28.0704],[85.42765,28.07059],[85.42744,28.07081],[85.42751,28.0714],[85.42711,28.07192]]]}},{"type":"Feature","properties":{"lake_id":"GL_28.0711_85.80244","l_km2":0.0089,"z":4347,"typ":"unmatched","d":5008.0,"chg":62.2,"cls":"not assessed","glof":0,"prov":"Bagmati","gnm":"","rgi":"RGI2000-v7.0-G-15-06160"},"geometry":{"type":"Polygon","coordinates":[[[85.80181,28.07139],[85.80207,28.07165],[85.8025,28.07152],[85.80299,28.07113],[85.803,28.07066],[85.8021,28.07079],[85.80181,28.07139]]]}},{"type":"Feature","properties":{"lake_id":"GL_28.08604_85.42142","l_km2":0.0064,"z":4609,"typ":"unmatched","d":4705.0,"chg":25.4,"cls":"not assessed","glof":0,"prov":"Bagmati","gnm":"","rgi":"RGI2000-v7.0-G-15-05927"},"geometry":{"type":"Polygon","coordinates":[[[85.42099,28.08604],[85.42123,28.08637],[85.42196,28.08637],[85.42126,28.08547],[85.42099,28.08604]]]}},{"type":"Feature","properties":{"lake_id":"GL_28.0927_85.42675","l_km2":0.0066,"z":4702,"typ":"unmatched","d":3941.0,"chg":11.1,"cls":"not assessed","glof":0,"prov":"Bagmati","gnm":"","rgi":"RGI2000-v7.0-G-15-05927"},"geometry":{"type":"Polygon","coordinates":[[[85.42638,28.09274],[85.42656,28.09325],[85.42697,28.09311],[85.42712,28.09251],[85.42688,28.09217],[85.4266,28.09219],[85.42638,28.09274]]]}},{"type":"Feature","properties":{"lake_id":"GL_28.23542_85.44275","l_km2":0.0273,"z":4627,"typ":"proglacial lake","d":842.0,"chg":3.8,"cls":"stable","glof":0,"prov":"Bagmati","gnm":"","rgi":"RGI2000-v7.0-G-15-05755"},"geometry":{"type":"Polygon","coordinates":[[[85.44148,28.23537],[85.44166,28.23559],[85.44219,28.23556],[85.44287,28.23654],[85.4438,28.23568],[85.44332,28.23463],[85.44283,28.23488],[85.44178,28.23463],[85.44148,28.23537]]]}},{"type":"Feature","properties":{"lake_id":"GL_28.08626_85.45925","l_km2":0.0045,"z":4729,"typ":"unmatched","d":1985.0,"chg":13.8,"cls":"not assessed","glof":0,"prov":"Bagmati","gnm":"","rgi":"RGI2000-v7.0-G-15-05927"},"geometry":{"type":"Polygon","coordinates":[[[85.45874,28.08629],[85.45929,28.08657],[85.45976,28.08637],[85.4596,28.08608],[85.45913,28.08597],[85.45874,28.08629]]]}},{"type":"Feature","properties":{"lake_id":"GL_27.7256_86.41859","l_km2":0.0286,"z":4226,"typ":"proglacial lake","d":3089.0,"chg":null,"cls":"not assessed","glof":0,"prov":"Bagmati","gnm":"","rgi":"RGI2000-v7.0-G-15-08846"},"geometry":{"type":"Polygon","coordinates":[[[86.41736,27.72547],[86.4176,27.72625],[86.41804,27.7264],[86.41975,27.72584],[86.41984,27.72517],[86.41943,27.72496],[86.41848,27.72495],[86.41736,27.72547]]]}},{"type":"Feature","properties":{"lake_id":"GL_27.72835_86.40446","l_km2":0.0289,"z":4407,"typ":"proglacial lake","d":2835.0,"chg":null,"cls":"not assessed","glof":0,"prov":"Bagmati","gnm":"","rgi":"RGI2000-v7.0-G-15-08846"},"geometry":{"type":"Polygon","coordinates":[[[86.40346,27.72841],[86.40389,27.72921],[86.40443,27.72926],[86.40512,27.72901],[86.40535,27.72865],[86.40517,27.7273],[86.40391,27.72772],[86.40346,27.72841]]]}},{"type":"Feature","properties":{"lake_id":"GL_27.86462_86.40085","l_km2":0.0069,"z":4913,"typ":"unmatched","d":154.0,"chg":34.0,"cls":"not assessed","glof":0,"prov":"Bagmati","gnm":"","rgi":"RGI2000-v7.0-G-15-08823"},"geometry":{"type":"Polygon","coordinates":[[[86.40036,27.86437],[86.4006,27.86491],[86.40113,27.86513],[86.40118,27.86426],[86.40036,27.86437]]]}},{"type":"Feature","properties":{"lake_id":"GL_28.03378_85.87897","l_km2":0.0242,"z":4250,"typ":"unconnected glacial lake","d":1835.0,"chg":9.6,"cls":"stable","glof":0,"prov":"Bagmati","gnm":"","rgi":"RGI2000-v7.0-G-15-06206"},"geometry":{"type":"Polygon","coordinates":[[[85.87724,28.03407],[85.87847,28.03451],[85.88001,28.03394],[85.88034,28.03348],[85.88014,28.03309],[85.87983,28.03302],[85.87724,28.03407]]]}},{"type":"Feature","properties":{"lake_id":"GL_27.98986_85.87937","l_km2":0.0589,"z":4114,"typ":"unconnected glacial lake","d":5475.0,"chg":-2.2,"cls":"stable","glof":0,"prov":"Bagmati","gnm":"","rgi":"RGI2000-v7.0-G-15-06206"},"geometry":{"type":"Polygon","coordinates":[[[85.87819,27.98906],[85.87834,27.99037],[85.87894,27.99119],[85.87969,27.99161],[85.88004,27.99125],[85.88085,27.9893],[85.88014,27.98924],[85.8795,27.98873],[85.87924,27.98819],[85.87838,27.98849],[85.87819,27.98906]]]}},{"type":"Feature","properties":{"lake_id":"GL_28.12915_85.83701","l_km2":0.0181,"z":4434,"typ":"unmatched","d":139.0,"chg":-1.0,"cls":"stable","glof":0,"prov":"Bagmati","gnm":"","rgi":"RGI2000-v7.0-G-15-06177"},"geometry":{"type":"Polygon","coordinates":[[[85.83623,28.12922],[85.83629,28.12967],[85.8367,28.12987],[85.83788,28.12936],[85.83773,28.12889],[85.8371,28.12834],[85.83659,28.12839],[85.83665,28.12884],[85.83623,28.12922]]]}},{"type":"Feature","properties":{"lake_id":"GL_27.91384_86.13066","l_km2":0.017,"z":4352,"typ":"unmatched","d":5837.0,"chg":null,"cls":"not assessed","glof":0,"prov":"Bagmati","gnm":"","rgi":"RGI2000-v7.0-G-15-06314"},"geometry":{"type":"Polygon","coordinates":[[[86.12921,27.91391],[86.12978,27.91423],[86.13049,27.91409],[86.13112,27.91439],[86.13167,27.9135],[86.13131,27.91327],[86.1306,27.91333],[86.13033,27.91364],[86.12921,27.91391]]]}},{"type":"Feature","properties":{"lake_id":"GL_28.04556_85.84037","l_km2":0.0241,"z":4475,"typ":"unconnected glacial lake","d":5094.0,"chg":12.6,"cls":"stable","glof":0,"prov":"Bagmati","gnm":"","rgi":"RGI2000-v7.0-G-15-06200"},"geometry":{"type":"Polygon","coordinates":[[[85.83954,28.04503],[85.83989,28.04634],[85.84126,28.04644],[85.84094,28.04571],[85.84097,28.04504],[85.84069,28.0447],[85.83975,28.04467],[85.83954,28.04503]]]}},{"type":"Feature","properties":{"lake_id":"GL_28.06124_85.83822","l_km2":0.026,"z":4626,"typ":"unconnected glacial lake","d":3639.0,"chg":2.6,"cls":"stable","glof":0,"prov":"Bagmati","gnm":"","rgi":"RGI2000-v7.0-G-15-06183"},"geometry":{"type":"Polygon","coordinates":[[[85.8367,28.06144],[85.83753,28.06193],[85.8382,28.06186],[85.83917,28.06126],[85.8398,28.06121],[85.83984,28.06098],[85.83939,28.06061],[85.83858,28.06091],[85.83827,28.06071],[85.83773,28.06076],[85.8367,28.06144]]]}},{"type":"Feature","properties":{"lake_id":"GL_28.71217_83.92024","l_km2":0.104,"z":4982,"typ":"unconnected glacial lake","d":1712.0,"chg":1.0,"cls":"stable","glof":0,"prov":"Bagmati","gnm":"","rgi":"RGI2000-v7.0-G-15-04659"},"geometry":{"type":"Polygon","coordinates":[[[83.91779,28.71199],[83.91789,28.71316],[83.9182,28.71344],[83.91946,28.71358],[83.91994,28.71274],[83.92071,28.71256],[83.92243,28.71301],[83.92287,28.71336],[83.92285,28.71361],[83.92311,28.7133],[83.92298,28.71204],[83.92264,28.71165],[83.9197,28.71072],[83.91809,28.71157],[83.91779,28.71199]]]}},{"type":"Feature","properties":{"lake_id":"GL_29.20539_83.84833","l_km2":0.0186,"z":5426,"typ":"unmatched","d":188.0,"chg":3.1,"cls":"stable","glof":0,"prov":"Bagmati","gnm":"","rgi":"RGI2000-v7.0-G-15-04541"},"geometry":{"type":"Polygon","coordinates":[[[83.84729,29.20532],[83.8475,29.20579],[83.84809,29.20599],[83.84874,29.20587],[83.84939,29.2054],[83.84904,29.20489],[83.84775,29.20495],[83.84729,29.20532]]]}},{"type":"Feature","properties":{"lake_id":"GL_29.1178_83.77916","l_km2":0.0205,"z":5655,"typ":"proglacial lake","d":119.0,"chg":-1.4,"cls":"stable","glof":0,"prov":"Bagmati","gnm":"","rgi":"RGI2000-v7.0-G-15-04215"},"geometry":{"type":"Polygon","coordinates":[[[83.77867,29.11725],[83.77837,29.11855],[83.77871,29.11869],[83.77937,29.11837],[83.78017,29.1174],[83.78008,29.11722],[83.77966,29.11699],[83.77867,29.11725]]]}},{"type":"Feature","properties":{"lake_id":"GL_28.16958_86.18018","l_km2":0.0086,"z":5379,"typ":"proglacial lake","d":108.0,"chg":3.6,"cls":"not assessed","glof":0,"prov":"Bagmati","gnm":"","rgi":"RGI2000-v7.0-G-15-06278"},"geometry":{"type":"Polygon","coordinates":[[[86.17941,28.16951],[86.17962,28.16996],[86.18058,28.16997],[86.18093,28.16943],[86.18055,28.16922],[86.17941,28.16951]]]}},{"type":"Feature","properties":{"lake_id":"GL_27.90889_86.15466","l_km2":0.0161,"z":4557,"typ":"unconnected glacial lake","d":7282.0,"chg":null,"cls":"not assessed","glof":0,"prov":"Bagmati","gnm":"","rgi":"RGI2000-v7.0-G-15-06314"},"geometry":{"type":"Polygon","coordinates":[[[86.15374,27.90895],[86.15398,27.90927],[86.1551,27.90948],[86.15536,27.90926],[86.15543,27.90849],[86.15456,27.90821],[86.15374,27.90895]]]}},{"type":"Feature","properties":{"lake_id":"GL_28.09562_86.19335","l_km2":0.0773,"z":4879,"typ":"proglacial lake","d":457.0,"chg":4.8,"cls":"stable","glof":0,"prov":"Bagmati","gnm":"","rgi":"RGI2000-v7.0-G-15-06341"},"geometry":{"type":"Polygon","coordinates":[[[86.19164,28.09439],[86.19188,28.09525],[86.19333,28.09759],[86.19424,28.09753],[86.1938,28.09704],[86.19403,28.09633],[86.19421,28.09671],[86.19569,28.0967],[86.19576,28.09632],[86.19517,28.09558],[86.19466,28.09549],[86.19421,28.09605],[86.19267,28.09338],[86.19242,28.09333],[86.19164,28.09439]]]}},{"type":"Feature","properties":{"lake_id":"GL_27.85419_86.42325","l_km2":0.0061,"z":5066,"typ":"unmatched","d":355.0,"chg":7.3,"cls":"not assessed","glof":0,"prov":"Bagmati","gnm":"","rgi":"RGI2000-v7.0-G-15-08825"},"geometry":{"type":"Polygon","coordinates":[[[86.4227,27.85417],[86.42319,27.85455],[86.4239,27.85409],[86.42283,27.85386],[86.4227,27.85417]]]}},{"type":"Feature","properties":{"lake_id":"GL_29.91526_82.21436","l_km2":0.0138,"z":4832,"typ":"unconnected glacial lake","d":193.0,"chg":4.1,"cls":"stable","glof":0,"prov":"Bagmati","gnm":"","rgi":"RGI2000-v7.0-G-15-03012"},"geometry":{"type":"Polygon","coordinates":[[[82.21372,29.9156],[82.21383,29.91587],[82.21451,29.91592],[82.21513,29.9151],[82.2141,29.91451],[82.21372,29.9156]]]}},{"type":"Feature","properties":{"lake_id":"GL_29.93007_82.20666","l_km2":0.4435,"z":4553,"typ":"proglacial lake","d":25.0,"chg":-2.1,"cls":"stable","glof":0,"prov":"Bagmati","gnm":"","rgi":"RGI2000-v7.0-G-15-02996"},"geometry":{"type":"Polygon","coordinates":[[[82.20067,29.92593],[82.20112,29.92679],[82.20145,29.92686],[82.20136,29.9265],[82.20165,29.92641],[82.20282,29.92707],[82.20278,29.92752],[82.20426,29.92855],[82.20501,29.9301],[82.20607,29.92991],[82.20696,29.93039],[82.20747,29.93094],[82.20783,29.93201],[82.20848,29.93267],[82.20902,29.9328],[82.20947,29.93253],[82.20985,29.93262],[82.20929,29.93311],[82.20732,29.93248],[82.20752,29.93226],[82.20719,29.93206],[82.20703,29.93257],[82.20662,29.93292],[82.20638,29.93355],[82.20673,29.93403],[82.20651,29.93438],[82.20624,29.93436],[82.20574,29.93576],[82.20762,29.93699],[82.20819,29.93626],[82.20769,29.9358],[82.2088,29.9354],[82.20901,29.93511],[82.20914,29.93452],[82.20868,29.934],[82.20872,29.93371],[82.20899,29.93356],[82.20982,29.93372],[82.21002,29.93346],[82.20991,29.93312],[82.21022,29.93279],[82.2099,29.93245],[82.20955,29.93244],[82.21056,29.93201],[82.21085,29.93167],[82.21095,29.93104],[82.21073,29.93052],[82.208,29.92713],[82.20523,29.92631],[82.20385,29.92553],[82.20326,29.92567],[82.20203,29.92513],[82.2015,29.92416],[82.20112,29.92427],[82.20117,29.92474],[82.20067,29.92593]]]}},{"type":"Feature","properties":{"lake_id":"GL_29.89773_82.47357","l_km2":0.0362,"z":4899,"typ":"unconnected glacial lake","d":1107.0,"chg":6.6,"cls":"stable","glof":0,"prov":"Bagmati","gnm":"","rgi":"RGI2000-v7.0-G-15-03344"},"geometry":{"type":"Polygon","coordinates":[[[82.47264,29.89769],[82.47324,29.89881],[82.47406,29.89882],[82.47456,29.89841],[82.47442,29.89744],[82.47355,29.89649],[82.47297,29.89652],[82.47264,29.89769]]]}},{"type":"Feature","properties":{"lake_id":"GL_29.85446_82.33896","l_km2":0.048,"z":4943,"typ":"proglacial lake","d":0.0,"chg":2.7,"cls":"stable","glof":0,"prov":"Gandaki","gnm":"","rgi":"RGI2000-v7.0-G-15-03498"},"geometry":{"type":"Polygon","coordinates":[[[82.33757,29.85402],[82.33825,29.85543],[82.33964,29.85547],[82.34044,29.85473],[82.34037,29.85429],[82.33907,29.85328],[82.33856,29.85355],[82.33769,29.8536],[82.33757,29.85402]]]}},{"type":"Feature","properties":{"lake_id":"GL_29.69791_82.37295","l_km2":0.1297,"z":4838,"typ":"proglacial lake","d":0.0,"chg":-0.6,"cls":"stable","glof":0,"prov":"Gandaki","gnm":"","rgi":"RGI2000-v7.0-G-15-03278"},"geometry":{"type":"Polygon","coordinates":[[[82.37126,29.69778],[82.37153,29.69954],[82.37178,29.69962],[82.37214,29.69912],[82.37247,29.69912],[82.37379,29.70049],[82.37452,29.70054],[82.37484,29.69944],[82.37428,29.69861],[82.37432,29.69756],[82.374,29.69714],[82.37403,29.69659],[82.37438,29.69615],[82.37305,29.69608],[82.37307,29.69559],[82.37228,29.69521],[82.37144,29.69615],[82.37126,29.69778]]]}},{"type":"Feature","properties":{"lake_id":"GL_29.44855_82.27129","l_km2":0.0072,"z":4330,"typ":"unmatched","d":10874.0,"chg":7.1,"cls":"not assessed","glof":0,"prov":"Gandaki","gnm":"","rgi":"RGI2000-v7.0-G-15-03527"},"geometry":{"type":"Polygon","coordinates":[[[82.27101,29.44816],[82.27098,29.44892],[82.27164,29.44892],[82.27174,29.44841],[82.27155,29.44812],[82.27101,29.44816]]]}},{"type":"Feature","properties":{"lake_id":"GL_29.66852_82.2215","l_km2":0.107,"z":4571,"typ":"unconnected glacial lake","d":850.0,"chg":0.5,"cls":"stable","glof":0,"prov":"Bagmati","gnm":"","rgi":"RGI2000-v7.0-G-15-03262"},"geometry":{"type":"Polygon","coordinates":[[[82.21926,29.66883],[82.21951,29.66912],[82.21959,29.66986],[82.22004,29.67006],[82.22289,29.66967],[82.22335,29.66867],[82.22327,29.66728],[82.22264,29.66676],[82.22165,29.66661],[82.22147,29.66703],[82.22063,29.66736],[82.21926,29.66883]]]}},{"type":"Feature","properties":{"lake_id":"GL_29.67528_82.19293","l_km2":0.1504,"z":4226,"typ":"unconnected glacial lake","d":2733.0,"chg":3.4,"cls":"stable","glof":0,"prov":"Bagmati","gnm":"","rgi":"RGI2000-v7.0-G-15-03262"},"geometry":{"type":"Polygon","coordinates":[[[82.19012,29.67722],[82.1902,29.67769],[82.19136,29.67781],[82.19325,29.67653],[82.19401,29.67629],[82.19518,29.67519],[82.19571,29.67459],[82.19571,29.67428],[82.19539,29.67418],[82.19537,29.67358],[82.19484,29.67292],[82.19479,29.67241],[82.19464,29.67303],[82.19481,29.6735],[82.19387,29.67295],[82.19387,29.6732],[82.19336,29.67336],[82.193,29.67324],[82.19145,29.67429],[82.19123,29.67479],[82.19132,29.67582],[82.19012,29.67722]]]}},{"type":"Feature","properties":{"lake_id":"GL_29.94836_82.53429","l_km2":0.0314,"z":4823,"typ":"unconnected glacial lake","d":2480.0,"chg":20.1,"cls":"expanding","glof":0,"prov":"Bagmati","gnm":"","rgi":"RGI2000-v7.0-G-15-03349"},"geometry":{"type":"Polygon","coordinates":[[[82.53361,29.94865],[82.53385,29.94945],[82.53454,29.94995],[82.53488,29.94937],[82.53489,29.94849],[82.53471,29.9471],[82.53439,29.94674],[82.53377,29.947],[82.53361,29.94865]]]}},{"type":"Feature","properties":{"lake_id":"GL_29.89345_82.53714","l_km2":0.0121,"z":4835,"typ":"unmatched","d":3122.0,"chg":7.6,"cls":"stable","glof":0,"prov":"Bagmati","gnm":"","rgi":"RGI2000-v7.0-G-15-03352"},"geometry":{"type":"Polygon","coordinates":[[[82.53631,29.89363],[82.53666,29.89397],[82.53724,29.89389],[82.53776,29.89363],[82.53787,29.893],[82.53698,29.89297],[82.53631,29.89363]]]}},{"type":"Feature","properties":{"lake_id":"GL_29.66634_82.20296","l_km2":0.181,"z":4381,"typ":"unconnected glacial lake","d":2239.0,"chg":2.1,"cls":"stable","glof":0,"prov":"Karnali","gnm":"","rgi":"RGI2000-v7.0-G-15-03262"},"geometry":{"type":"Polygon","coordinates":[[[82.19914,29.66718],[82.19922,29.66745],[82.20055,29.668],[82.20257,29.66812],[82.20574,29.6669],[82.20623,29.66632],[82.20621,29.66599],[82.20594,29.66574],[82.20572,29.66474],[82.20516,29.6642],[82.20478,29.66415],[82.20371,29.66446],[82.20246,29.66527],[82.20145,29.6653],[82.20069,29.66563],[82.19914,29.66718]]]}},{"type":"Feature","properties":{"lake_id":"GL_29.93273_82.48344","l_km2":0.0155,"z":4854,"typ":"unmatched","d":2732.0,"chg":8.6,"cls":"stable","glof":0,"prov":"Karnali","gnm":"","rgi":"RGI2000-v7.0-G-15-03349"},"geometry":{"type":"Polygon","coordinates":[[[82.4825,29.93272],[82.4835,29.93332],[82.48418,29.93331],[82.48445,29.9329],[82.48309,29.93206],[82.4828,29.93214],[82.4825,29.93272]]]}},{"type":"Feature","properties":{"lake_id":"GL_29.90278_82.52981","l_km2":0.007,"z":5026,"typ":"unmatched","d":1898.0,"chg":3.1,"cls":"not assessed","glof":0,"prov":"Karnali","gnm":"","rgi":"RGI2000-v7.0-G-15-03352"},"geometry":{"type":"Polygon","coordinates":[[[82.52938,29.90266],[82.52972,29.90334],[82.53001,29.90336],[82.53019,29.90267],[82.53,29.90235],[82.52964,29.90219],[82.52938,29.90266]]]}},{"type":"Feature","properties":{"lake_id":"GL_28.02572_86.56174","l_km2":0.0146,"z":5093,"typ":"unmatched","d":0.0,"chg":null,"cls":"not assessed","glof":0,"prov":"Karnali","gnm":"Bhote Kosi","rgi":"RGI2000-v7.0-G-15-08551"},"geometry":{"type":"Polygon","coordinates":[[[86.56103,28.02614],[86.56144,28.02641],[86.56207,28.02618],[86.56237,28.02633],[86.56238,28.02602],[86.56213,28.026],[86.56236,28.02548],[86.562,28.02492],[86.5614,28.02517],[86.56103,28.02614]]]}},{"type":"Feature","properties":{"lake_id":"GL_27.83357_86.90999","l_km2":0.0126,"z":5377,"typ":"unmatched","d":0.0,"chg":-9.0,"cls":"stable","glof":0,"prov":"Karnali","gnm":"","rgi":"RGI2000-v7.0-G-15-06779"},"geometry":{"type":"Polygon","coordinates":[[[86.90905,27.8337],[86.90915,27.8341],[86.9095,27.83415],[86.91057,27.83366],[86.91106,27.83307],[86.91037,27.83307],[86.90905,27.8337]]]}},{"type":"Feature","properties":{"lake_id":"GL_29.65521_82.35353","l_km2":0.011,"z":4391,"typ":"unmatched","d":3672.0,"chg":-7.1,"cls":"stable","glof":0,"prov":"Karnali","gnm":"","rgi":"RGI2000-v7.0-G-15-03289"},"geometry":{"type":"Polygon","coordinates":[[[82.35277,29.65509],[82.35297,29.65547],[82.35364,29.65573],[82.35405,29.65558],[82.35421,29.65506],[82.35355,29.65475],[82.35277,29.65509]]]}},{"type":"Feature","properties":{"lake_id":"GL_29.67334_82.18977","l_km2":0.0324,"z":4233,"typ":"unconnected glacial lake","d":3213.0,"chg":7.1,"cls":"stable","glof":0,"prov":"Karnali","gnm":"","rgi":"RGI2000-v7.0-G-15-03262"},"geometry":{"type":"Polygon","coordinates":[[[82.18855,29.67346],[82.18874,29.67393],[82.18961,29.67412],[82.19058,29.6741],[82.19084,29.67373],[82.19079,29.67308],[82.19035,29.67247],[82.18901,29.67274],[82.18855,29.67346]]]}},{"type":"Feature","properties":{"lake_id":"GL_29.48659_82.49115","l_km2":0.0503,"z":4983,"typ":"proglacial lake","d":2221.0,"chg":4.3,"cls":"stable","glof":0,"prov":"Karnali","gnm":"","rgi":"RGI2000-v7.0-G-15-03530"},"geometry":{"type":"Polygon","coordinates":[[[82.49,29.48648],[82.49014,29.48749],[82.4905,29.4879],[82.49186,29.48771],[82.49231,29.48734],[82.49204,29.48581],[82.49163,29.48503],[82.49095,29.48517],[82.49098,29.48548],[82.49032,29.48573],[82.49,29.48648]]]}},{"type":"Feature","properties":{"lake_id":"GL_29.8593_82.33299","l_km2":0.0832,"z":5036,"typ":"proglacial lake","d":0.0,"chg":-1.2,"cls":"stable","glof":0,"prov":"Karnali","gnm":"","rgi":"RGI2000-v7.0-G-15-03497"},"geometry":{"type":"Polygon","coordinates":[[[82.33158,29.85934],[82.33209,29.86051],[82.33265,29.86118],[82.33338,29.86131],[82.33402,29.86076],[82.3343,29.86008],[82.33425,29.85923],[82.33346,29.8579],[82.33375,29.85745],[82.33353,29.85692],[82.33347,29.85718],[82.33291,29.85707],[82.33234,29.85755],[82.33158,29.85934]]]}},{"type":"Feature","properties":{"lake_id":"GL_29.72927_82.35317","l_km2":0.0181,"z":4603,"typ":"unconnected glacial lake","d":809.0,"chg":4.9,"cls":"stable","glof":0,"prov":"Karnali","gnm":"","rgi":"RGI2000-v7.0-G-15-03272"},"geometry":{"type":"Polygon","coordinates":[[[82.35244,29.72926],[82.35253,29.73006],[82.35317,29.73009],[82.354,29.72892],[82.35373,29.72847],[82.35331,29.72837],[82.35244,29.72926]]]}},{"type":"Feature","properties":{"lake_id":"GL_29.89325_82.51336","l_km2":0.1056,"z":5027,"typ":"unconnected glacial lake","d":2639.0,"chg":1.2,"cls":"stable","glof":0,"prov":"Karnali","gnm":"","rgi":"RGI2000-v7.0-G-15-03349"},"geometry":{"type":"Polygon","coordinates":[[[82.51055,29.89423],[82.51074,29.89458],[82.51118,29.89466],[82.51319,29.8946],[82.51517,29.8938],[82.51579,29.89306],[82.51573,29.89285],[82.51507,29.89279],[82.51531,29.89244],[82.51495,29.89211],[82.51524,29.89196],[82.51538,29.89133],[82.51502,29.89117],[82.51469,29.89159],[82.51428,29.89154],[82.51299,29.89211],[82.51079,29.89374],[82.51055,29.89423]]]}},{"type":"Feature","properties":{"lake_id":"GL_29.84992_82.35483","l_km2":0.024,"z":5017,"typ":"unconnected glacial lake","d":341.0,"chg":2.1,"cls":"stable","glof":0,"prov":"Karnali","gnm":"","rgi":"RGI2000-v7.0-G-15-03197"},"geometry":{"type":"Polygon","coordinates":[[[82.35296,29.84965],[82.35352,29.85026],[82.35334,29.85053],[82.3538,29.85053],[82.35384,29.85024],[82.35436,29.85058],[82.35456,29.85019],[82.35487,29.85027],[82.35491,29.8501],[82.35443,29.85],[82.35402,29.85024],[82.35379,29.84991],[82.35414,29.84998],[82.35424,29.84946],[82.35516,29.84905],[82.35565,29.84952],[82.35581,29.84943],[82.35627,29.85016],[82.35624,29.85036],[82.35611,29.8502],[82.35595,29.85035],[82.35589,29.85083],[82.35653,29.85077],[82.35686,29.85048],[82.35658,29.84994],[82.35537,29.84896],[82.35413,29.84932],[82.35367,29.8492],[82.35391,29.84939],[82.35359,29.84943],[82.35364,29.84975],[82.3536,29.84981],[82.35316,29.84949],[82.35357,29.84925],[82.3532,29.84922],[82.35296,29.84965]]]}},{"type":"Feature","properties":{"lake_id":"GL_29.88696_82.23341","l_km2":0.07,"z":4521,"typ":"proglacial lake","d":1039.0,"chg":2.3,"cls":"stable","glof":0,"prov":"Karnali","gnm":"","rgi":"RGI2000-v7.0-G-15-03012"},"geometry":{"type":"Polygon","coordinates":[[[82.23176,29.88807],[82.23203,29.8883],[82.23286,29.88839],[82.23395,29.88807],[82.23477,29.88696],[82.23504,29.88562],[82.23339,29.8856],[82.23195,29.88666],[82.23176,29.88807]]]}},{"type":"Feature","properties":{"lake_id":"GL_29.70035_82.32676","l_km2":0.0893,"z":4385,"typ":"proglacial lake","d":1298.0,"chg":1.7,"cls":"stable","glof":0,"prov":"Province 1","gnm":"","rgi":"RGI2000-v7.0-G-15-03267"},"geometry":{"type":"Polygon","coordinates":[[[82.32496,29.69978],[82.32593,29.70122],[82.32621,29.70231],[82.32665,29.70249],[82.32747,29.70214],[82.3278,29.7018],[82.32812,29.70006],[82.32725,29.69828],[82.32674,29.69839],[82.32588,29.69916],[82.32531,29.69929],[82.32496,29.69978]]]}},{"type":"Feature","properties":{"lake_id":"GL_29.30921_82.47429","l_km2":0.1454,"z":4075,"typ":"proglacial lake","d":2089.0,"chg":-1.3,"cls":"stable","glof":0,"prov":"Province 1","gnm":"","rgi":"RGI2000-v7.0-G-15-03811"},"geometry":{"type":"Polygon","coordinates":[[[82.46953,29.31204],[82.46963,29.3122],[82.47121,29.31161],[82.47312,29.31128],[82.47475,29.31018],[82.47537,29.31003],[82.47601,29.3093],[82.47724,29.30857],[82.47706,29.30745],[82.47652,29.30729],[82.47633,29.30697],[82.47601,29.30712],[82.47551,29.3068],[82.47491,29.30679],[82.47476,29.30634],[82.47429,29.30683],[82.4742,29.30753],[82.4732,29.30965],[82.47101,29.31084],[82.47059,29.31162],[82.46993,29.31155],[82.46953,29.31204]]]}},{"type":"Feature","properties":{"lake_id":"GL_29.8147_82.4481","l_km2":0.0115,"z":5161,"typ":"unmatched","d":0.0,"chg":null,"cls":"not assessed","glof":0,"prov":"Karnali","gnm":"","rgi":"RGI2000-v7.0-G-15-03335"},"geometry":{"type":"Polygon","coordinates":[[[82.44719,29.81473],[82.44812,29.81513],[82.44897,29.81499],[82.44855,29.81441],[82.44784,29.81423],[82.44739,29.81434],[82.44719,29.81473]]]}},{"type":"Feature","properties":{"lake_id":"GL_29.45184_82.30449","l_km2":0.0068,"z":4417,"typ":"unmatched","d":7635.0,"chg":0.8,"cls":"not assessed","glof":0,"prov":"Karnali","gnm":"","rgi":"RGI2000-v7.0-G-15-03527"},"geometry":{"type":"Polygon","coordinates":[[[82.3038,29.45165],[82.30426,29.45219],[82.30482,29.45213],[82.30511,29.45186],[82.30483,29.4515],[82.3038,29.45165]]]}},{"type":"Feature","properties":{"lake_id":"GL_29.69124_82.17179","l_km2":0.01,"z":4326,"typ":"unmatched","d":5016.0,"chg":5.5,"cls":"not assessed","glof":0,"prov":"Karnali","gnm":"","rgi":"RGI2000-v7.0-G-15-03243"},"geometry":{"type":"Polygon","coordinates":[[[82.17139,29.691],[82.17137,29.69175],[82.1722,29.6917],[82.17217,29.69039],[82.17139,29.691]]]}},{"type":"Feature","properties":{"lake_id":"GL_29.65996_82.20713","l_km2":0.0117,"z":4593,"typ":"unconnected glacial lake","d":2619.0,"chg":4.3,"cls":"stable","glof":0,"prov":"Karnali","gnm":"","rgi":"RGI2000-v7.0-G-15-03262"},"geometry":{"type":"Polygon","coordinates":[[[82.20648,29.65964],[82.20672,29.66038],[82.20744,29.66057],[82.2079,29.66033],[82.20793,29.66004],[82.20714,29.65972],[82.20693,29.65918],[82.20648,29.65964]]]}},{"type":"Feature","properties":{"lake_id":"GL_29.38219_82.40993","l_km2":0.1003,"z":4280,"typ":"unconnected glacial lake","d":2111.0,"chg":-0.0,"cls":"stable","glof":0,"prov":"Karnali","gnm":"","rgi":"RGI2000-v7.0-G-15-03812"},"geometry":{"type":"Polygon","coordinates":[[[82.40773,29.38241],[82.40795,29.38324],[82.40968,29.38356],[82.41026,29.38345],[82.41054,29.3831],[82.41079,29.38319],[82.41105,29.38286],[82.4115,29.38295],[82.41132,29.38282],[82.41146,29.38255],[82.412,29.38272],[82.41308,29.38231],[82.41248,29.38187],[82.41186,29.3819],[82.41175,29.38125],[82.4113,29.38102],[82.41061,29.38111],[82.40973,29.38085],[82.40851,29.38116],[82.408,29.38163],[82.40773,29.38241]]]}},{"type":"Feature","properties":{"lake_id":"GL_29.44921_82.27399","l_km2":0.0103,"z":4292,"typ":"unmatched","d":10594.0,"chg":10.2,"cls":"not assessed","glof":0,"prov":"Karnali","gnm":"","rgi":"RGI2000-v7.0-G-15-03527"},"geometry":{"type":"Polygon","coordinates":[[[82.27335,29.44915],[82.27358,29.44958],[82.27404,29.44974],[82.27455,29.44936],[82.27461,29.449],[82.27432,29.44874],[82.27388,29.44873],[82.27335,29.44915]]]}},{"type":"Feature","properties":{"lake_id":"GL_29.90477_82.5177","l_km2":0.1012,"z":4801,"typ":"unconnected glacial lake","d":1325.0,"chg":2.4,"cls":"stable","glof":0,"prov":"Karnali","gnm":"","rgi":"RGI2000-v7.0-G-15-03349"},"geometry":{"type":"Polygon","coordinates":[[[82.51516,29.9058],[82.51536,29.90679],[82.51818,29.90571],[82.52019,29.90415],[82.52,29.90306],[82.51944,29.9029],[82.51826,29.90313],[82.5162,29.9046],[82.51516,29.9058]]]}},{"type":"Feature","properties":{"lake_id":"GL_29.84207_82.47163","l_km2":0.0359,"z":4867,"typ":"unconnected glacial lake","d":2086.0,"chg":3.0,"cls":"stable","glof":0,"prov":"Karnali","gnm":"","rgi":"RGI2000-v7.0-G-15-03340"},"geometry":{"type":"Polygon","coordinates":[[[82.47024,29.8419],[82.47084,29.84274],[82.47142,29.84299],[82.47237,29.84271],[82.47301,29.84151],[82.47276,29.84132],[82.47055,29.84149],[82.47024,29.8419]]]}},{"type":"Feature","properties":{"lake_id":"GL_29.66458_82.24043","l_km2":0.0107,"z":4774,"typ":"unconnected glacial lake","d":1396.0,"chg":9.7,"cls":"not assessed","glof":0,"prov":"Karnali","gnm":"","rgi":"RGI2000-v7.0-G-15-03262"},"geometry":{"type":"Polygon","coordinates":[[[82.23986,29.66469],[82.24005,29.66514],[82.24058,29.66519],[82.24101,29.66448],[82.24088,29.66403],[82.24032,29.66405],[82.23986,29.66469]]]}},{"type":"Feature","properties":{"lake_id":"GL_29.99763_82.38828","l_km2":0.0041,"z":4775,"typ":"unmatched","d":765.0,"chg":null,"cls":"not assessed","glof":0,"prov":"Karnali","gnm":"","rgi":"RGI2000-v7.0-G-15-03177"},"geometry":{"type":"Polygon","coordinates":[[[82.38797,29.99745],[82.38809,29.99796],[82.38862,29.99802],[82.3885,29.99723],[82.38797,29.99745]]]}},{"type":"Feature","properties":{"lake_id":"GL_30.14881_82.16114","l_km2":0.1756,"z":4986,"typ":"proglacial lake","d":250.0,"chg":4.6,"cls":"expanding","glof":0,"prov":"Karnali","gnm":"","rgi":"RGI2000-v7.0-G-15-03048"},"geometry":{"type":"Polygon","coordinates":[[[82.15838,30.14678],[82.15908,30.15114],[82.16083,30.15064],[82.1599,30.15066],[82.15979,30.15043],[82.1601,30.14999],[82.1605,30.15023],[82.1607,30.15001],[82.16106,30.15007],[82.16099,30.14961],[82.16134,30.15009],[82.16182,30.15006],[82.16187,30.15034],[82.1616,30.15054],[82.16193,30.15064],[82.16239,30.15042],[82.16314,30.15063],[82.16406,30.15005],[82.16411,30.14887],[82.16476,30.14766],[82.16377,30.14792],[82.16194,30.14796],[82.16069,30.14732],[82.15977,30.1464],[82.15838,30.14678]]]}},{"type":"Feature","properties":{"lake_id":"GL_29.89698_82.24903","l_km2":0.0587,"z":4448,"typ":"unconnected glacial lake","d":1603.0,"chg":2.5,"cls":"stable","glof":0,"prov":"Karnali","gnm":"","rgi":"RGI2000-v7.0-G-15-03013"},"geometry":{"type":"Polygon","coordinates":[[[82.24732,29.89681],[82.24782,29.89756],[82.24903,29.89785],[82.24974,29.89855],[82.25017,29.89831],[82.25043,29.8976],[82.25024,29.89687],[82.25057,29.89703],[82.25061,29.89681],[82.25038,29.89636],[82.25015,29.89652],[82.24938,29.89614],[82.24967,29.89601],[82.24956,29.89577],[82.24795,29.89577],[82.24732,29.89681]]]}},{"type":"Feature","properties":{"lake_id":"GL_29.63686_82.3558","l_km2":0.0152,"z":4262,"typ":"unmatched","d":4494.0,"chg":2.6,"cls":"stable","glof":0,"prov":"Karnali","gnm":"","rgi":"RGI2000-v7.0-G-15-03289"},"geometry":{"type":"Polygon","coordinates":[[[82.35527,29.6368],[82.35546,29.63764],[82.35604,29.63757],[82.35628,29.63725],[82.35635,29.6363],[82.35569,29.63603],[82.35527,29.6368]]]}},{"type":"Feature","properties":{"lake_id":"GL_30.0231_82.16386","l_km2":0.025,"z":4988,"typ":"proglacial lake","d":1020.0,"chg":-2.5,"cls":"stable","glof":0,"prov":"Karnali","gnm":"","rgi":"RGI2000-v7.0-G-15-03036"},"geometry":{"type":"Polygon","coordinates":[[[82.16299,30.02291],[82.16329,30.02374],[82.16375,30.0241],[82.16415,30.02397],[82.16482,30.02311],[82.16433,30.02227],[82.16325,30.02237],[82.16299,30.02291]]]}},{"type":"Feature","properties":{"lake_id":"GL_30.16498_82.16985","l_km2":0.0998,"z":5187,"typ":"proglacial lake","d":0.0,"chg":22.5,"cls":"expanding","glof":0,"prov":"Karnali","gnm":"","rgi":"RGI2000-v7.0-G-15-03053"},"geometry":{"type":"Polygon","coordinates":[[[82.16783,30.16505],[82.16909,30.16626],[82.16972,30.16646],[82.17064,30.16661],[82.17198,30.16607],[82.17155,30.16478],[82.17044,30.16421],[82.17044,30.16365],[82.16999,30.16309],[82.16821,30.16362],[82.16812,30.16481],[82.16783,30.16505]]]}},{"type":"Feature","properties":{"lake_id":"GL_29.66691_82.40736","l_km2":0.0338,"z":4806,"typ":"proglacial lake","d":304.0,"chg":3.2,"cls":"stable","glof":0,"prov":"Karnali","gnm":"","rgi":"RGI2000-v7.0-G-15-03286"},"geometry":{"type":"Polygon","coordinates":[[[82.40635,29.66771],[82.40665,29.66839],[82.40743,29.66796],[82.40854,29.66564],[82.40841,29.66533],[82.40777,29.66558],[82.40681,29.66656],[82.40635,29.66771]]]}},{"type":"Feature","properties":{"lake_id":"GL_29.66263_82.19484","l_km2":0.0435,"z":4380,"typ":"unconnected glacial lake","d":3231.0,"chg":3.2,"cls":"stable","glof":0,"prov":"Karnali","gnm":"","rgi":"RGI2000-v7.0-G-15-03262"},"geometry":{"type":"Polygon","coordinates":[[[82.19367,29.66301],[82.19386,29.66338],[82.19485,29.66354],[82.19525,29.66384],[82.19562,29.66375],[82.19586,29.66336],[82.19581,29.66205],[82.1952,29.66162],[82.19425,29.6615],[82.19388,29.66188],[82.19367,29.66301]]]}},{"type":"Feature","properties":{"lake_id":"GL_29.83847_82.47521","l_km2":0.0193,"z":4894,"typ":"unconnected glacial lake","d":2620.0,"chg":3.1,"cls":"stable","glof":0,"prov":"Karnali","gnm":"","rgi":"RGI2000-v7.0-G-15-03340"},"geometry":{"type":"Polygon","coordinates":[[[82.47432,29.83857],[82.47455,29.83918],[82.47505,29.83914],[82.47585,29.83882],[82.4763,29.83823],[82.47494,29.83777],[82.47432,29.83857]]]}},{"type":"Feature","properties":{"lake_id":"GL_29.6869_82.17722","l_km2":0.0361,"z":4491,"typ":"unconnected glacial lake","d":4365.0,"chg":0.3,"cls":"stable","glof":0,"prov":"Karnali","gnm":"","rgi":"RGI2000-v7.0-G-15-03262"},"geometry":{"type":"Polygon","coordinates":[[[82.17593,29.68766],[82.17614,29.6878],[82.17658,29.68765],[82.17689,29.6879],[82.17823,29.68747],[82.17837,29.68698],[82.17789,29.68693],[82.17811,29.68617],[82.17778,29.68573],[82.17734,29.68573],[82.17668,29.68618],[82.17593,29.68766]]]}},{"type":"Feature","properties":{"lake_id":"GL_29.70265_82.47748","l_km2":0.0155,"z":4739,"typ":"unconnected glacial lake","d":5047.0,"chg":0.8,"cls":"stable","glof":0,"prov":"Karnali","gnm":"","rgi":"RGI2000-v7.0-G-15-03488"},"geometry":{"type":"Polygon","coordinates":[[[82.47671,29.70291],[82.47692,29.7033],[82.47757,29.70329],[82.47818,29.70287],[82.47813,29.70231],[82.47738,29.70176],[82.47715,29.70194],[82.47734,29.70223],[82.47671,29.70291]]]}},{"type":"Feature","properties":{"lake_id":"GL_29.69209_82.17724","l_km2":0.0678,"z":4384,"typ":"unconnected glacial lake","d":4426.0,"chg":0.5,"cls":"stable","glof":0,"prov":"Karnali","gnm":"","rgi":"RGI2000-v7.0-G-15-03243"},"geometry":{"type":"Polygon","coordinates":[[[82.17544,29.6924],[82.17614,29.69285],[82.17621,29.69353],[82.17689,29.69358],[82.1777,29.69331],[82.17864,29.69234],[82.17865,29.69113],[82.17789,29.69056],[82.1769,29.69079],[82.17652,29.69146],[82.17557,29.69201],[82.17544,29.6924]]]}},{"type":"Feature","properties":{"lake_id":"GL_29.64718_82.25795","l_km2":0.0423,"z":4205,"typ":"unconnected glacial lake","d":3620.0,"chg":1.2,"cls":"stable","glof":0,"prov":"Karnali","gnm":"","rgi":"RGI2000-v7.0-G-15-03259"},"geometry":{"type":"Polygon","coordinates":[[[82.25655,29.64748],[82.25697,29.64804],[82.25901,29.64791],[82.25944,29.6476],[82.25952,29.64718],[82.25804,29.64616],[82.25764,29.64615],[82.25684,29.64643],[82.25655,29.64748]]]}},{"type":"Feature","properties":{"lake_id":"GL_29.46686_82.39788","l_km2":0.0649,"z":4421,"typ":"unconnected glacial lake","d":1045.0,"chg":2.1,"cls":"stable","glof":0,"prov":"Karnali","gnm":"","rgi":"RGI2000-v7.0-G-15-03524"},"geometry":{"type":"Polygon","coordinates":[[[82.39631,29.46526],[82.39656,29.46724],[82.39831,29.46817],[82.39977,29.46784],[82.39959,29.46705],[82.39988,29.46674],[82.39924,29.46684],[82.39718,29.46547],[82.39631,29.46526]]]}},{"type":"Feature","properties":{"lake_id":"GL_29.67925_82.20618","l_km2":0.0829,"z":4598,"typ":"unconnected glacial lake","d":1440.0,"chg":1.6,"cls":"stable","glof":0,"prov":"Karnali","gnm":"","rgi":"RGI2000-v7.0-G-15-03262"},"geometry":{"type":"Polygon","coordinates":[[[82.20432,29.67895],[82.2041,29.67989],[82.20446,29.68038],[82.20545,29.68075],[82.20753,29.67981],[82.20789,29.67913],[82.20826,29.67899],[82.20838,29.67826],[82.208,29.67782],[82.20685,29.67822],[82.20604,29.678],[82.20592,29.67831],[82.20432,29.67895]]]}},{"type":"Feature","properties":{"lake_id":"GL_29.65378_82.22279","l_km2":0.1275,"z":4486,"typ":"unconnected glacial lake","d":2209.0,"chg":0.4,"cls":"stable","glof":0,"prov":"Karnali","gnm":"","rgi":"RGI2000-v7.0-G-15-03262"},"geometry":{"type":"Polygon","coordinates":[[[82.2209,29.6524],[82.2212,29.65329],[82.22096,29.65407],[82.22117,29.65563],[82.22254,29.65588],[82.22321,29.65577],[82.22379,29.65511],[82.22378,29.65479],[82.22442,29.6544],[82.22468,29.65395],[82.22456,29.65215],[82.22422,29.65182],[82.22313,29.65172],[82.22173,29.65253],[82.2209,29.6524]]]}},{"type":"Feature","properties":{"lake_id":"GL_29.67406_82.40812","l_km2":0.066,"z":4934,"typ":"proglacial lake","d":0.0,"chg":44.6,"cls":"expanding","glof":0,"prov":"Karnali","gnm":"","rgi":"RGI2000-v7.0-G-15-03286"},"geometry":{"type":"Polygon","coordinates":[[[82.40656,29.67355],[82.40687,29.67513],[82.40747,29.67552],[82.41008,29.67413],[82.40984,29.67323],[82.40943,29.67334],[82.408,29.67285],[82.40672,29.6732],[82.40656,29.67355]]]}},{"type":"Feature","properties":{"lake_id":"GL_29.48619_82.34989","l_km2":0.0872,"z":4711,"typ":"unconnected glacial lake","d":4876.0,"chg":3.3,"cls":"stable","glof":0,"prov":"Karnali","gnm":"","rgi":"RGI2000-v7.0-G-15-03527"},"geometry":{"type":"Polygon","coordinates":[[[82.34781,29.48625],[82.34792,29.48651],[82.34931,29.48728],[82.34967,29.48769],[82.35041,29.4879],[82.35132,29.48742],[82.3516,29.4859],[82.35137,29.48551],[82.35006,29.48487],[82.34939,29.48426],[82.34901,29.48452],[82.34879,29.48533],[82.34799,29.48593],[82.34819,29.48624],[82.34781,29.48625]]]}},{"type":"Feature","properties":{"lake_id":"GL_28.29233_85.1705","l_km2":0.192,"z":4721,"typ":"proglacial lake","d":504.0,"chg":2.0,"cls":"stable","glof":0,"prov":"Karnali","gnm":"","rgi":"RGI2000-v7.0-G-15-05365"},"geometry":{"type":"Polygon","coordinates":[[[85.16781,28.29202],[85.16789,28.29237],[85.16879,28.2931],[85.16902,28.293],[85.16963,28.29328],[85.17058,28.2947],[85.17109,28.29474],[85.17151,28.29505],[85.17225,28.29501],[85.17243,28.29534],[85.17287,28.29536],[85.17309,28.29486],[85.17294,28.2939],[85.17322,28.29331],[85.17146,28.29148],[85.17071,28.28968],[85.16967,28.28949],[85.16824,28.28968],[85.16817,28.29156],[85.16781,28.29202]]]}},{"type":"Feature","properties":{"lake_id":"GL_29.65009_82.28366","l_km2":0.013,"z":4313,"typ":"unmatched","d":4417.0,"chg":-0.8,"cls":"stable","glof":0,"prov":"Karnali","gnm":"","rgi":"RGI2000-v7.0-G-15-03263"},"geometry":{"type":"Polygon","coordinates":[[[82.28286,29.64966],[82.28313,29.6504],[82.28355,29.65072],[82.28388,29.65068],[82.28453,29.65003],[82.2843,29.6497],[82.28286,29.64966]]]}},{"type":"Feature","properties":{"lake_id":"GL_29.66194_82.35348","l_km2":0.0179,"z":4409,"typ":"unmatched","d":3504.0,"chg":1.5,"cls":"stable","glof":0,"prov":"Karnali","gnm":"","rgi":"RGI2000-v7.0-G-15-03289"},"geometry":{"type":"Polygon","coordinates":[[[82.35279,29.6616],[82.35297,29.66252],[82.35365,29.66269],[82.35412,29.66235],[82.35418,29.66184],[82.35369,29.66121],[82.35322,29.66118],[82.35279,29.6616]]]}},{"type":"Feature","properties":{"lake_id":"GL_28.30102_85.17766","l_km2":0.0674,"z":4541,"typ":"proglacial lake","d":0.0,"chg":1.6,"cls":"stable","glof":0,"prov":"Karnali","gnm":"","rgi":"RGI2000-v7.0-G-15-05365"},"geometry":{"type":"Polygon","coordinates":[[[85.1754,28.30171],[85.17837,28.30184],[85.17983,28.30155],[85.18012,28.30121],[85.17969,28.30132],[85.18,28.30076],[85.17966,28.30052],[85.17783,28.30019],[85.17705,28.3003],[85.17633,28.30006],[85.17581,28.30016],[85.17548,28.30052],[85.17602,28.30103],[85.17606,28.30139],[85.1754,28.30171]]]}},{"type":"Feature","properties":{"lake_id":"GL_29.66001_82.21604","l_km2":0.0135,"z":4665,"typ":"unmatched","d":2036.0,"chg":3.6,"cls":"stable","glof":0,"prov":"Karnali","gnm":"","rgi":"RGI2000-v7.0-G-15-03262"},"geometry":{"type":"Polygon","coordinates":[[[82.21544,29.66046],[82.21574,29.66089],[82.21658,29.66023],[82.21665,29.65965],[82.21625,29.65922],[82.2157,29.6595],[82.21583,29.65993],[82.21548,29.66003],[82.21544,29.66046]]]}},{"type":"Feature","properties":{"lake_id":"GL_29.46908_82.3105","l_km2":0.018,"z":4360,"typ":"unconnected glacial lake","d":7246.0,"chg":null,"cls":"not assessed","glof":0,"prov":"Karnali","gnm":"","rgi":"RGI2000-v7.0-G-15-03527"},"geometry":{"type":"Polygon","coordinates":[[[82.30976,29.46923],[82.30985,29.46975],[82.31041,29.46996],[82.31152,29.46833],[82.31002,29.46865],[82.30976,29.46923]]]}},{"type":"Feature","properties":{"lake_id":"GL_29.4696_82.30748","l_km2":0.0225,"z":4376,"typ":"unconnected glacial lake","d":7581.0,"chg":7.3,"cls":"stable","glof":0,"prov":"Karnali","gnm":"","rgi":"RGI2000-v7.0-G-15-03527"},"geometry":{"type":"Polygon","coordinates":[[[82.30693,29.469],[82.30683,29.47032],[82.30712,29.47053],[82.30813,29.4704],[82.30821,29.47011],[82.30783,29.46953],[82.30798,29.46852],[82.30748,29.46847],[82.30693,29.469]]]}},{"type":"Feature","properties":{"lake_id":"GL_29.65311_82.28586","l_km2":0.014,"z":4232,"typ":"unconnected glacial lake","d":4058.0,"chg":-4.8,"cls":"stable","glof":0,"prov":"Karnali","gnm":"","rgi":"RGI2000-v7.0-G-15-03263"},"geometry":{"type":"Polygon","coordinates":[[[82.28525,29.65271],[82.28551,29.65377],[82.28593,29.65391],[82.28644,29.65328],[82.28634,29.65259],[82.28572,29.65242],[82.28525,29.65271]]]}},{"type":"Feature","properties":{"lake_id":"GL_29.65046_82.26185","l_km2":0.0195,"z":4380,"typ":"unconnected glacial lake","d":3478.0,"chg":1.2,"cls":"stable","glof":0,"prov":"Karnali","gnm":"","rgi":"RGI2000-v7.0-G-15-03259"},"geometry":{"type":"Polygon","coordinates":[[[82.26104,29.65015],[82.26122,29.65099],[82.26219,29.65113],[82.26262,29.65071],[82.26265,29.65002],[82.2624,29.64982],[82.26168,29.64985],[82.26104,29.65015]]]}},{"type":"Feature","properties":{"lake_id":"GL_29.6598_82.22231","l_km2":0.0256,"z":4613,"typ":"unconnected glacial lake","d":1728.0,"chg":1.4,"cls":"stable","glof":0,"prov":"Karnali","gnm":"","rgi":"RGI2000-v7.0-G-15-03262"},"geometry":{"type":"Polygon","coordinates":[[[82.22143,29.66017],[82.2216,29.66058],[82.22251,29.66058],[82.22317,29.66005],[82.2233,29.65934],[82.22272,29.65922],[82.22207,29.65874],[82.22143,29.66017]]]}},{"type":"Feature","properties":{"lake_id":"GL_29.64741_82.22568","l_km2":0.0317,"z":4348,"typ":"unconnected glacial lake","d":2965.0,"chg":0.2,"cls":"stable","glof":0,"prov":"Bagmati","gnm":"","rgi":"RGI2000-v7.0-G-15-03262"},"geometry":{"type":"Polygon","coordinates":[[[82.22444,29.64743],[82.22465,29.64809],[82.22565,29.6484],[82.22689,29.64709],[82.22651,29.64653],[82.22585,29.64648],[82.22444,29.64743]]]}},{"type":"Feature","properties":{"lake_id":"GL_29.50028_82.30382","l_km2":0.0202,"z":4500,"typ":"unmatched","d":9355.0,"chg":3.2,"cls":"stable","glof":0,"prov":"Karnali","gnm":"","rgi":"RGI2000-v7.0-G-15-03527"},"geometry":{"type":"Polygon","coordinates":[[[82.30328,29.49965],[82.30349,29.50131],[82.30386,29.50145],[82.30433,29.50094],[82.30423,29.49957],[82.30363,29.49916],[82.30328,29.49965]]]}},{"type":"Feature","properties":{"lake_id":"GL_29.66369_82.21506","l_km2":0.0304,"z":4627,"typ":"unconnected glacial lake","d":1753.0,"chg":1.8,"cls":"stable","glof":0,"prov":"Karnali","gnm":"","rgi":"RGI2000-v7.0-G-15-03262"},"geometry":{"type":"Polygon","coordinates":[[[82.21438,29.66343],[82.21359,29.66445],[82.21575,29.66436],[82.21594,29.66419],[82.21602,29.66256],[82.21575,29.66252],[82.21438,29.66343]]]}},{"type":"Feature","properties":{"lake_id":"GL_29.64842_82.20145","l_km2":0.031,"z":4262,"typ":"unconnected glacial lake","d":3855.0,"chg":12.3,"cls":"stable","glof":0,"prov":"Bagmati","gnm":"","rgi":"RGI2000-v7.0-G-15-03262"},"geometry":{"type":"Polygon","coordinates":[[[82.19999,29.64838],[82.20003,29.64874],[82.20047,29.64903],[82.20293,29.64883],[82.2024,29.64785],[82.20165,29.6475],[82.19999,29.64838]]]}},{"type":"Feature","properties":{"lake_id":"GL_29.51426_82.30769","l_km2":0.0498,"z":4409,"typ":"unmatched","d":9940.0,"chg":2.9,"cls":"stable","glof":0,"prov":"Karnali","gnm":"","rgi":"RGI2000-v7.0-G-15-03527"},"geometry":{"type":"Polygon","coordinates":[[[82.30648,29.5155],[82.30696,29.51571],[82.30717,29.51612],[82.30745,29.5156],[82.30845,29.51488],[82.30876,29.51324],[82.30861,29.51279],[82.30825,29.51258],[82.30707,29.5134],[82.30648,29.5155]]]}},{"type":"Feature","properties":{"lake_id":"GL_29.66751_82.19411","l_km2":0.1145,"z":4382,"typ":"unconnected glacial lake","d":2822.0,"chg":2.5,"cls":"stable","glof":0,"prov":"Karnali","gnm":"","rgi":"RGI2000-v7.0-G-15-03262"},"geometry":{"type":"Polygon","coordinates":[[[82.19087,29.66913],[82.19098,29.66942],[82.19147,29.66945],[82.19336,29.66837],[82.19433,29.66825],[82.1948,29.66796],[82.19567,29.66797],[82.19549,29.66835],[82.19557,29.66847],[82.19625,29.66796],[82.19763,29.66764],[82.19836,29.66679],[82.19797,29.66663],[82.19721,29.66685],[82.19663,29.66671],[82.19508,29.6672],[82.19471,29.667],[82.1936,29.66544],[82.19322,29.66545],[82.19277,29.66594],[82.19236,29.66758],[82.19129,29.66799],[82.19087,29.66913]]]}},{"type":"Feature","properties":{"lake_id":"GL_29.45335_82.30292","l_km2":0.0523,"z":4415,"typ":"unconnected glacial lake","d":7700.0,"chg":1.7,"cls":"stable","glof":0,"prov":"Karnali","gnm":"","rgi":"RGI2000-v7.0-G-15-03527"},"geometry":{"type":"Polygon","coordinates":[[[82.30156,29.45328],[82.30178,29.45434],[82.30258,29.4545],[82.3041,29.45425],[82.30446,29.45341],[82.30365,29.45284],[82.30297,29.4515],[82.30263,29.45161],[82.30258,29.45257],[82.30182,29.4529],[82.30156,29.45328]]]}},{"type":"Feature","properties":{"lake_id":"GL_29.75378_82.41439","l_km2":0.4157,"z":4679,"typ":"proglacial lake","d":150.0,"chg":-1.3,"cls":"shrinking","glof":0,"prov":"Karnali","gnm":"","rgi":"RGI2000-v7.0-G-15-03296"},"geometry":{"type":"Polygon","coordinates":[[[82.40874,29.75288],[82.40936,29.75305],[82.40906,29.75329],[82.40901,29.75448],[82.40974,29.75513],[82.41047,29.75645],[82.4109,29.75654],[82.41205,29.75625],[82.41352,29.75646],[82.41533,29.75555],[82.41678,29.7555],[82.41875,29.75434],[82.41948,29.75334],[82.42008,29.75079],[82.41924,29.75077],[82.4185,29.75135],[82.41501,29.75211],[82.41408,29.75203],[82.41394,29.7519],[82.41412,29.75156],[82.4137,29.75153],[82.41324,29.75191],[82.41278,29.75176],[82.4127,29.75208],[82.41173,29.75211],[82.41002,29.75306],[82.40921,29.75258],[82.40874,29.75288]]]}},{"type":"Feature","properties":{"lake_id":"GL_29.66453_82.24826","l_km2":0.0188,"z":4691,"typ":"unconnected glacial lake","d":1553.0,"chg":1.3,"cls":"stable","glof":0,"prov":"Karnali","gnm":"","rgi":"RGI2000-v7.0-G-15-03259"},"geometry":{"type":"Polygon","coordinates":[[[82.24737,29.66424],[82.24803,29.66516],[82.24916,29.66536],[82.24848,29.66384],[82.24786,29.66377],[82.24737,29.66424]]]}},{"type":"Feature","properties":{"lake_id":"GL_29.65409_82.25698","l_km2":0.0748,"z":4477,"typ":"unconnected glacial lake","d":2869.0,"chg":2.1,"cls":"stable","glof":0,"prov":"Karnali","gnm":"","rgi":"RGI2000-v7.0-G-15-03259"},"geometry":{"type":"Polygon","coordinates":[[[82.25464,29.65385],[82.25519,29.65464],[82.25626,29.65459],[82.25675,29.6552],[82.25763,29.65541],[82.25862,29.65479],[82.25908,29.65368],[82.25835,29.65318],[82.25693,29.65309],[82.25627,29.65331],[82.2557,29.65297],[82.25464,29.65385]]]}},{"type":"Feature","properties":{"lake_id":"GL_29.65121_82.22054","l_km2":0.0087,"z":4483,"typ":"unmatched","d":2712.0,"chg":2.4,"cls":"not assessed","glof":0,"prov":"Karnali","gnm":"","rgi":"RGI2000-v7.0-G-15-03262"},"geometry":{"type":"Polygon","coordinates":[[[82.21998,29.65134],[82.22032,29.65177],[82.22089,29.65153],[82.221,29.65065],[82.22016,29.65098],[82.21998,29.65134]]]}},{"type":"Feature","properties":{"lake_id":"GL_27.65751_87.72673","l_km2":0.0158,"z":4731,"typ":"proglacial lake","d":2830.0,"chg":null,"cls":"not assessed","glof":0,"prov":"Karnali","gnm":"","rgi":"RGI2000-v7.0-G-15-07462"},"geometry":{"type":"Polygon","coordinates":[[[87.72541,27.65706],[87.72592,27.65756],[87.72678,27.65773],[87.72787,27.65835],[87.72775,27.65775],[87.72679,27.65703],[87.72541,27.65706]]]}},{"type":"Feature","properties":{"lake_id":"GL_27.59987_87.55051","l_km2":0.0443,"z":4339,"typ":"unmatched","d":9669.0,"chg":11.7,"cls":"stable","glof":0,"prov":"Karnali","gnm":"","rgi":"RGI2000-v7.0-G-15-07452"},"geometry":{"type":"Polygon","coordinates":[[[87.54975,27.59953],[87.55006,27.60105],[87.55055,27.60175],[87.55138,27.60089],[87.55115,27.60019],[87.55129,27.59914],[87.55036,27.59841],[87.55039,27.59761],[87.55015,27.59767],[87.54981,27.59855],[87.54975,27.59953]]]}},{"type":"Feature","properties":{"lake_id":"GL_27.78334_87.66262","l_km2":0.0108,"z":5022,"typ":"proglacial lake","d":323.0,"chg":3.4,"cls":"stable","glof":0,"prov":"Karnali","gnm":"","rgi":"RGI2000-v7.0-G-15-07420"},"geometry":{"type":"Polygon","coordinates":[[[87.66186,27.78385],[87.66198,27.78397],[87.66257,27.78381],[87.6632,27.78341],[87.66315,27.78278],[87.66222,27.78314],[87.66186,27.78385]]]}},{"type":"Feature","properties":{"lake_id":"GL_27.60174_87.52244","l_km2":0.0416,"z":4250,"typ":"unmatched","d":11268.0,"chg":4.1,"cls":"stable","glof":0,"prov":"Karnali","gnm":"","rgi":"RGI2000-v7.0-G-15-07452"},"geometry":{"type":"Polygon","coordinates":[[[87.52155,27.60182],[87.52235,27.60379],[87.52314,27.60238],[87.52289,27.60151],[87.52321,27.60097],[87.52321,27.6003],[87.52278,27.59996],[87.52213,27.60059],[87.52177,27.60065],[87.52187,27.60097],[87.52155,27.60182]]]}},{"type":"Feature","properties":{"lake_id":"GL_27.63007_87.54365","l_km2":0.0306,"z":4726,"typ":"unmatched","d":7647.0,"chg":4.0,"cls":"stable","glof":0,"prov":"Karnali","gnm":"","rgi":"RGI2000-v7.0-G-15-07452"},"geometry":{"type":"Polygon","coordinates":[[[87.54238,27.62964],[87.54263,27.63028],[87.54363,27.63108],[87.54427,27.63084],[87.54425,27.63044],[87.545,27.63012],[87.54437,27.62942],[87.54378,27.62925],[87.54238,27.62964]]]}},{"type":"Feature","properties":{"lake_id":"GL_27.68045_87.60378","l_km2":0.0228,"z":4850,"typ":"proglacial lake","d":100.0,"chg":0.0,"cls":"stable","glof":0,"prov":"Karnali","gnm":"","rgi":"RGI2000-v7.0-G-15-07451"},"geometry":{"type":"Polygon","coordinates":[[[87.60289,27.6818],[87.60314,27.68187],[87.60386,27.68122],[87.60459,27.68004],[87.60414,27.67923],[87.60347,27.67988],[87.60289,27.6818]]]}},{"type":"Feature","properties":{"lake_id":"GL_27.5942_87.51696","l_km2":0.016,"z":4315,"typ":"unmatched","d":12271.0,"chg":null,"cls":"not assessed","glof":0,"prov":"Karnali","gnm":"","rgi":"RGI2000-v7.0-G-15-07452"},"geometry":{"type":"Polygon","coordinates":[[[87.51578,27.59341],[87.51684,27.59463],[87.51773,27.595],[87.51801,27.59488],[87.51797,27.59445],[87.51718,27.59386],[87.51651,27.59366],[87.51616,27.5933],[87.51578,27.59341]]]}},{"type":"Feature","properties":{"lake_id":"GL_27.75378_87.69343","l_km2":0.0049,"z":5005,"typ":"unmatched","d":597.0,"chg":5.3,"cls":"not assessed","glof":0,"prov":"Karnali","gnm":"","rgi":"RGI2000-v7.0-G-15-07432"},"geometry":{"type":"Polygon","coordinates":[[[87.69297,27.75363],[87.6932,27.75406],[87.69389,27.75399],[87.6935,27.75343],[87.69297,27.75363]]]}},{"type":"Feature","properties":{"lake_id":"GL_27.67383_87.55585","l_km2":0.0494,"z":4670,"typ":"unconnected glacial lake","d":4615.0,"chg":-3.4,"cls":"stable","glof":0,"prov":"Karnali","gnm":"","rgi":"RGI2000-v7.0-G-15-07452"},"geometry":{"type":"Polygon","coordinates":[[[87.55479,27.67372],[87.55504,27.67476],[87.55563,27.67528],[87.5564,27.67508],[87.55696,27.67356],[87.55661,27.6727],[87.55527,27.67259],[87.55479,27.67372]]]}},{"type":"Feature","properties":{"lake_id":"GL_27.7087_87.69345","l_km2":0.0288,"z":4749,"typ":"unconnected glacial lake","d":3475.0,"chg":null,"cls":"not assessed","glof":0,"prov":"Karnali","gnm":"","rgi":"RGI2000-v7.0-G-15-07462"},"geometry":{"type":"Polygon","coordinates":[[[87.6924,27.70774],[87.69249,27.70863],[87.69355,27.70965],[87.69405,27.70975],[87.69464,27.70932],[87.69459,27.70869],[87.69348,27.70844],[87.69274,27.70729],[87.6924,27.70774]]]}},{"type":"Feature","properties":{"lake_id":"GL_27.80906_87.70109","l_km2":0.0254,"z":5166,"typ":"proglacial lake","d":21.0,"chg":-0.2,"cls":"stable","glof":0,"prov":"Province 1","gnm":"","rgi":"RGI2000-v7.0-G-15-08230"},"geometry":{"type":"Polygon","coordinates":[[[87.70015,27.80938],[87.70064,27.80998],[87.70139,27.80985],[87.70185,27.8092],[87.7018,27.80801],[87.70102,27.80839],[87.70039,27.80837],[87.70051,27.80902],[87.70015,27.80938]]]}},{"type":"Feature","properties":{"lake_id":"GL_27.85284_87.79067","l_km2":0.0595,"z":5270,"typ":"proglacial lake","d":256.0,"chg":5.9,"cls":"stable","glof":0,"prov":"Province 1","gnm":"","rgi":"RGI2000-v7.0-G-15-07502"},"geometry":{"type":"Polygon","coordinates":[[[87.78967,27.85384],[87.79004,27.85483],[87.79057,27.85467],[87.79121,27.85406],[87.79173,27.85213],[87.79156,27.85109],[87.7907,27.85085],[87.79013,27.85133],[87.79024,27.85189],[87.78967,27.85384]]]}},{"type":"Feature","properties":{"lake_id":"GL_27.55612_88.02395","l_km2":0.0072,"z":5058,"typ":"unmatched","d":217.0,"chg":-26.2,"cls":"not assessed","glof":0,"prov":"Province 1","gnm":"","rgi":"RGI2000-v7.0-G-15-07836"},"geometry":{"type":"Polygon","coordinates":[[[88.0237,27.55584],[88.02339,27.55669],[88.02371,27.55666],[88.02409,27.55605],[88.02474,27.55603],[88.02484,27.55578],[88.02457,27.5556],[88.0237,27.55584]]]}},{"type":"Feature","properties":{"lake_id":"GL_27.42748_88.07591","l_km2":0.0237,"z":4351,"typ":"unmatched","d":10937.0,"chg":4.8,"cls":"stable","glof":0,"prov":"Province 1","gnm":"","rgi":"RGI2000-v7.0-G-15-07841"},"geometry":{"type":"Polygon","coordinates":[[[88.07508,27.42729],[88.07513,27.42786],[88.07574,27.42827],[88.0762,27.42835],[88.07671,27.42798],[88.07668,27.42731],[88.07609,27.42654],[88.07538,27.42673],[88.07508,27.42729]]]}},{"type":"Feature","properties":{"lake_id":"GL_27.55988_88.03441","l_km2":0.0297,"z":5059,"typ":"proglacial lake","d":6.0,"chg":3.9,"cls":"stable","glof":0,"prov":"Province 1","gnm":"","rgi":"RGI2000-v7.0-G-15-07834"},"geometry":{"type":"Polygon","coordinates":[[[88.03348,27.55947],[88.03345,27.56064],[88.03428,27.5606],[88.03542,27.5604],[88.03565,27.55991],[88.03543,27.55955],[88.03425,27.55898],[88.03348,27.55947]]]}},{"type":"Feature","properties":{"lake_id":"GL_27.43764_88.0581","l_km2":0.0772,"z":4323,"typ":"unconnected glacial lake","d":9629.0,"chg":1.2,"cls":"stable","glof":0,"prov":"Province 1","gnm":"","rgi":"RGI2000-v7.0-G-15-07841"},"geometry":{"type":"Polygon","coordinates":[[[88.05662,27.43878],[88.0567,27.4392],[88.05776,27.43948],[88.05858,27.43911],[88.05937,27.43829],[88.05938,27.43757],[88.05883,27.43687],[88.05912,27.4362],[88.05904,27.43566],[88.05835,27.43554],[88.05784,27.43571],[88.05748,27.43613],[88.05727,27.43683],[88.05752,27.43757],[88.05713,27.43774],[88.05662,27.43878]]]}},{"type":"Feature","properties":{"lake_id":"GL_27.83975_86.63076","l_km2":0.0109,"z":4465,"typ":"unmatched","d":3429.0,"chg":3.3,"cls":"stable","glof":0,"prov":"Province 1","gnm":"","rgi":"RGI2000-v7.0-G-15-08421"},"geometry":{"type":"Polygon","coordinates":[[[86.63014,27.83963],[86.63046,27.84024],[86.63111,27.84024],[86.63133,27.83996],[86.63131,27.83954],[86.63099,27.83925],[86.63048,27.83921],[86.63014,27.83963]]]}},{"type":"Feature","properties":{"lake_id":"GL_27.94019_86.71307","l_km2":0.0314,"z":4699,"typ":"supraglacial lake","d":0.0,"chg":-67.1,"cls":"shrinking","glof":0,"prov":"Province 1","gnm":"Ngojumba","rgi":"RGI2000-v7.0-G-15-08305"},"geometry":{"type":"Polygon","coordinates":[[[86.71199,27.94006],[86.71225,27.94041],[86.71217,27.94087],[86.71245,27.94109],[86.71416,27.94084],[86.71398,27.94014],[86.71367,27.9399],[86.7138,27.93951],[86.71335,27.93927],[86.71331,27.93867],[86.71292,27.93938],[86.71199,27.94006]]]}},{"type":"Feature","properties":{"lake_id":"GL_27.89596_86.68296","l_km2":0.1277,"z":5256,"typ":"proglacial lake","d":0.0,"chg":5.9,"cls":"expanding","glof":0,"prov":"Province 1","gnm":"","rgi":"RGI2000-v7.0-G-15-06712"},"geometry":{"type":"Polygon","coordinates":[[[86.68068,27.89836],[86.68098,27.89852],[86.6819,27.89782],[86.68455,27.89674],[86.6855,27.8953],[86.68512,27.89456],[86.68286,27.89417],[86.68179,27.8945],[86.68116,27.89513],[86.68115,27.8957],[86.68154,27.8963],[86.68068,27.89836]]]}},{"type":"Feature","properties":{"lake_id":"GL_27.67002_86.38753","l_km2":0.0224,"z":4031,"typ":"unmatched","d":9521.0,"chg":0.9,"cls":"stable","glof":0,"prov":"Province 1","gnm":"","rgi":"RGI2000-v7.0-G-15-08846"},"geometry":{"type":"Polygon","coordinates":[[[86.38675,27.66919],[86.38703,27.67065],[86.38788,27.67076],[86.38851,27.67026],[86.38885,27.67028],[86.38873,27.6699],[86.3879,27.67001],[86.38785,27.66943],[86.38732,27.66912],[86.38675,27.66919]]]}},{"type":"Feature","properties":{"lake_id":"GL_27.87412_86.58598","l_km2":0.3997,"z":4370,"typ":"proglacial lake","d":3.0,"chg":1.0,"cls":"stable","glof":2,"prov":"Province 1","gnm":"","rgi":"RGI2000-v7.0-G-15-08427"},"geometry":{"type":"Polygon","coordinates":[[[86.58026,27.87368],[86.58038,27.87475],[86.5807,27.87527],[86.58303,27.87627],[86.58401,27.87644],[86.58423,27.8762],[86.58472,27.87644],[86.58678,27.87597],[86.58925,27.87506],[86.5916,27.87472],[86.59292,27.87413],[86.59282,27.87361],[86.59087,27.87315],[86.59081,27.87284],[86.59111,27.87243],[86.59089,27.87212],[86.58762,27.8726],[86.58636,27.87241],[86.58606,27.87212],[86.5849,27.87236],[86.58344,27.87232],[86.58341,27.87248],[86.5825,27.87233],[86.58254,27.87265],[86.58222,27.87248],[86.58185,27.87274],[86.58126,27.87274],[86.58122,27.87319],[86.58026,27.87368]]]}},{"type":"Feature","properties":{"lake_id":"GL_27.6987_86.52682","l_km2":0.0646,"z":4382,"typ":"unconnected glacial lake","d":1297.0,"chg":1.3,"cls":"stable","glof":0,"prov":"Province 1","gnm":"","rgi":"RGI2000-v7.0-G-15-08476"},"geometry":{"type":"Polygon","coordinates":[[[86.52515,27.69842],[86.52592,27.69887],[86.52741,27.70103],[86.52758,27.70087],[86.52748,27.69993],[86.52817,27.69901],[86.52749,27.69755],[86.5265,27.69695],[86.52515,27.69842]]]}},{"type":"Feature","properties":{"lake_id":"GL_27.71309_86.5429","l_km2":0.0853,"z":4936,"typ":"proglacial lake","d":190.0,"chg":1.7,"cls":"stable","glof":0,"prov":"Province 1","gnm":"","rgi":"RGI2000-v7.0-G-15-08476"},"geometry":{"type":"Polygon","coordinates":[[[86.54163,27.71159],[86.54118,27.71305],[86.54184,27.71406],[86.54164,27.71473],[86.54255,27.71423],[86.54358,27.71448],[86.54452,27.71391],[86.54505,27.71319],[86.54499,27.71275],[86.54458,27.71286],[86.5442,27.71243],[86.54339,27.71233],[86.54258,27.71141],[86.54163,27.71159]]]}},{"type":"Feature","properties":{"lake_id":"GL_27.70008_86.60866","l_km2":0.0217,"z":4726,"typ":"proglacial lake","d":1185.0,"chg":23.9,"cls":"stable","glof":0,"prov":"Province 1","gnm":"","rgi":"RGI2000-v7.0-G-15-08455"},"geometry":{"type":"Polygon","coordinates":[[[86.60746,27.69991],[86.60772,27.70049],[86.60855,27.70015],[86.60859,27.70056],[86.60934,27.70103],[86.60969,27.70058],[86.60953,27.70019],[86.60979,27.70001],[86.60955,27.69975],[86.60882,27.69988],[86.60896,27.6993],[86.60787,27.69953],[86.60746,27.69991]]]}},{"type":"Feature","properties":{"lake_id":"GL_27.8325_86.91748","l_km2":0.321,"z":5348,"typ":"proglacial lake","d":0.0,"chg":-0.9,"cls":"stable","glof":0,"prov":"Province 1","gnm":"","rgi":"RGI2000-v7.0-G-15-06779"},"geometry":{"type":"Polygon","coordinates":[[[86.91326,27.83385],[86.9138,27.83479],[86.91526,27.83612],[86.91577,27.83625],[86.91614,27.83567],[86.91671,27.83553],[86.91699,27.83473],[86.91831,27.83437],[86.92032,27.83309],[86.92063,27.83217],[86.92132,27.83167],[86.92102,27.83084],[86.92126,27.83029],[86.92067,27.83003],[86.92069,27.82966],[86.92032,27.83001],[86.92012,27.82941],[86.91972,27.82952],[86.91992,27.82903],[86.91946,27.82876],[86.91842,27.82907],[86.91822,27.82933],[86.91748,27.82939],[86.91695,27.83002],[86.91714,27.83033],[86.91703,27.83093],[86.9163,27.83222],[86.91582,27.8324],[86.91464,27.83215],[86.91381,27.83251],[86.91344,27.83298],[86.91356,27.83347],[86.91326,27.83385]]]}},{"type":"Feature","properties":{"lake_id":"GL_27.71003_86.58999","l_km2":0.0464,"z":4634,"typ":"proglacial lake","d":1416.0,"chg":3.1,"cls":"stable","glof":0,"prov":"Province 1","gnm":"","rgi":"RGI2000-v7.0-G-15-08462"},"geometry":{"type":"Polygon","coordinates":[[[86.58779,27.70906],[86.58801,27.70917],[86.58801,27.7096],[86.58864,27.70938],[86.58935,27.71004],[86.58983,27.71127],[86.59026,27.71103],[86.59032,27.71125],[86.59077,27.71134],[86.59121,27.71104],[86.5915,27.71021],[86.5912,27.70945],[86.59097,27.70967],[86.59014,27.70959],[86.59006,27.70926],[86.58956,27.70896],[86.58779,27.70906]]]}},{"type":"Feature","properties":{"lake_id":"GL_27.69691_86.56018","l_km2":0.0057,"z":4862,"typ":"unmatched","d":1709.0,"chg":18.7,"cls":"not assessed","glof":0,"prov":"Province 1","gnm":"","rgi":"RGI2000-v7.0-G-15-08468"},"geometry":{"type":"Polygon","coordinates":[[[86.55962,27.69671],[86.5599,27.69711],[86.56076,27.69718],[86.56078,27.6969],[86.5599,27.6965],[86.55962,27.69671]]]}},{"type":"Feature","properties":{"lake_id":"GL_27.93624_86.70942","l_km2":0.0087,"z":4696,"typ":"supraglacial lake","d":0.0,"chg":null,"cls":"not assessed","glof":0,"prov":"Province 1","gnm":"Ngojumba","rgi":"RGI2000-v7.0-G-15-08305"},"geometry":{"type":"Polygon","coordinates":[[[86.70883,27.93597],[86.70915,27.93623],[86.70923,27.93695],[86.70965,27.93691],[86.70984,27.93605],[86.7095,27.93556],[86.70883,27.93597]]]}},{"type":"Feature","properties":{"lake_id":"GL_28.00749_86.64138","l_km2":0.0337,"z":5156,"typ":"proglacial lake","d":33.0,"chg":-3.2,"cls":"stable","glof":0,"prov":"Province 1","gnm":"","rgi":"RGI2000-v7.0-G-15-06687"},"geometry":{"type":"Polygon","coordinates":[[[86.64006,28.00761],[86.64018,28.00799],[86.64152,28.00827],[86.64226,28.00814],[86.64329,28.0075],[86.64222,28.0074],[86.64161,28.00664],[86.641,28.00641],[86.64006,28.00761]]]}},{"type":"Feature","properties":{"lake_id":"GL_27.79064_86.62099","l_km2":0.4535,"z":5151,"typ":"proglacial lake","d":302.0,"chg":410.6,"cls":"expanding","glof":0,"prov":"Bagmati","gnm":"","rgi":"RGI2000-v7.0-G-15-08411"},"geometry":{"type":"Polygon","coordinates":[[[86.61561,27.78914],[86.61605,27.78922],[86.61633,27.78985],[86.61704,27.79041],[86.61885,27.79095],[86.61848,27.79142],[86.61683,27.7919],[86.61651,27.7924],[86.61661,27.79288],[86.61807,27.79344],[86.61907,27.79258],[86.61984,27.79267],[86.62025,27.79244],[86.62071,27.7926],[86.62144,27.79228],[86.62148,27.79277],[86.62075,27.79369],[86.62152,27.79385],[86.62162,27.79414],[86.62223,27.79429],[86.62231,27.7945],[86.62285,27.79461],[86.62346,27.79438],[86.62304,27.79479],[86.62354,27.79539],[86.62326,27.79559],[86.62375,27.7957],[86.62413,27.79623],[86.6252,27.79686],[86.62531,27.79648],[86.62481,27.79456],[86.62446,27.79382],[86.62394,27.79339],[86.62335,27.79187],[86.62236,27.79182],[86.6225,27.79243],[86.62213,27.79331],[86.6215,27.79224],[86.6237,27.79073],[86.62389,27.78962],[86.62342,27.78804],[86.62345,27.78674],[86.62319,27.78658],[86.62231,27.78676],[86.62081,27.78668],[86.61968,27.78623],[86.61901,27.78644],[86.61847,27.78705],[86.61856,27.78756],[86.61941,27.78836],[86.61975,27.78902],[86.6193,27.78982],[86.6181,27.78904],[86.61642,27.7888],[86.61595,27.78884],[86.61561,27.78914]]]}},{"type":"Feature","properties":{"lake_id":"GL_27.94268_86.7081","l_km2":0.0306,"z":4698,"typ":"supraglacial lake","d":0.0,"chg":null,"cls":"not assessed","glof":0,"prov":"Province 1","gnm":"Ngojumba","rgi":"RGI2000-v7.0-G-15-08305"},"geometry":{"type":"Polygon","coordinates":[[[86.70728,27.94309],[86.70748,27.94357],[86.70803,27.9437],[86.70852,27.94365],[86.70907,27.94309],[86.70905,27.94229],[86.70875,27.94213],[86.7081,27.94226],[86.70785,27.94195],[86.70834,27.94145],[86.70832,27.94116],[86.70745,27.94146],[86.70728,27.94309]]]}},{"type":"Feature","properties":{"lake_id":"GL_27.64765_86.52161","l_km2":0.0146,"z":4307,"typ":"unmatched","d":6457.0,"chg":4.5,"cls":"stable","glof":0,"prov":"Bagmati","gnm":"","rgi":"RGI2000-v7.0-G-15-08476"},"geometry":{"type":"Polygon","coordinates":[[[86.5205,27.64736],[86.52121,27.64798],[86.52184,27.6482],[86.52255,27.64788],[86.52251,27.64757],[86.52197,27.64726],[86.5205,27.64736]]]}},{"type":"Feature","properties":{"lake_id":"GL_27.74566_86.4952","l_km2":0.0106,"z":4440,"typ":"unmatched","d":2006.0,"chg":10.3,"cls":"not assessed","glof":0,"prov":"Bagmati","gnm":"","rgi":"RGI2000-v7.0-G-15-08477"},"geometry":{"type":"Polygon","coordinates":[[[86.49467,27.74549],[86.49477,27.74612],[86.49511,27.74631],[86.49572,27.74571],[86.4955,27.7451],[86.49494,27.74515],[86.49467,27.74549]]]}},{"type":"Feature","properties":{"lake_id":"GL_27.93993_86.70897","l_km2":0.0291,"z":4699,"typ":"unmatched","d":0.0,"chg":null,"cls":"not assessed","glof":0,"prov":"Province 1","gnm":"Ngojumba","rgi":"RGI2000-v7.0-G-15-08305"},"geometry":{"type":"Polygon","coordinates":[[[86.70786,27.94027],[86.70826,27.94066],[86.70833,27.9411],[86.70949,27.94018],[86.71002,27.94009],[86.71018,27.93948],[86.70931,27.93886],[86.709,27.93928],[86.7091,27.93953],[86.708,27.93958],[86.70786,27.94027]]]}},{"type":"Feature","properties":{"lake_id":"GL_27.66689_86.54782","l_km2":0.0118,"z":4324,"typ":"unmatched","d":4076.0,"chg":9.7,"cls":"stable","glof":0,"prov":"Province 1","gnm":"","rgi":"RGI2000-v7.0-G-15-08476"},"geometry":{"type":"Polygon","coordinates":[[[86.54696,27.66665],[86.54704,27.66705],[86.54783,27.66735],[86.54865,27.66692],[86.54881,27.66658],[86.54696,27.66665]]]}},{"type":"Feature","properties":{"lake_id":"GL_27.67682_86.54576","l_km2":0.0278,"z":4454,"typ":"unmatched","d":2910.0,"chg":0.7,"cls":"stable","glof":0,"prov":"Province 1","gnm":"","rgi":"RGI2000-v7.0-G-15-08476"},"geometry":{"type":"Polygon","coordinates":[[[86.54479,27.677],[86.54494,27.67753],[86.5457,27.67768],[86.54705,27.67661],[86.54638,27.67643],[86.54593,27.67578],[86.545,27.67646],[86.54479,27.677]]]}},{"type":"Feature","properties":{"lake_id":"GL_27.66305_86.5389","l_km2":0.0114,"z":4325,"typ":"unmatched","d":4457.0,"chg":2.2,"cls":"stable","glof":0,"prov":"Province 1","gnm":"","rgi":"RGI2000-v7.0-G-15-08476"},"geometry":{"type":"Polygon","coordinates":[[[86.53816,27.66338],[86.53838,27.66364],[86.53903,27.66348],[86.53987,27.66252],[86.53885,27.6626],[86.53816,27.66338]]]}},{"type":"Feature","properties":{"lake_id":"GL_27.74977_86.41946","l_km2":0.0322,"z":4830,"typ":"supraglacial lake","d":660.0,"chg":7.4,"cls":"stable","glof":0,"prov":"Province 1","gnm":"","rgi":"RGI2000-v7.0-G-15-08846"},"geometry":{"type":"Polygon","coordinates":[[[86.418,27.74943],[86.41838,27.75012],[86.41883,27.75032],[86.42009,27.75051],[86.4208,27.7502],[86.42066,27.74968],[86.41943,27.74891],[86.418,27.74943]]]}},{"type":"Feature","properties":{"lake_id":"GL_27.68731_86.8587","l_km2":0.3105,"z":4760,"typ":"proglacial lake","d":582.0,"chg":-1.1,"cls":"stable","glof":0,"prov":"Province 1","gnm":"","rgi":"RGI2000-v7.0-G-15-06861"},"geometry":{"type":"Polygon","coordinates":[[[86.85198,27.68693],[86.85218,27.68717],[86.85315,27.68694],[86.8533,27.68708],[86.85307,27.68751],[86.8541,27.68818],[86.85804,27.68828],[86.86021,27.68891],[86.8623,27.68904],[86.86337,27.68938],[86.86461,27.68906],[86.86437,27.68741],[86.8637,27.68736],[86.86244,27.68675],[86.86029,27.68635],[86.85877,27.68584],[86.85849,27.68555],[86.85638,27.6851],[86.85573,27.68519],[86.85327,27.68654],[86.85254,27.68672],[86.85206,27.68654],[86.85198,27.68693]]]}},{"type":"Feature","properties":{"lake_id":"GL_27.81081_86.84434","l_km2":0.0596,"z":5534,"typ":"proglacial lake","d":77.0,"chg":-2.5,"cls":"stable","glof":1,"prov":"Province 1","gnm":"","rgi":"RGI2000-v7.0-G-15-08369"},"geometry":{"type":"Polygon","coordinates":[[[86.84263,27.81169],[86.84316,27.81203],[86.84462,27.81201],[86.84521,27.81145],[86.84618,27.80945],[86.84513,27.80968],[86.84438,27.80952],[86.84381,27.81001],[86.84349,27.80996],[86.84353,27.81035],[86.84263,27.81169]]]}},{"type":"Feature","properties":{"lake_id":"GL_27.70332_86.55985","l_km2":0.0828,"z":4796,"typ":"proglacial lake","d":974.0,"chg":3.5,"cls":"stable","glof":0,"prov":"Province 1","gnm":"","rgi":"RGI2000-v7.0-G-15-08468"},"geometry":{"type":"Polygon","coordinates":[[[86.55756,27.7038],[86.55811,27.7046],[86.55884,27.70478],[86.56032,27.70392],[86.56136,27.7039],[86.56213,27.70324],[86.56213,27.7025],[86.56098,27.7021],[86.55909,27.70238],[86.55756,27.7038]]]}},{"type":"Feature","properties":{"lake_id":"GL_27.90872_86.58054","l_km2":0.0184,"z":5100,"typ":"proglacial lake","d":293.0,"chg":-2.0,"cls":"stable","glof":0,"prov":"Province 1","gnm":"","rgi":"RGI2000-v7.0-G-15-08538"},"geometry":{"type":"Polygon","coordinates":[[[86.57966,27.9091],[86.57992,27.90952],[86.58045,27.90917],[86.58108,27.90923],[86.58127,27.90804],[86.58102,27.90793],[86.5807,27.90814],[86.58055,27.90778],[86.57966,27.9091]]]}},{"type":"Feature","properties":{"lake_id":"GL_27.69634_86.7921","l_km2":0.1166,"z":4961,"typ":"proglacial lake","d":154.0,"chg":null,"cls":"not assessed","glof":0,"prov":"Bagmati","gnm":"","rgi":"RGI2000-v7.0-G-15-08396"},"geometry":{"type":"Polygon","coordinates":[[[86.78983,27.69639],[86.79011,27.69682],[86.79151,27.69762],[86.79253,27.69735],[86.79257,27.69775],[86.79305,27.69809],[86.79299,27.69836],[86.79397,27.69834],[86.79415,27.69762],[86.79382,27.69656],[86.79401,27.69599],[86.79249,27.6948],[86.79071,27.69446],[86.79042,27.69527],[86.78985,27.69583],[86.78983,27.69639]]]}},{"type":"Feature","properties":{"lake_id":"GL_27.96973_86.65428","l_km2":0.0286,"z":5111,"typ":"proglacial lake","d":17.0,"chg":9.9,"cls":"stable","glof":0,"prov":"Province 1","gnm":"","rgi":"RGI2000-v7.0-G-15-06696"},"geometry":{"type":"Polygon","coordinates":[[[86.6533,27.96906],[86.65383,27.97035],[86.65448,27.97075],[86.65521,27.97064],[86.65511,27.96985],[86.65414,27.96863],[86.65379,27.96858],[86.6533,27.96906]]]}},{"type":"Feature","properties":{"lake_id":"GL_28.02446_86.67036","l_km2":0.0567,"z":5320,"typ":"unmatched","d":0.0,"chg":46.2,"cls":"expanding","glof":0,"prov":"Province 1","gnm":"","rgi":"RGI2000-v7.0-G-15-06683"},"geometry":{"type":"Polygon","coordinates":[[[86.66853,28.02435],[86.66997,28.02542],[86.67107,28.02512],[86.67182,28.0253],[86.67261,28.02494],[86.67258,28.02459],[86.66993,28.02341],[86.66875,28.0237],[86.66853,28.02435]]]}},{"type":"Feature","properties":{"lake_id":"GL_27.94384_86.54931","l_km2":0.0765,"z":5169,"typ":"proglacial lake","d":0.0,"chg":21.9,"cls":"expanding","glof":0,"prov":"Province 1","gnm":"","rgi":"RGI2000-v7.0-G-15-06440"},"geometry":{"type":"Polygon","coordinates":[[[86.54713,27.94415],[86.54717,27.94458],[86.54748,27.94486],[86.54766,27.94464],[86.54782,27.9448],[86.54789,27.94457],[86.54795,27.9448],[86.54852,27.94484],[86.54935,27.94432],[86.55087,27.94483],[86.5521,27.94425],[86.55135,27.94362],[86.55071,27.94389],[86.55017,27.9438],[86.55088,27.9436],[86.55072,27.9432],[86.55021,27.94313],[86.54962,27.94343],[86.54993,27.94293],[86.54934,27.94237],[86.54811,27.94291],[86.54713,27.94415]]]}},{"type":"Feature","properties":{"lake_id":"GL_27.94095_86.71465","l_km2":0.026,"z":4699,"typ":"unmatched","d":0.0,"chg":389.0,"cls":"not assessed","glof":0,"prov":"Province 1","gnm":"Ngojumba","rgi":"RGI2000-v7.0-G-15-08305"},"geometry":{"type":"Polygon","coordinates":[[[86.71377,27.94279],[86.71391,27.9429],[86.71422,27.94277],[86.71495,27.9416],[86.71534,27.93926],[86.71439,27.9399],[86.71444,27.94084],[86.71377,27.94279]]]}},{"type":"Feature","properties":{"lake_id":"GL_27.69768_87.06956","l_km2":0.0554,"z":3756,"typ":"proglacial lake","d":4293.0,"chg":1.6,"cls":"stable","glof":0,"prov":"Bagmati","gnm":"","rgi":"RGI2000-v7.0-G-15-06902"},"geometry":{"type":"Polygon","coordinates":[[[87.06836,27.69711],[87.06846,27.69801],[87.06887,27.69859],[87.0695,27.69906],[87.07025,27.69916],[87.07065,27.6979],[87.07059,27.69691],[87.06992,27.69642],[87.06901,27.69635],[87.06836,27.69711]]]}},{"type":"Feature","properties":{"lake_id":"GL_27.81221_87.31005","l_km2":0.0182,"z":3860,"typ":"unmatched","d":8819.0,"chg":14.9,"cls":"stable","glof":0,"prov":"Province 1","gnm":"","rgi":"RGI2000-v7.0-G-15-06968"},"geometry":{"type":"Polygon","coordinates":[[[87.30982,27.81043],[87.30961,27.81321],[87.31026,27.81313],[87.31067,27.81282],[87.30982,27.81043]]]}},{"type":"Feature","properties":{"lake_id":"GL_27.70756_87.23679","l_km2":0.0217,"z":4097,"typ":"unmatched","d":7781.0,"chg":null,"cls":"not assessed","glof":0,"prov":"Province 1","gnm":"","rgi":"RGI2000-v7.0-G-15-07218"},"geometry":{"type":"Polygon","coordinates":[[[87.23594,27.70738],[87.23616,27.70805],[87.23652,27.7083],[87.23766,27.7079],[87.23766,27.70741],[87.23713,27.70682],[87.23662,27.70702],[87.23614,27.70683],[87.23594,27.70738]]]}},{"type":"Feature","properties":{"lake_id":"GL_27.71617_87.0658","l_km2":0.0254,"z":3972,"typ":"proglacial lake","d":2409.0,"chg":null,"cls":"not assessed","glof":0,"prov":"Province 1","gnm":"","rgi":"RGI2000-v7.0-G-15-06906"},"geometry":{"type":"Polygon","coordinates":[[[87.06456,27.7159],[87.06592,27.71719],[87.06655,27.71673],[87.06665,27.71601],[87.06628,27.71538],[87.06565,27.71542],[87.06456,27.7159]]]}},{"type":"Feature","properties":{"lake_id":"GL_27.65481_86.61504","l_km2":0.0094,"z":4228,"typ":"unmatched","d":5336.0,"chg":null,"cls":"not assessed","glof":0,"prov":"Province 1","gnm":"","rgi":"RGI2000-v7.0-G-15-08457"},"geometry":{"type":"Polygon","coordinates":[[[86.61419,27.65488],[86.6151,27.65521],[86.61551,27.65508],[86.61577,27.65463],[86.61506,27.65438],[86.61419,27.65488]]]}},{"type":"Feature","properties":{"lake_id":"GL_27.64571_87.05092","l_km2":0.0219,"z":4335,"typ":"unconnected glacial lake","d":6225.0,"chg":null,"cls":"not assessed","glof":0,"prov":"Province 1","gnm":"","rgi":"RGI2000-v7.0-G-15-06900"},"geometry":{"type":"Polygon","coordinates":[[[87.0503,27.64483],[87.05053,27.64647],[87.05126,27.64667],[87.05158,27.64577],[87.05138,27.64497],[87.0503,27.64483]]]}},{"type":"Feature","properties":{"lake_id":"GL_27.78587_86.63205","l_km2":0.0223,"z":5090,"typ":"proglacial lake","d":119.0,"chg":-1.8,"cls":"stable","glof":0,"prov":"Province 1","gnm":"","rgi":"RGI2000-v7.0-G-15-08410"},"geometry":{"type":"Polygon","coordinates":[[[86.63111,27.78621],[86.63131,27.7868],[86.63216,27.78644],[86.63302,27.78578],[86.63318,27.7854],[86.63271,27.78513],[86.63162,27.78534],[86.63111,27.78621]]]}},{"type":"Feature","properties":{"lake_id":"GL_27.96132_86.69638","l_km2":0.0616,"z":4739,"typ":"unmatched","d":0.0,"chg":76.3,"cls":"expanding","glof":0,"prov":"Province 1","gnm":"Ngojumba","rgi":"RGI2000-v7.0-G-15-08305"},"geometry":{"type":"Polygon","coordinates":[[[86.69511,27.96158],[86.69525,27.96306],[86.69564,27.96245],[86.69647,27.96267],[86.69727,27.96222],[86.69776,27.96078],[86.69741,27.96036],[86.69605,27.95965],[86.69511,27.96158]]]}},{"type":"Feature","properties":{"lake_id":"GL_27.77751_86.64314","l_km2":0.2901,"z":5164,"typ":"proglacial lake","d":0.0,"chg":null,"cls":"not assessed","glof":0,"prov":"Province 1","gnm":"","rgi":"RGI2000-v7.0-G-15-08407"},"geometry":{"type":"Polygon","coordinates":[[[86.63805,27.77846],[86.64028,27.77933],[86.6424,27.77867],[86.64329,27.7786],[86.64414,27.77995],[86.64515,27.77981],[86.64668,27.77863],[86.64695,27.77812],[86.64699,27.77659],[86.64728,27.77604],[86.64696,27.77561],[86.64582,27.77564],[86.64533,27.77629],[86.6449,27.77624],[86.64428,27.77587],[86.64432,27.77542],[86.64389,27.77557],[86.64353,27.77524],[86.64349,27.77441],[86.6431,27.77506],[86.64176,27.77572],[86.64113,27.77632],[86.63978,27.77659],[86.63838,27.77786],[86.6384,27.77821],[86.63805,27.77846]]]}},{"type":"Feature","properties":{"lake_id":"GL_27.83322_86.5641","l_km2":0.0805,"z":4937,"typ":"unconnected glacial lake","d":0.0,"chg":131.1,"cls":"expanding","glof":0,"prov":"Province 1","gnm":"Thyangbo","rgi":"RGI2000-v7.0-G-15-08433"},"geometry":{"type":"Polygon","coordinates":[[[86.56098,27.83366],[86.56279,27.83382],[86.56272,27.83432],[86.56309,27.83421],[86.56301,27.83459],[86.56321,27.83463],[86.56429,27.83411],[86.5649,27.83411],[86.56612,27.83336],[86.56645,27.83245],[86.5645,27.83181],[86.56409,27.83252],[86.56309,27.83311],[86.56248,27.83309],[86.56216,27.83278],[86.56173,27.83292],[86.56171,27.83325],[86.56202,27.83333],[86.56175,27.83336],[86.56145,27.83309],[86.56098,27.83366]]]}},{"type":"Feature","properties":{"lake_id":"GL_27.9136_86.58735","l_km2":0.0408,"z":5291,"typ":"proglacial lake","d":0.0,"chg":-5.7,"cls":"stable","glof":0,"prov":"Province 1","gnm":"","rgi":"RGI2000-v7.0-G-15-08539"},"geometry":{"type":"Polygon","coordinates":[[[86.58633,27.91291],[86.58645,27.91427],[86.58752,27.91478],[86.58807,27.9146],[86.5884,27.91384],[86.58818,27.91297],[86.58777,27.91261],[86.587,27.91241],[86.58633,27.91291]]]}},{"type":"Feature","properties":{"lake_id":"GL_27.67902_86.79407","l_km2":0.0125,"z":4976,"typ":"unmatched","d":113.0,"chg":null,"cls":"not assessed","glof":0,"prov":"Province 1","gnm":"","rgi":"RGI2000-v7.0-G-15-08399"},"geometry":{"type":"Polygon","coordinates":[[[86.79317,27.67946],[86.79351,27.6796],[86.79451,27.67935],[86.79481,27.67884],[86.79419,27.67825],[86.79317,27.67946]]]}},{"type":"Feature","properties":{"lake_id":"GL_27.61128_86.84797","l_km2":0.0086,"z":4327,"typ":"unmatched","d":3137.0,"chg":null,"cls":"not assessed","glof":0,"prov":"Province 1","gnm":"","rgi":"RGI2000-v7.0-G-15-06871"},"geometry":{"type":"Polygon","coordinates":[[[86.84723,27.61157],[86.84766,27.61175],[86.84829,27.61155],[86.84863,27.61101],[86.84825,27.61081],[86.84772,27.6109],[86.84723,27.61157]]]}},{"type":"Feature","properties":{"lake_id":"GL_27.6086_86.8497","l_km2":0.0931,"z":4325,"typ":"unmatched","d":3208.0,"chg":null,"cls":"not assessed","glof":0,"prov":"Province 1","gnm":"","rgi":"RGI2000-v7.0-G-15-06871"},"geometry":{"type":"Polygon","coordinates":[[[86.8475,27.61001],[86.84796,27.61008],[86.84977,27.60984],[86.85088,27.60951],[86.85192,27.60852],[86.85192,27.60827],[86.85143,27.60787],[86.85152,27.6074],[86.8501,27.60707],[86.84835,27.60783],[86.84815,27.60869],[86.84762,27.60895],[86.8475,27.61001]]]}},{"type":"Feature","properties":{"lake_id":"GL_27.62361_86.84978","l_km2":0.0114,"z":4522,"typ":"unmatched","d":1941.0,"chg":null,"cls":"not assessed","glof":0,"prov":"Province 1","gnm":"","rgi":"RGI2000-v7.0-G-15-06871"},"geometry":{"type":"Polygon","coordinates":[[[86.84878,27.62345],[86.84993,27.62412],[86.85056,27.62386],[86.85036,27.62325],[86.8491,27.62327],[86.84878,27.62345]]]}},{"type":"Feature","properties":{"lake_id":"GL_27.79359_86.83855","l_km2":0.2877,"z":5321,"typ":"proglacial lake","d":133.0,"chg":21.5,"cls":"expanding","glof":0,"prov":"Province 1","gnm":"","rgi":"RGI2000-v7.0-G-15-08351"},"geometry":{"type":"Polygon","coordinates":[[[86.83433,27.79373],[86.83443,27.79427],[86.83479,27.79467],[86.83662,27.79478],[86.83699,27.79552],[86.83829,27.79657],[86.83928,27.79648],[86.84038,27.7957],[86.84168,27.79356],[86.84188,27.79294],[86.84176,27.79191],[86.8411,27.7911],[86.84004,27.79148],[86.83955,27.79085],[86.83911,27.79112],[86.83834,27.79067],[86.83719,27.79205],[86.83463,27.79326],[86.83433,27.79373]]]}},{"type":"Feature","properties":{"lake_id":"GL_27.71154_86.59949","l_km2":0.1172,"z":4621,"typ":"proglacial lake","d":959.0,"chg":-1.6,"cls":"stable","glof":0,"prov":"Province 1","gnm":"","rgi":"RGI2000-v7.0-G-15-08452"},"geometry":{"type":"Polygon","coordinates":[[[86.59799,27.71055],[86.59803,27.71236],[86.59863,27.71308],[86.59907,27.71323],[86.59936,27.71373],[86.60041,27.71383],[86.6008,27.7132],[86.60133,27.71293],[86.60123,27.71217],[86.60034,27.71105],[86.60011,27.70866],[86.60001,27.70899],[86.59947,27.70882],[86.5986,27.70965],[86.59799,27.71055]]]}},{"type":"Feature","properties":{"lake_id":"GL_27.7789_86.60969","l_km2":1.4517,"z":4846,"typ":"proglacial lake","d":0.0,"chg":13.8,"cls":"expanding","glof":1,"prov":"Province 1","gnm":"","rgi":"RGI2000-v7.0-G-15-08441"},"geometry":{"type":"Polygon","coordinates":[[[86.59337,27.7792],[86.5957,27.78081],[86.59819,27.78156],[86.59854,27.78153],[86.59842,27.78133],[86.59883,27.78102],[86.59874,27.78153],[86.60008,27.78182],[86.60049,27.7818],[86.60043,27.78151],[86.60067,27.7816],[86.60063,27.78182],[86.60562,27.78155],[86.60946,27.78187],[86.60978,27.78172],[86.60981,27.78194],[86.61312,27.78222],[86.6172,27.78196],[86.61811,27.78169],[86.62235,27.77809],[86.62426,27.77554],[86.62459,27.77405],[86.62392,27.77324],[86.62248,27.77311],[86.62116,27.77448],[86.61884,27.77557],[86.61654,27.77698],[86.61256,27.77776],[86.61037,27.77763],[86.60509,27.77793],[86.59982,27.77686],[86.59834,27.77611],[86.59618,27.77616],[86.59622,27.77686],[86.59592,27.77749],[86.59524,27.7782],[86.59337,27.7792]]]}},{"type":"Feature","properties":{"lake_id":"GL_27.77174_86.64504","l_km2":0.0122,"z":5178,"typ":"unmatched","d":165.0,"chg":null,"cls":"not assessed","glof":0,"prov":"Province 1","gnm":"","rgi":"RGI2000-v7.0-G-15-08407"},"geometry":{"type":"Polygon","coordinates":[[[86.64427,27.77268],[86.64445,27.77286],[86.64498,27.77248],[86.64547,27.77127],[86.64598,27.77064],[86.64585,27.77041],[86.64527,27.77098],[86.64531,27.77134],[86.64435,27.77219],[86.64427,27.77268]]]}},{"type":"Feature","properties":{"lake_id":"GL_27.67392_86.60918","l_km2":0.0811,"z":4379,"typ":"unconnected glacial lake","d":3538.0,"chg":null,"cls":"not assessed","glof":0,"prov":"Province 1","gnm":"","rgi":"RGI2000-v7.0-G-15-08457"},"geometry":{"type":"Polygon","coordinates":[[[86.60739,27.67288],[86.60741,27.67351],[86.60856,27.67505],[86.60972,27.67563],[86.61041,27.67545],[86.61094,27.6741],[86.60993,27.6729],[86.60916,27.67241],[86.60833,27.67252],[86.60811,27.67234],[86.60739,27.67288]]]}},{"type":"Feature","properties":{"lake_id":"GL_27.61012_86.84468","l_km2":0.0203,"z":4278,"typ":"unmatched","d":3391.0,"chg":null,"cls":"not assessed","glof":0,"prov":"Province 1","gnm":"","rgi":"RGI2000-v7.0-G-15-06871"},"geometry":{"type":"Polygon","coordinates":[[[86.84353,27.61021],[86.84361,27.61051],[86.84505,27.61077],[86.84565,27.6098],[86.84545,27.60938],[86.84517,27.60934],[86.84353,27.61021]]]}},{"type":"Feature","properties":{"lake_id":"GL_27.68226_86.60133","l_km2":0.0131,"z":4521,"typ":"unconnected glacial lake","d":3232.0,"chg":null,"cls":"not assessed","glof":0,"prov":"Province 1","gnm":"","rgi":"RGI2000-v7.0-G-15-08455"},"geometry":{"type":"Polygon","coordinates":[[[86.60022,27.68203],[86.60129,27.68279],[86.60221,27.68242],[86.60189,27.68191],[86.60022,27.68203]]]}},{"type":"Feature","properties":{"lake_id":"GL_27.64762_86.85089","l_km2":0.0038,"z":4353,"typ":"unmatched","d":1130.0,"chg":2.9,"cls":"not assessed","glof":0,"prov":"Province 1","gnm":"","rgi":"RGI2000-v7.0-G-15-06868"},"geometry":{"type":"Polygon","coordinates":[[[86.85043,27.64772],[86.85061,27.64788],[86.85114,27.64781],[86.85128,27.64735],[86.85079,27.64739],[86.85043,27.64772]]]}},{"type":"Feature","properties":{"lake_id":"GL_27.67881_86.57401","l_km2":0.0066,"z":4556,"typ":"unmatched","d":3817.0,"chg":null,"cls":"not assessed","glof":0,"prov":"Province 1","gnm":"","rgi":"RGI2000-v7.0-G-15-08468"},"geometry":{"type":"Polygon","coordinates":[[[86.5733,27.67881],[86.57413,27.6791],[86.57474,27.6789],[86.57395,27.67847],[86.5733,27.67881]]]}},{"type":"Feature","properties":{"lake_id":"GL_27.70112_86.5734","l_km2":0.0249,"z":4711,"typ":"proglacial lake","d":1440.0,"chg":-18.3,"cls":"shrinking","glof":0,"prov":"Province 1","gnm":"","rgi":"RGI2000-v7.0-G-15-08468"},"geometry":{"type":"Polygon","coordinates":[[[86.57214,27.70126],[86.5726,27.70188],[86.57335,27.70178],[86.57435,27.70124],[86.57458,27.70043],[86.57285,27.70071],[86.57214,27.70126]]]}},{"type":"Feature","properties":{"lake_id":"GL_27.64763_86.85437","l_km2":0.0485,"z":4353,"typ":"proglacial lake","d":635.0,"chg":-2.8,"cls":"stable","glof":0,"prov":"Province 1","gnm":"","rgi":"RGI2000-v7.0-G-15-06868"},"geometry":{"type":"Polygon","coordinates":[[[86.85207,27.64739],[86.85239,27.64777],[86.85428,27.64806],[86.85515,27.64854],[86.85565,27.64862],[86.85627,27.64834],[86.856,27.64734],[86.85527,27.64709],[86.85288,27.64687],[86.85207,27.64739]]]}},{"type":"Feature","properties":{"lake_id":"GL_27.70298_86.60547","l_km2":0.0135,"z":4633,"typ":"unmatched","d":1334.0,"chg":8.0,"cls":"stable","glof":0,"prov":"Province 1","gnm":"","rgi":"RGI2000-v7.0-G-15-08455"},"geometry":{"type":"Polygon","coordinates":[[[86.60463,27.70326],[86.60465,27.70365],[86.60591,27.70328],[86.60619,27.70294],[86.60601,27.7023],[86.60557,27.7023],[86.60463,27.70326]]]}},{"type":"Feature","properties":{"lake_id":"GL_27.83805_87.30167","l_km2":0.0403,"z":4172,"typ":"unconnected glacial lake","d":8224.0,"chg":null,"cls":"not assessed","glof":0,"prov":"Province 1","gnm":"","rgi":"RGI2000-v7.0-G-15-06968"},"geometry":{"type":"Polygon","coordinates":[[[87.30028,27.83869],[87.30032,27.83895],[87.30097,27.83905],[87.30198,27.83887],[87.30284,27.83836],[87.30294,27.83777],[87.30165,27.83681],[87.30111,27.83717],[87.30105,27.8377],[87.30028,27.83869]]]}},{"type":"Feature","properties":{"lake_id":"GL_27.84219_87.2916","l_km2":0.0719,"z":4457,"typ":"unconnected glacial lake","d":7369.0,"chg":null,"cls":"not assessed","glof":0,"prov":"Province 1","gnm":"","rgi":"RGI2000-v7.0-G-15-06968"},"geometry":{"type":"Polygon","coordinates":[[[87.28985,27.84215],[87.29046,27.84312],[87.29111,27.84355],[87.29334,27.84292],[87.29311,27.84172],[87.29246,27.84104],[87.29171,27.84088],[87.29068,27.84103],[87.28985,27.84215]]]}},{"type":"Feature","properties":{"lake_id":"GL_27.69088_87.20645","l_km2":0.1074,"z":4065,"typ":"supraglacial lake","d":8370.0,"chg":null,"cls":"not assessed","glof":0,"prov":"Province 1","gnm":"","rgi":"RGI2000-v7.0-G-15-07216"},"geometry":{"type":"Polygon","coordinates":[[[87.20332,27.69013],[87.20416,27.69042],[87.20454,27.69129],[87.20554,27.6919],[87.20564,27.69248],[87.20612,27.69174],[87.20688,27.69202],[87.20722,27.69274],[87.20797,27.69262],[87.2084,27.69206],[87.20852,27.69087],[87.20797,27.68991],[87.20738,27.68993],[87.20589,27.68926],[87.20521,27.68946],[87.20476,27.69001],[87.20332,27.69013]]]}},{"type":"Feature","properties":{"lake_id":"GL_28.86871_83.49219","l_km2":0.0045,"z":5530,"typ":"unmatched","d":339.0,"chg":0.3,"cls":"not assessed","glof":0,"prov":"Province 1","gnm":"","rgi":"RGI2000-v7.0-G-15-03986"},"geometry":{"type":"Polygon","coordinates":[[[83.49187,28.86861],[83.49195,28.86912],[83.4922,28.86924],[83.4925,28.86826],[83.49187,28.86861]]]}},{"type":"Feature","properties":{"lake_id":"GL_29.97007_81.33982","l_km2":0.009,"z":3849,"typ":"unmatched","d":2772.0,"chg":null,"cls":"not assessed","glof":0,"prov":"Province 1","gnm":"","rgi":"RGI2000-v7.0-G-15-02493"},"geometry":{"type":"Polygon","coordinates":[[[81.33942,29.97004],[81.33956,29.97067],[81.33986,29.9708],[81.34017,29.9706],[81.33993,29.96914],[81.33942,29.97004]]]}},{"type":"Feature","properties":{"lake_id":"GL_30.27089_81.47435","l_km2":0.0073,"z":5332,"typ":"unmatched","d":0.0,"chg":null,"cls":"not assessed","glof":6,"prov":"Province 1","gnm":"","rgi":"RGI2000-v7.0-G-15-02806"},"geometry":{"type":"Polygon","coordinates":[[[81.47359,30.27067],[81.47411,30.27127],[81.47475,30.27111],[81.4751,30.27076],[81.475,30.27058],[81.47359,30.27067]]]}},{"type":"Feature","properties":{"lake_id":"GL_29.75957_81.54051","l_km2":0.0106,"z":4874,"typ":"unmatched","d":0.0,"chg":null,"cls":"not assessed","glof":0,"prov":"Province 1","gnm":"","rgi":"RGI2000-v7.0-G-15-02410"},"geometry":{"type":"Polygon","coordinates":[[[81.53988,29.75971],[81.53999,29.76013],[81.54057,29.76011],[81.54116,29.75918],[81.54056,29.75897],[81.53988,29.75971]]]}},{"type":"Feature","properties":{"lake_id":"GL_27.77439_88.02233","l_km2":0.1411,"z":4604,"typ":"unmatched","d":0.0,"chg":null,"cls":"not assessed","glof":1,"prov":"Province 1","gnm":"","rgi":"RGI2000-v7.0-G-15-07885"},"geometry":{"type":"Polygon","coordinates":[[[88.01968,27.77521],[88.01991,27.77571],[88.02101,27.77612],[88.02101,27.77652],[88.0213,27.77666],[88.02166,27.77579],[88.02194,27.77597],[88.02283,27.7758],[88.02277,27.77515],[88.02313,27.77495],[88.02333,27.77442],[88.02433,27.77476],[88.02453,27.77523],[88.02558,27.77482],[88.02552,27.7745],[88.0258,27.7744],[88.02513,27.77361],[88.02503,27.77383],[88.02478,27.77362],[88.02502,27.77354],[88.02492,27.77342],[88.02451,27.77342],[88.02441,27.77313],[88.02329,27.77283],[88.02254,27.7729],[88.02186,27.77355],[88.02153,27.77337],[88.02171,27.77319],[88.02157,27.7729],[88.02063,27.77303],[88.01982,27.7725],[88.01993,27.77338],[88.02046,27.77392],[88.02006,27.77441],[88.02039,27.77466],[88.01968,27.77521]]]}},{"type":"Feature","properties":{"lake_id":"GL_28.64468_84.2624","l_km2":0.0141,"z":5005,"typ":"unmatched","d":557.0,"chg":5.9,"cls":"stable","glof":0,"prov":"Province 1","gnm":"","rgi":"RGI2000-v7.0-G-15-05003"},"geometry":{"type":"Polygon","coordinates":[[[84.26156,28.64473],[84.26186,28.64523],[84.26249,28.64526],[84.26305,28.6448],[84.26317,28.64422],[84.26201,28.64425],[84.26156,28.64473]]]}},{"type":"Feature","properties":{"lake_id":"GL_29.45657_83.33199","l_km2":0.0057,"z":5352,"typ":"unmatched","d":11617.0,"chg":null,"cls":"not assessed","glof":0,"prov":"Province 1","gnm":"","rgi":"RGI2000-v7.0-G-15-03929"},"geometry":{"type":"Polygon","coordinates":[[[83.33168,29.45615],[83.33181,29.45694],[83.33236,29.45691],[83.3322,29.45625],[83.33168,29.45615]]]}},{"type":"Feature","properties":{"lake_id":"GL_29.29367_83.43677","l_km2":0.0098,"z":5379,"typ":"unmatched","d":861.0,"chg":114.2,"cls":"not assessed","glof":0,"prov":"Province 1","gnm":"","rgi":"RGI2000-v7.0-G-15-03925"},"geometry":{"type":"Polygon","coordinates":[[[83.43619,29.29375],[83.43682,29.29435],[83.43736,29.29366],[83.43731,29.29339],[83.43656,29.29304],[83.43619,29.29375]]]}},{"type":"Feature","properties":{"lake_id":"GL_27.78179_88.10042","l_km2":0.0091,"z":4984,"typ":"unmatched","d":0.0,"chg":null,"cls":"not assessed","glof":0,"prov":"Province 1","gnm":"","rgi":"RGI2000-v7.0-G-15-07885"},"geometry":{"type":"Polygon","coordinates":[[[88.09957,27.7816],[88.10048,27.78231],[88.1011,27.78191],[88.10024,27.78131],[88.09957,27.7816]]]}},{"type":"Feature","properties":{"lake_id":"GL_27.72267_86.60225","l_km2":0.0064,"z":4954,"typ":"unmatched","d":121.0,"chg":-5.7,"cls":"not assessed","glof":0,"prov":"Province 1","gnm":"","rgi":"RGI2000-v7.0-G-15-08451"},"geometry":{"type":"Polygon","coordinates":[[[86.6018,27.72266],[86.60184,27.72295],[86.60228,27.72313],[86.60271,27.72236],[86.60259,27.72219],[86.60221,27.72226],[86.6018,27.72266]]]}},{"type":"Feature","properties":{"lake_id":"GL_27.78869_86.63283","l_km2":0.0799,"z":5196,"typ":"proglacial lake","d":0.0,"chg":21.4,"cls":"expanding","glof":0,"prov":"Karnali","gnm":"","rgi":"RGI2000-v7.0-G-15-08410"},"geometry":{"type":"Polygon","coordinates":[[[86.63071,27.78873],[86.63087,27.78918],[86.63195,27.78992],[86.63286,27.78989],[86.63394,27.78943],[86.63463,27.78964],[86.63489,27.78934],[86.63429,27.78829],[86.63403,27.78717],[86.63336,27.78753],[86.63285,27.7874],[86.63208,27.7877],[86.63132,27.78808],[86.63071,27.78873]]]}},{"type":"Feature","properties":{"lake_id":"GL_27.79321_87.08414","l_km2":0.0096,"z":4524,"typ":"unmatched","d":188.0,"chg":null,"cls":"not assessed","glof":0,"prov":"Sudurpaschim","gnm":"","rgi":"RGI2000-v7.0-G-15-06922"},"geometry":{"type":"Polygon","coordinates":[[[87.08322,27.79335],[87.08324,27.79355],[87.08393,27.79359],[87.08491,27.7934],[87.08499,27.79314],[87.08419,27.79272],[87.08371,27.79299],[87.08365,27.79328],[87.08322,27.79335]]]}},{"type":"Feature","properties":{"lake_id":"GL_27.91629_86.47724","l_km2":0.1421,"z":5115,"typ":"proglacial lake","d":212.0,"chg":0.5,"cls":"stable","glof":0,"prov":"Karnali","gnm":"","rgi":"RGI2000-v7.0-G-15-06434"},"geometry":{"type":"Polygon","coordinates":[[[86.47502,27.91551],[86.47522,27.91685],[86.47562,27.91692],[86.47631,27.91832],[86.47675,27.91869],[86.47753,27.91834],[86.47775,27.91767],[86.47926,27.91762],[86.47969,27.91725],[86.47975,27.91685],[86.47896,27.91552],[86.47803,27.91467],[86.47668,27.91391],[86.47649,27.91398],[86.47647,27.91454],[86.47581,27.91465],[86.47502,27.91551]]]}},{"type":"Feature","properties":{"lake_id":"GL_29.89958_81.79249","l_km2":0.0067,"z":4363,"typ":"unmatched","d":4317.0,"chg":22.2,"cls":"not assessed","glof":0,"prov":"Sudurpaschim","gnm":"","rgi":"RGI2000-v7.0-G-15-02469"},"geometry":{"type":"Polygon","coordinates":[[[81.79195,29.89965],[81.79222,29.90009],[81.79299,29.89949],[81.79309,29.89916],[81.79255,29.8992],[81.79195,29.89965]]]}},{"type":"Feature","properties":{"lake_id":"GL_28.98004_83.30013","l_km2":0.0138,"z":5347,"typ":"proglacial lake","d":160.0,"chg":0.1,"cls":"stable","glof":0,"prov":"Province 1","gnm":"","rgi":"RGI2000-v7.0-G-15-03935"},"geometry":{"type":"Polygon","coordinates":[[[83.29944,28.98017],[83.29968,28.98071],[83.30033,28.98072],[83.30061,28.98034],[83.30061,28.97932],[83.30002,28.97935],[83.29944,28.98017]]]}},{"type":"Feature","properties":{"lake_id":"GL_30.03805_82.26745","l_km2":0.0066,"z":4725,"typ":"unmatched","d":1385.0,"chg":7.8,"cls":"not assessed","glof":0,"prov":"Gandaki","gnm":"","rgi":"RGI2000-v7.0-G-15-03162"},"geometry":{"type":"Polygon","coordinates":[[[82.26682,30.03809],[82.26769,30.0385],[82.26794,30.03811],[82.26777,30.03749],[82.26682,30.03809]]]}},{"type":"Feature","properties":{"lake_id":"GL_29.09767_82.78842","l_km2":0.0033,"z":4737,"typ":"unmatched","d":738.0,"chg":10.4,"cls":"not assessed","glof":0,"prov":"Karnali","gnm":"","rgi":"RGI2000-v7.0-G-15-03841"},"geometry":{"type":"Polygon","coordinates":[[[82.78808,29.09771],[82.78846,29.09805],[82.7888,29.09754],[82.78832,29.0974],[82.78808,29.09771]]]}},{"type":"Feature","properties":{"lake_id":"GL_28.77981_83.0419","l_km2":0.0144,"z":4897,"typ":"unmatched","d":63.0,"chg":12.5,"cls":"stable","glof":0,"prov":"Karnali","gnm":"","rgi":"RGI2000-v7.0-G-15-04425"},"geometry":{"type":"Polygon","coordinates":[[[83.04103,28.7803],[83.04149,28.78049],[83.04228,28.78017],[83.04256,28.77986],[83.0425,28.77903],[83.04219,28.77889],[83.04103,28.7803]]]}},{"type":"Feature","properties":{"lake_id":"GL_29.77409_82.45178","l_km2":0.0215,"z":4938,"typ":"proglacial lake","d":625.0,"chg":1.4,"cls":"stable","glof":0,"prov":"Province 1","gnm":"","rgi":"RGI2000-v7.0-G-15-03331"},"geometry":{"type":"Polygon","coordinates":[[[82.4512,29.77307],[82.45148,29.77509],[82.45181,29.77519],[82.45248,29.77455],[82.45227,29.77408],[82.45245,29.77356],[82.45198,29.77364],[82.45149,29.77297],[82.4512,29.77307]]]}},{"type":"Feature","properties":{"lake_id":"GL_29.35958_82.56021","l_km2":0.0118,"z":4991,"typ":"unmatched","d":109.0,"chg":0.5,"cls":"stable","glof":0,"prov":"Province 1","gnm":"","rgi":"RGI2000-v7.0-G-15-03541"},"geometry":{"type":"Polygon","coordinates":[[[82.5593,29.36037],[82.55951,29.36065],[82.56055,29.35977],[82.56095,29.35886],[82.56082,29.35847],[82.5593,29.36037]]]}},{"type":"Feature","properties":{"lake_id":"GL_28.78447_82.97668","l_km2":0.0073,"z":4751,"typ":"unmatched","d":1705.0,"chg":-0.6,"cls":"not assessed","glof":0,"prov":"Province 1","gnm":"","rgi":"RGI2000-v7.0-G-15-04435"},"geometry":{"type":"Polygon","coordinates":[[[82.97618,28.78469],[82.97651,28.78503],[82.977,28.78475],[82.97706,28.78349],[82.97618,28.78469]]]}},{"type":"Feature","properties":{"lake_id":"GL_28.33563_84.67795","l_km2":0.0131,"z":4848,"typ":"unmatched","d":626.0,"chg":null,"cls":"not assessed","glof":0,"prov":"Province 1","gnm":"","rgi":"RGI2000-v7.0-G-15-05255"},"geometry":{"type":"Polygon","coordinates":[[[84.67724,28.33577],[84.6777,28.33632],[84.67805,28.33635],[84.67851,28.33569],[84.67844,28.33502],[84.67812,28.3349],[84.67768,28.33537],[84.67742,28.33527],[84.67724,28.33577]]]}},{"type":"Feature","properties":{"lake_id":"GL_29.07902_82.97855","l_km2":0.0089,"z":5061,"typ":"unmatched","d":584.0,"chg":-3.2,"cls":"not assessed","glof":0,"prov":"Bagmati","gnm":"","rgi":"RGI2000-v7.0-G-15-03869"},"geometry":{"type":"Polygon","coordinates":[[[82.97778,29.07891],[82.97827,29.07958],[82.97906,29.07906],[82.97934,29.07861],[82.97778,29.07891]]]}},{"type":"Feature","properties":{"lake_id":"GL_27.8876_86.78128","l_km2":0.0044,"z":5203,"typ":"unmatched","d":427.0,"chg":-3.2,"cls":"not assessed","glof":0,"prov":"Sudurpaschim","gnm":"","rgi":"RGI2000-v7.0-G-15-08337"},"geometry":{"type":"Polygon","coordinates":[[[86.78079,27.88763],[86.78099,27.88794],[86.78129,27.88794],[86.78172,27.88745],[86.7814,27.88722],[86.78079,27.88763]]]}},{"type":"Feature","properties":{"lake_id":"GL_30.02335_82.12205","l_km2":0.0013,"z":5017,"typ":"proglacial lake","d":317.0,"chg":-52.5,"cls":"shrinking","glof":0,"prov":"Karnali","gnm":"","rgi":"RGI2000-v7.0-G-15-03037"},"geometry":{"type":"Polygon","coordinates":[[[82.12183,30.02345],[82.12216,30.02363],[82.12203,30.02298],[82.12195,30.02334],[82.12183,30.02345]]]}},{"type":"Feature","properties":{"lake_id":"GL_30.04907_80.88701","l_km2":0.0206,"z":4417,"typ":"ice-marginal lake","d":159.0,"chg":0.1,"cls":"stable","glof":0,"prov":"Karnali","gnm":"","rgi":"RGI2000-v7.0-G-15-02197"},"geometry":{"type":"Polygon","coordinates":[[[80.88622,30.0486],[80.88649,30.0501],[80.88678,30.05023],[80.88716,30.04947],[80.88776,30.04936],[80.88787,30.04853],[80.88664,30.04837],[80.88622,30.0486]]]}},{"type":"Feature","properties":{"lake_id":"GL_28.05932_85.39347","l_km2":0.0065,"z":4339,"typ":"unmatched","d":8641.0,"chg":-10.9,"cls":"not assessed","glof":0,"prov":"Karnali","gnm":"","rgi":"RGI2000-v7.0-G-15-05927"},"geometry":{"type":"Polygon","coordinates":[[[85.39302,28.05988],[85.39335,28.05983],[85.39389,28.0593],[85.39369,28.05876],[85.39318,28.05922],[85.39302,28.05988]]]}},{"type":"Feature","properties":{"lake_id":"GL_28.48458_84.53577","l_km2":0.0248,"z":4819,"typ":"unmatched","d":0.0,"chg":107.9,"cls":"expanding","glof":0,"prov":"Lumbini","gnm":"","rgi":"RGI2000-v7.0-G-15-05113"},"geometry":{"type":"Polygon","coordinates":[[[84.53512,28.48485],[84.53545,28.48558],[84.53644,28.48556],[84.5365,28.48455],[84.53559,28.48334],[84.53524,28.48352],[84.53512,28.48485]]]}},{"type":"Feature","properties":{"lake_id":"GL_29.51814_82.30656","l_km2":0.0069,"z":4385,"typ":"unmatched","d":10436.0,"chg":56.9,"cls":"not assessed","glof":0,"prov":"Karnali","gnm":"","rgi":"RGI2000-v7.0-G-15-03527"},"geometry":{"type":"Polygon","coordinates":[[[82.3064,29.51765],[82.30612,29.51854],[82.30678,29.51854],[82.30701,29.51833],[82.30694,29.51775],[82.3064,29.51765]]]}},{"type":"Feature","properties":{"lake_id":"GL_28.44381_84.23095","l_km2":0.0056,"z":4668,"typ":"unmatched","d":473.0,"chg":null,"cls":"not assessed","glof":0,"prov":"Karnali","gnm":"","rgi":"RGI2000-v7.0-G-15-06117"},"geometry":{"type":"Polygon","coordinates":[[[84.23049,28.44346],[84.2307,28.44415],[84.23134,28.44412],[84.23135,28.44362],[84.23049,28.44346]]]}},{"type":"Feature","properties":{"lake_id":"GL_28.40847_84.21761","l_km2":0.0376,"z":4120,"typ":"unmatched","d":3792.0,"chg":null,"cls":"not assessed","glof":0,"prov":"Lumbini","gnm":"","rgi":"RGI2000-v7.0-G-15-06118"},"geometry":{"type":"Polygon","coordinates":[[[84.21528,28.40777],[84.21614,28.40851],[84.21677,28.40856],[84.21735,28.40898],[84.21829,28.409],[84.21867,28.40928],[84.21928,28.40933],[84.21966,28.40908],[84.21959,28.40858],[84.21931,28.40834],[84.21717,28.40813],[84.21572,28.40742],[84.21528,28.40777]]]}},{"type":"Feature","properties":{"lake_id":"GL_28.69461_84.11935","l_km2":0.0065,"z":5266,"typ":"unmatched","d":741.0,"chg":4.2,"cls":"not assessed","glof":0,"prov":"Gandaki","gnm":"","rgi":"RGI2000-v7.0-G-15-04856"},"geometry":{"type":"Polygon","coordinates":[[[84.1187,28.695],[84.11897,28.69512],[84.11947,28.69488],[84.12008,28.69409],[84.11933,28.69427],[84.1187,28.695]]]}},{"type":"Feature","properties":{"lake_id":"GL_28.45749_84.2524","l_km2":0.0131,"z":4576,"typ":"proglacial lake","d":180.0,"chg":7.2,"cls":"stable","glof":0,"prov":"Karnali","gnm":"","rgi":"RGI2000-v7.0-G-15-06111"},"geometry":{"type":"Polygon","coordinates":[[[84.25164,28.45765],[84.25198,28.45804],[84.25255,28.45801],[84.2532,28.45752],[84.25323,28.45727],[84.25266,28.45697],[84.25223,28.45702],[84.25169,28.45735],[84.25164,28.45765]]]}},{"type":"Feature","properties":{"lake_id":"GL_28.71615_83.91284","l_km2":0.0164,"z":5035,"typ":"unmatched","d":1352.0,"chg":8.2,"cls":"stable","glof":0,"prov":"Province 1","gnm":"","rgi":"RGI2000-v7.0-G-15-04659"},"geometry":{"type":"Polygon","coordinates":[[[83.91132,28.71547],[83.91208,28.71616],[83.91416,28.71691],[83.91419,28.7162],[83.91292,28.71608],[83.91167,28.7153],[83.91132,28.71547]]]}},{"type":"Feature","properties":{"lake_id":"GL_28.72263_83.89055","l_km2":0.0137,"z":5082,"typ":"proglacial lake","d":1411.0,"chg":8.2,"cls":"stable","glof":0,"prov":"Karnali","gnm":"","rgi":"RGI2000-v7.0-G-15-04665"},"geometry":{"type":"Polygon","coordinates":[[[83.88986,28.72295],[83.89005,28.72334],[83.8906,28.7232],[83.89143,28.72205],[83.89018,28.7222],[83.88986,28.72295]]]}},{"type":"Feature","properties":{"lake_id":"GL_28.45918_84.47713","l_km2":0.0145,"z":4688,"typ":"unmatched","d":831.0,"chg":null,"cls":"not assessed","glof":0,"prov":"Sudurpaschim","gnm":"","rgi":"RGI2000-v7.0-G-15-06120"},"geometry":{"type":"Polygon","coordinates":[[[84.47653,28.45913],[84.47669,28.4603],[84.47696,28.4602],[84.47716,28.45953],[84.47754,28.45951],[84.47786,28.45913],[84.47777,28.45857],[84.47745,28.4584],[84.47687,28.45861],[84.47653,28.45913]]]}},{"type":"Feature","properties":{"lake_id":"GL_28.7257_83.9029","l_km2":0.0177,"z":5109,"typ":"proglacial lake","d":638.0,"chg":-0.3,"cls":"stable","glof":0,"prov":"Bagmati","gnm":"","rgi":"RGI2000-v7.0-G-15-04657"},"geometry":{"type":"Polygon","coordinates":[[[83.90205,28.72593],[83.90225,28.72623],[83.90297,28.72651],[83.90364,28.72548],[83.90358,28.725],[83.90266,28.72507],[83.90205,28.72593]]]}},{"type":"Feature","properties":{"lake_id":"GL_28.7994_83.97808","l_km2":0.0087,"z":5309,"typ":"unmatched","d":0.0,"chg":9.8,"cls":"not assessed","glof":0,"prov":"Gandaki","gnm":"","rgi":"RGI2000-v7.0-G-15-04604"},"geometry":{"type":"Polygon","coordinates":[[[83.9773,28.79932],[83.97748,28.7997],[83.97824,28.79975],[83.97888,28.79927],[83.97823,28.79896],[83.9773,28.79932]]]}},{"type":"Feature","properties":{"lake_id":"GL_28.83329_83.62661","l_km2":0.027,"z":5504,"typ":"proglacial lake","d":549.0,"chg":10.2,"cls":"stable","glof":0,"prov":"Karnali","gnm":"","rgi":"RGI2000-v7.0-G-15-04095"},"geometry":{"type":"Polygon","coordinates":[[[83.62531,28.8334],[83.62544,28.83384],[83.62589,28.83361],[83.62605,28.83377],[83.62687,28.8337],[83.62762,28.83408],[83.62797,28.83395],[83.62765,28.83379],[83.62755,28.83287],[83.62672,28.83262],[83.62556,28.83278],[83.62531,28.8334]]]}},{"type":"Feature","properties":{"lake_id":"GL_29.11666_83.73718","l_km2":0.2533,"z":5508,"typ":"proglacial lake","d":0.0,"chg":16.1,"cls":"expanding","glof":0,"prov":"Gandaki","gnm":"","rgi":"RGI2000-v7.0-G-15-04207"},"geometry":{"type":"Polygon","coordinates":[[[83.73257,29.11735],[83.73274,29.11758],[83.73355,29.11724],[83.73419,29.11731],[83.7343,29.11764],[83.73486,29.11785],[83.73485,29.11817],[83.7358,29.11835],[83.73653,29.11886],[83.73865,29.11826],[83.73907,29.11861],[83.7398,29.11845],[83.74063,29.11784],[83.74112,29.11682],[83.74063,29.11641],[83.74087,29.11594],[83.73982,29.11598],[83.73911,29.1155],[83.73908,29.11491],[83.73788,29.11466],[83.7373,29.11392],[83.73649,29.11424],[83.73617,29.1147],[83.73543,29.11466],[83.73505,29.11486],[83.73502,29.11542],[83.73527,29.1156],[83.73497,29.11606],[83.73436,29.11625],[83.73329,29.11605],[83.73269,29.11655],[83.73291,29.11704],[83.73257,29.11735]]]}},{"type":"Feature","properties":{"lake_id":"GL_28.94186_83.59825","l_km2":0.0242,"z":5484,"typ":"proglacial lake","d":174.0,"chg":-17.1,"cls":"shrinking","glof":0,"prov":"Gandaki","gnm":"","rgi":"RGI2000-v7.0-G-15-04112"},"geometry":{"type":"Polygon","coordinates":[[[83.59715,28.94193],[83.59763,28.94234],[83.59723,28.94265],[83.59772,28.94271],[83.59924,28.94196],[83.59944,28.94165],[83.59887,28.94114],[83.59809,28.94116],[83.59715,28.94193]]]}},{"type":"Feature","properties":{"lake_id":"GL_28.6337_83.55968","l_km2":0.0232,"z":4284,"typ":"unmatched","d":4408.0,"chg":-5.3,"cls":"stable","glof":0,"prov":"Gandaki","gnm":"","rgi":"RGI2000-v7.0-G-15-04063"},"geometry":{"type":"Polygon","coordinates":[[[83.55883,28.63314],[83.5588,28.63386],[83.55962,28.63445],[83.56058,28.63425],[83.56056,28.63352],[83.55983,28.63302],[83.55927,28.63294],[83.55883,28.63314]]]}},{"type":"Feature","properties":{"lake_id":"GL_29.07223_83.6449","l_km2":0.0418,"z":5501,"typ":"proglacial lake","d":0.0,"chg":2.0,"cls":"stable","glof":0,"prov":"Gandaki","gnm":"","rgi":"RGI2000-v7.0-G-15-04177"},"geometry":{"type":"Polygon","coordinates":[[[83.64363,29.07187],[83.6446,29.07341],[83.64512,29.07349],[83.64574,29.07329],[83.64587,29.07164],[83.64545,29.07118],[83.64429,29.07122],[83.64363,29.07187]]]}},{"type":"Feature","properties":{"lake_id":"GL_28.96191_83.63342","l_km2":0.0188,"z":5526,"typ":"proglacial lake","d":181.0,"chg":-5.9,"cls":"stable","glof":0,"prov":"Gandaki","gnm":"","rgi":"RGI2000-v7.0-G-15-04117"},"geometry":{"type":"Polygon","coordinates":[[[83.63246,28.96176],[83.63266,28.96241],[83.63297,28.96254],[83.63348,28.96248],[83.6338,28.96213],[83.63478,28.962],[83.6343,28.96158],[83.63308,28.96126],[83.63246,28.96176]]]}},{"type":"Feature","properties":{"lake_id":"GL_28.96329_83.60801","l_km2":0.0122,"z":5544,"typ":"unmatched","d":0.0,"chg":124.1,"cls":"not assessed","glof":0,"prov":"Gandaki","gnm":"","rgi":"RGI2000-v7.0-G-15-04115"},"geometry":{"type":"Polygon","coordinates":[[[83.60762,28.96293],[83.6076,28.96421],[83.60806,28.96397],[83.60856,28.96315],[83.6085,28.96255],[83.60801,28.9626],[83.60762,28.96293]]]}},{"type":"Feature","properties":{"lake_id":"GL_28.37513_84.57979","l_km2":0.023,"z":4456,"typ":"proglacial lake","d":2779.0,"chg":5.9,"cls":"stable","glof":0,"prov":"Gandaki","gnm":"","rgi":"RGI2000-v7.0-G-15-05183"},"geometry":{"type":"Polygon","coordinates":[[[84.57906,28.3753],[84.57927,28.37602],[84.58006,28.37602],[84.58029,28.3759],[84.58014,28.37516],[84.58062,28.37502],[84.58083,28.37464],[84.5795,28.37409],[84.57906,28.3753]]]}},{"type":"Feature","properties":{"lake_id":"GL_28.34099_84.78544","l_km2":0.0079,"z":4589,"typ":"unmatched","d":1835.0,"chg":null,"cls":"not assessed","glof":0,"prov":"Gandaki","gnm":"","rgi":"RGI2000-v7.0-G-15-05262"},"geometry":{"type":"Polygon","coordinates":[[[84.78528,28.34051],[84.78494,28.34144],[84.78537,28.34145],[84.7859,28.34108],[84.78602,28.3407],[84.78528,28.34051]]]}},{"type":"Feature","properties":{"lake_id":"GL_28.37987_84.77994","l_km2":0.1802,"z":4665,"typ":"proglacial lake","d":554.0,"chg":null,"cls":"not assessed","glof":0,"prov":"Gandaki","gnm":"","rgi":"RGI2000-v7.0-G-15-05146"},"geometry":{"type":"Polygon","coordinates":[[[84.77743,28.37981],[84.77841,28.38165],[84.78034,28.38223],[84.7823,28.38121],[84.78224,28.3791],[84.78167,28.37873],[84.7813,28.37887],[84.78017,28.37739],[84.77909,28.37734],[84.77849,28.37759],[84.77831,28.37848],[84.77777,28.37926],[84.77787,28.37948],[84.77743,28.37981]]]}},{"type":"Feature","properties":{"lake_id":"GL_28.37224_84.57916","l_km2":0.1061,"z":4425,"typ":"unconnected glacial lake","d":3013.0,"chg":0.7,"cls":"stable","glof":0,"prov":"Gandaki","gnm":"","rgi":"RGI2000-v7.0-G-15-05183"},"geometry":{"type":"Polygon","coordinates":[[[84.57618,28.37252],[84.57651,28.37341],[84.57722,28.3738],[84.57794,28.37362],[84.57947,28.3726],[84.58096,28.37252],[84.58152,28.37197],[84.58189,28.37197],[84.58259,28.37258],[84.58414,28.37178],[84.5817,28.37137],[84.58019,28.37153],[84.57756,28.37124],[84.57644,28.37193],[84.57618,28.37252]]]}},{"type":"Feature","properties":{"lake_id":"GL_28.41196_84.23162","l_km2":0.008,"z":4348,"typ":"unmatched","d":2988.0,"chg":-5.8,"cls":"not assessed","glof":0,"prov":"Gandaki","gnm":"","rgi":"RGI2000-v7.0-G-15-06118"},"geometry":{"type":"Polygon","coordinates":[[[84.23085,28.41182],[84.23101,28.41215],[84.23165,28.41236],[84.23229,28.41207],[84.23183,28.4116],[84.23085,28.41182]]]}},{"type":"Feature","properties":{"lake_id":"GL_28.46239_84.26161","l_km2":0.0184,"z":4582,"typ":"proglacial lake","d":416.0,"chg":5.4,"cls":"stable","glof":0,"prov":"Gandaki","gnm":"","rgi":"RGI2000-v7.0-G-15-06111"},"geometry":{"type":"Polygon","coordinates":[[[84.26079,28.4624],[84.26126,28.46299],[84.26216,28.46294],[84.26254,28.46264],[84.26248,28.46237],[84.26164,28.46172],[84.26111,28.46176],[84.26079,28.4624]]]}},{"type":"Feature","properties":{"lake_id":"GL_28.43421_84.20602","l_km2":0.0126,"z":4175,"typ":"unmatched","d":2842.0,"chg":null,"cls":"not assessed","glof":0,"prov":"Gandaki","gnm":"","rgi":"RGI2000-v7.0-G-15-04814"},"geometry":{"type":"Polygon","coordinates":[[[84.20531,28.43398],[84.2059,28.43487],[84.20662,28.43453],[84.20665,28.43417],[84.20603,28.43363],[84.20548,28.43365],[84.20531,28.43398]]]}},{"type":"Feature","properties":{"lake_id":"GL_28.72869_83.89107","l_km2":0.0124,"z":5149,"typ":"unmatched","d":902.0,"chg":3.4,"cls":"stable","glof":0,"prov":"Gandaki","gnm":"","rgi":"RGI2000-v7.0-G-15-04660"},"geometry":{"type":"Polygon","coordinates":[[[83.88978,28.7289],[83.89003,28.72924],[83.89158,28.72892],[83.89204,28.72853],[83.89192,28.72794],[83.89159,28.72801],[83.89118,28.72862],[83.89008,28.72869],[83.88978,28.7289]]]}},{"type":"Feature","properties":{"lake_id":"GL_28.9961_83.75483","l_km2":0.0318,"z":5549,"typ":"proglacial lake","d":551.0,"chg":31.2,"cls":"expanding","glof":0,"prov":"Gandaki","gnm":"","rgi":"RGI2000-v7.0-G-15-04160"},"geometry":{"type":"Polygon","coordinates":[[[83.75323,28.99669],[83.75329,28.99685],[83.75416,28.99692],[83.75617,28.99614],[83.75587,28.99512],[83.75457,28.99549],[83.75323,28.99669]]]}},{"type":"Feature","properties":{"lake_id":"GL_28.50071_84.4768","l_km2":0.0097,"z":4039,"typ":"unmatched","d":2213.0,"chg":35.2,"cls":"not assessed","glof":0,"prov":"Gandaki","gnm":"","rgi":"RGI2000-v7.0-G-15-05108"},"geometry":{"type":"Polygon","coordinates":[[[84.47611,28.50087],[84.47651,28.50131],[84.47786,28.50051],[84.47701,28.50024],[84.47618,28.50053],[84.47611,28.50087]]]}},{"type":"Feature","properties":{"lake_id":"GL_28.82057_84.12491","l_km2":0.029,"z":5309,"typ":"proglacial lake","d":158.0,"chg":-13.6,"cls":"stable","glof":0,"prov":"Gandaki","gnm":"","rgi":"RGI2000-v7.0-G-15-04881"},"geometry":{"type":"Polygon","coordinates":[[[84.12399,28.81898],[84.12376,28.81953],[84.12402,28.81954],[84.12403,28.82045],[84.1249,28.82132],[84.12495,28.82169],[84.12547,28.82139],[84.12594,28.82156],[84.12641,28.82142],[84.1261,28.82114],[84.12634,28.82102],[84.12551,28.82061],[84.12399,28.81898]]]}},{"type":"Feature","properties":{"lake_id":"GL_28.63826_84.01542","l_km2":0.0311,"z":4643,"typ":"unmatched","d":56.0,"chg":12.6,"cls":"stable","glof":0,"prov":"Gandaki","gnm":"","rgi":"RGI2000-v7.0-G-15-04796"},"geometry":{"type":"Polygon","coordinates":[[[84.01437,28.63836],[84.01497,28.63925],[84.01549,28.63944],[84.01631,28.6387],[84.01604,28.63795],[84.01628,28.63719],[84.01478,28.63756],[84.01437,28.63836]]]}},{"type":"Feature","properties":{"lake_id":"GL_28.49985_83.75959","l_km2":0.0114,"z":4643,"typ":"unmatched","d":1098.0,"chg":6.8,"cls":"stable","glof":0,"prov":"Gandaki","gnm":"","rgi":"RGI2000-v7.0-G-15-04735"},"geometry":{"type":"Polygon","coordinates":[[[83.75902,28.50016],[83.75917,28.50046],[83.75992,28.50025],[83.76013,28.49976],[83.76001,28.49917],[83.7593,28.49936],[83.75902,28.50016]]]}},{"type":"Feature","properties":{"lake_id":"GL_28.7941_83.98315","l_km2":0.0301,"z":5253,"typ":"unmatched","d":0.0,"chg":6.0,"cls":"stable","glof":0,"prov":"Gandaki","gnm":"","rgi":"RGI2000-v7.0-G-15-04603"},"geometry":{"type":"Polygon","coordinates":[[[83.98161,28.79446],[83.98204,28.79507],[83.98292,28.7946],[83.9835,28.79473],[83.98478,28.79354],[83.98435,28.79357],[83.98403,28.79324],[83.98362,28.79321],[83.98295,28.79344],[83.98225,28.79414],[83.98178,28.79415],[83.98189,28.79439],[83.98161,28.79446]]]}},{"type":"Feature","properties":{"lake_id":"GL_28.60319_84.09317","l_km2":0.007,"z":4934,"typ":"unmatched","d":2821.0,"chg":5.2,"cls":"not assessed","glof":0,"prov":"Gandaki","gnm":"","rgi":"RGI2000-v7.0-G-15-04803"},"geometry":{"type":"Polygon","coordinates":[[[84.09266,28.60334],[84.09282,28.60371],[84.09386,28.60313],[84.09359,28.60286],[84.09297,28.60284],[84.09266,28.60334]]]}},{"type":"Feature","properties":{"lake_id":"GL_28.58337_84.08426","l_km2":0.0162,"z":4860,"typ":"proglacial lake","d":413.0,"chg":5.1,"cls":"stable","glof":0,"prov":"Gandaki","gnm":"","rgi":"RGI2000-v7.0-G-15-04803"},"geometry":{"type":"Polygon","coordinates":[[[84.0832,28.58396],[84.0837,28.58415],[84.08515,28.58345],[84.08447,28.58247],[84.08405,28.58273],[84.08398,28.58333],[84.0832,28.58396]]]}},{"type":"Feature","properties":{"lake_id":"GL_28.46891_83.77283","l_km2":0.0199,"z":4370,"typ":"unmatched","d":1959.0,"chg":null,"cls":"not assessed","glof":0,"prov":"Gandaki","gnm":"","rgi":"RGI2000-v7.0-G-15-04733"},"geometry":{"type":"Polygon","coordinates":[[[83.77183,28.46918],[83.772,28.46946],[83.77274,28.4695],[83.77363,28.46932],[83.77384,28.4689],[83.77323,28.46824],[83.77274,28.46815],[83.77183,28.46918]]]}},{"type":"Feature","properties":{"lake_id":"GL_28.7724_84.36296","l_km2":0.0067,"z":5253,"typ":"unmatched","d":422.0,"chg":47.5,"cls":"not assessed","glof":0,"prov":"Gandaki","gnm":"","rgi":"RGI2000-v7.0-G-15-04976"},"geometry":{"type":"Polygon","coordinates":[[[84.36229,28.77259],[84.3634,28.77271],[84.36331,28.77195],[84.36284,28.77208],[84.36229,28.77259]]]}},{"type":"Feature","properties":{"lake_id":"GL_28.68772_84.43819","l_km2":0.0069,"z":4317,"typ":"unmatched","d":276.0,"chg":-2.5,"cls":"not assessed","glof":0,"prov":"Gandaki","gnm":"","rgi":"RGI2000-v7.0-G-15-05031"},"geometry":{"type":"Polygon","coordinates":[[[84.43773,28.6878],[84.43789,28.68822],[84.4383,28.68818],[84.43862,28.68764],[84.43851,28.68713],[84.43773,28.6878]]]}},{"type":"Feature","properties":{"lake_id":"GL_28.49675_84.25554","l_km2":0.1239,"z":5001,"typ":"proglacial lake","d":0.0,"chg":1.2,"cls":"stable","glof":0,"prov":"Gandaki","gnm":"","rgi":"RGI2000-v7.0-G-15-06103"},"geometry":{"type":"Polygon","coordinates":[[[84.25253,28.49589],[84.25281,28.496],[84.25269,28.49674],[84.25294,28.49733],[84.25339,28.49754],[84.25461,28.4976],[84.25537,28.49843],[84.25619,28.49873],[84.25723,28.49816],[84.25737,28.49764],[84.25718,28.49684],[84.25801,28.49569],[84.25819,28.49506],[84.25758,28.49478],[84.25584,28.49588],[84.25449,28.49589],[84.25405,28.49559],[84.25253,28.49589]]]}},{"type":"Feature","properties":{"lake_id":"GL_28.64854_84.36409","l_km2":0.0079,"z":4077,"typ":"unmatched","d":466.0,"chg":-4.0,"cls":"not assessed","glof":0,"prov":"Gandaki","gnm":"","rgi":"RGI2000-v7.0-G-15-05016"},"geometry":{"type":"Polygon","coordinates":[[[84.36351,28.64834],[84.364,28.64906],[84.36458,28.64869],[84.36448,28.64815],[84.36364,28.64816],[84.36351,28.64834]]]}},{"type":"Feature","properties":{"lake_id":"GL_28.66613_84.52779","l_km2":0.0165,"z":5061,"typ":"unmatched","d":365.0,"chg":-5.4,"cls":"stable","glof":0,"prov":"Gandaki","gnm":"","rgi":"RGI2000-v7.0-G-15-05073"},"geometry":{"type":"Polygon","coordinates":[[[84.52697,28.66682],[84.52746,28.66694],[84.52867,28.66588],[84.52831,28.66551],[84.52758,28.66538],[84.52716,28.6659],[84.52744,28.66621],[84.52697,28.66682]]]}},{"type":"Feature","properties":{"lake_id":"GL_28.33657_84.7173","l_km2":0.0339,"z":4097,"typ":"unconnected glacial lake","d":1375.0,"chg":null,"cls":"not assessed","glof":0,"prov":"Gandaki","gnm":"","rgi":"RGI2000-v7.0-G-15-05159"},"geometry":{"type":"Polygon","coordinates":[[[84.7162,28.33679],[84.71674,28.33748],[84.71789,28.33745],[84.71829,28.33625],[84.71818,28.33578],[84.71789,28.33579],[84.7176,28.33528],[84.71641,28.33627],[84.7162,28.33679]]]}},{"type":"Feature","properties":{"lake_id":"GL_28.38339_84.58133","l_km2":0.0121,"z":4592,"typ":"proglacial lake","d":1948.0,"chg":null,"cls":"not assessed","glof":0,"prov":"Gandaki","gnm":"","rgi":"RGI2000-v7.0-G-15-05183"},"geometry":{"type":"Polygon","coordinates":[[[84.58067,28.38365],[84.58111,28.38401],[84.58202,28.38352],[84.58215,28.38322],[84.58199,28.38302],[84.58099,28.38286],[84.58067,28.38365]]]}},{"type":"Feature","properties":{"lake_id":"GL_28.96721_83.20949","l_km2":0.0102,"z":5242,"typ":"proglacial lake","d":61.0,"chg":12.5,"cls":"stable","glof":0,"prov":"Gandaki","gnm":"","rgi":"RGI2000-v7.0-G-15-04281"},"geometry":{"type":"Polygon","coordinates":[[[83.20895,28.96621],[83.20936,28.96716],[83.20974,28.96861],[83.20983,28.96695],[83.20922,28.9661],[83.20895,28.96621]]]}},{"type":"Feature","properties":{"lake_id":"GL_29.80239_82.47864","l_km2":0.0445,"z":4211,"typ":"unconnected glacial lake","d":1818.0,"chg":16.3,"cls":"expanding","glof":0,"prov":"Gandaki","gnm":"","rgi":"RGI2000-v7.0-G-15-03333"},"geometry":{"type":"Polygon","coordinates":[[[82.47767,29.80221],[82.47766,29.80407],[82.47831,29.80435],[82.47854,29.80337],[82.47997,29.80119],[82.4797,29.80045],[82.47767,29.80221]]]}},{"type":"Feature","properties":{"lake_id":"GL_30.02767_81.86597","l_km2":0.0104,"z":4148,"typ":"unmatched","d":1842.0,"chg":12.7,"cls":"not assessed","glof":0,"prov":"Gandaki","gnm":"","rgi":"RGI2000-v7.0-G-15-02897"},"geometry":{"type":"Polygon","coordinates":[[[81.86542,30.0278],[81.86586,30.0284],[81.86652,30.02785],[81.86637,30.02719],[81.86612,30.02702],[81.86572,30.02715],[81.86542,30.0278]]]}},{"type":"Feature","properties":{"lake_id":"GL_29.8923_82.33625","l_km2":0.0204,"z":4542,"typ":"unmatched","d":2057.0,"chg":15.1,"cls":"stable","glof":0,"prov":"Gandaki","gnm":"","rgi":"RGI2000-v7.0-G-15-03498"},"geometry":{"type":"Polygon","coordinates":[[[82.33554,29.89273],[82.33562,29.89359],[82.33589,29.89377],[82.3371,29.89152],[82.3369,29.89095],[82.33615,29.89162],[82.33554,29.89273]]]}},{"type":"Feature","properties":{"lake_id":"GL_29.97203_82.05869","l_km2":0.0074,"z":4780,"typ":"unmatched","d":103.0,"chg":4.9,"cls":"not assessed","glof":0,"prov":"Gandaki","gnm":"","rgi":"RGI2000-v7.0-G-15-02930"},"geometry":{"type":"Polygon","coordinates":[[[82.05807,29.97211],[82.05813,29.97235],[82.05888,29.97252],[82.05936,29.97199],[82.05871,29.97155],[82.05807,29.97211]]]}},{"type":"Feature","properties":{"lake_id":"GL_29.48893_82.33727","l_km2":0.0149,"z":4309,"typ":"unconnected glacial lake","d":6021.0,"chg":1.4,"cls":"stable","glof":0,"prov":"Gandaki","gnm":"","rgi":"RGI2000-v7.0-G-15-03527"},"geometry":{"type":"Polygon","coordinates":[[[82.33663,29.48941],[82.33682,29.48988],[82.33791,29.48903],[82.33794,29.48857],[82.33767,29.48819],[82.33732,29.48814],[82.33699,29.48841],[82.33663,29.48941]]]}},{"type":"Feature","properties":{"lake_id":"GL_27.70474_87.89525","l_km2":0.0033,"z":4627,"typ":"unmatched","d":689.0,"chg":-14.3,"cls":"not assessed","glof":1,"prov":"Gandaki","gnm":"","rgi":"RGI2000-v7.0-G-15-08198"},"geometry":{"type":"Polygon","coordinates":[[[87.89499,27.70454],[87.89503,27.70501],[87.89552,27.70502],[87.89541,27.70445],[87.89499,27.70454]]]}},{"type":"Feature","properties":{"lake_id":"GL_27.85192_86.50155","l_km2":0.017,"z":5193,"typ":"unmatched","d":4.0,"chg":80.6,"cls":"expanding","glof":0,"prov":"Gandaki","gnm":"","rgi":"RGI2000-v7.0-G-15-08522"},"geometry":{"type":"Polygon","coordinates":[[[86.5009,27.85233],[86.50138,27.85273],[86.50228,27.85228],[86.50206,27.85148],[86.5017,27.85116],[86.50115,27.85122],[86.5009,27.85233]]]}},{"type":"Feature","properties":{"lake_id":"GL_27.9646_86.67773","l_km2":0.0076,"z":5142,"typ":"unmatched","d":1528.0,"chg":8.1,"cls":"not assessed","glof":0,"prov":"Gandaki","gnm":"Ngojumba","rgi":"RGI2000-v7.0-G-15-08305"},"geometry":{"type":"Polygon","coordinates":[[[86.67727,27.96492],[86.67796,27.96503],[86.67815,27.96421],[86.67747,27.96423],[86.67727,27.96492]]]}},{"type":"Feature","properties":{"lake_id":"GL_29.43955_82.26489","l_km2":0.0084,"z":4249,"typ":"unmatched","d":11525.0,"chg":60.7,"cls":"not assessed","glof":0,"prov":"Gandaki","gnm":"","rgi":"RGI2000-v7.0-G-15-03527"},"geometry":{"type":"Polygon","coordinates":[[[82.26402,29.4394],[82.26435,29.43981],[82.26505,29.4399],[82.26561,29.43966],[82.26571,29.4393],[82.26544,29.43919],[82.26482,29.43947],[82.2642,29.43924],[82.26402,29.4394]]]}},{"type":"Feature","properties":{"lake_id":"GL_28.75662_84.0764","l_km2":0.004,"z":5076,"typ":"proglacial lake","d":659.0,"chg":null,"cls":"not assessed","glof":0,"prov":"Karnali","gnm":"","rgi":"RGI2000-v7.0-G-15-04880"},"geometry":{"type":"Polygon","coordinates":[[[84.07593,28.75672],[84.07636,28.75694],[84.07696,28.75643],[84.07653,28.75631],[84.07593,28.75672]]]}},{"type":"Feature","properties":{"lake_id":"GL_28.51489_84.24892","l_km2":0.0042,"z":4637,"typ":"unmatched","d":1703.0,"chg":null,"cls":"not assessed","glof":0,"prov":"Karnali","gnm":"","rgi":"RGI2000-v7.0-G-15-06102"},"geometry":{"type":"Polygon","coordinates":[[[84.2488,28.51461],[84.24849,28.51523],[84.24893,28.51519],[84.24921,28.51507],[84.24929,28.51465],[84.2488,28.51461]]]}},{"type":"Feature","properties":{"lake_id":"GL_29.66511_82.64727","l_km2":0.011,"z":5116,"typ":"proglacial lake","d":675.0,"chg":-2.2,"cls":"stable","glof":0,"prov":"Karnali","gnm":"","rgi":"RGI2000-v7.0-G-15-03471"},"geometry":{"type":"Polygon","coordinates":[[[82.64652,29.66532],[82.64662,29.66562],[82.64722,29.66563],[82.64807,29.66466],[82.64719,29.66464],[82.64652,29.66532]]]}},{"type":"Feature","properties":{"lake_id":"GL_28.28676_85.71616","l_km2":0.0384,"z":4784,"typ":"unmatched","d":0.0,"chg":70.6,"cls":"expanding","glof":0,"prov":"Karnali","gnm":"Langtang glacier","rgi":"RGI2000-v7.0-G-15-05860"},"geometry":{"type":"Polygon","coordinates":[[[85.71486,28.28634],[85.71516,28.28732],[85.71609,28.28774],[85.71677,28.2876],[85.71749,28.28662],[85.71739,28.28625],[85.71644,28.28588],[85.71581,28.28588],[85.71486,28.28634]]]}},{"type":"Feature","properties":{"lake_id":"GL_29.42834_82.67094","l_km2":0.026,"z":4322,"typ":"proglacial lake","d":486.0,"chg":4.8,"cls":"stable","glof":0,"prov":"Karnali","gnm":"","rgi":"RGI2000-v7.0-G-15-03618"},"geometry":{"type":"Polygon","coordinates":[[[82.67003,29.42832],[82.67012,29.4289],[82.67048,29.42929],[82.67108,29.4292],[82.67185,29.42834],[82.67169,29.42758],[82.67131,29.42732],[82.67028,29.4279],[82.67003,29.42832]]]}},{"type":"Feature","properties":{"lake_id":"GL_28.81843_83.0735","l_km2":0.0166,"z":4861,"typ":"proglacial lake","d":371.0,"chg":-1.3,"cls":"stable","glof":0,"prov":"Karnali","gnm":"","rgi":"RGI2000-v7.0-G-15-04319"},"geometry":{"type":"Polygon","coordinates":[[[83.07272,28.81862],[83.07287,28.8191],[83.07373,28.81901],[83.07421,28.81854],[83.07397,28.81769],[83.07358,28.81756],[83.07272,28.81862]]]}},{"type":"Feature","properties":{"lake_id":"GL_27.84635_87.96278","l_km2":0.1078,"z":5216,"typ":"proglacial lake","d":0.0,"chg":33.7,"cls":"expanding","glof":0,"prov":"Province 1","gnm":"","rgi":"RGI2000-v7.0-G-15-08157"},"geometry":{"type":"Polygon","coordinates":[[[87.96146,27.84544],[87.96167,27.84692],[87.96213,27.84762],[87.96223,27.84843],[87.96295,27.84879],[87.96423,27.84838],[87.96437,27.84807],[87.96383,27.84569],[87.96254,27.8435],[87.96231,27.84377],[87.96189,27.84365],[87.96165,27.84381],[87.96146,27.84544]]]}},{"type":"Feature","properties":{"lake_id":"GL_29.24656_83.7956","l_km2":0.0158,"z":5870,"typ":"unconnected glacial lake","d":1323.0,"chg":4.3,"cls":"stable","glof":0,"prov":"Bagmati","gnm":"","rgi":"RGI2000-v7.0-G-15-04532"},"geometry":{"type":"Polygon","coordinates":[[[83.79531,29.24607],[83.79503,29.24736],[83.7954,29.24744],[83.79613,29.24676],[83.79621,29.24602],[83.79582,29.24526],[83.79569,29.24596],[83.79531,29.24607]]]}},{"type":"Feature","properties":{"lake_id":"GL_29.24492_83.79735","l_km2":0.0067,"z":5867,"typ":"unmatched","d":1146.0,"chg":7.2,"cls":"not assessed","glof":0,"prov":"Province 1","gnm":"","rgi":"RGI2000-v7.0-G-15-04532"},"geometry":{"type":"Polygon","coordinates":[[[83.79679,29.24465],[83.79743,29.24556],[83.7977,29.24548],[83.79784,29.24481],[83.79726,29.24441],[83.79679,29.24465]]]}},{"type":"Feature","properties":{"lake_id":"GL_30.2797_81.4559","l_km2":0.0079,"z":5373,"typ":"unmatched","d":219.0,"chg":9.4,"cls":"not assessed","glof":0,"prov":"Karnali","gnm":"","rgi":"RGI2000-v7.0-G-15-02809"},"geometry":{"type":"Polygon","coordinates":[[[81.45531,30.28003],[81.45556,30.28023],[81.4561,30.28005],[81.45649,30.27966],[81.45645,30.27942],[81.45614,30.27926],[81.45551,30.27935],[81.45531,30.28003]]]}},{"type":"Feature","properties":{"lake_id":"GL_30.28017_81.59054","l_km2":0.0136,"z":5049,"typ":"unconnected glacial lake","d":6355.0,"chg":3.5,"cls":"stable","glof":0,"prov":"Karnali","gnm":"","rgi":"RGI2000-v7.0-G-15-02811"},"geometry":{"type":"Polygon","coordinates":[[[81.58988,30.28048],[81.59065,30.28116],[81.59108,30.28005],[81.59095,30.27912],[81.59062,30.27926],[81.58988,30.28048]]]}},{"type":"Feature","properties":{"lake_id":"GL_30.2395_81.99659","l_km2":0.0177,"z":5034,"typ":"unmatched","d":5947.0,"chg":14.7,"cls":"stable","glof":0,"prov":"Gandaki","gnm":"","rgi":"RGI2000-v7.0-G-15-03118"},"geometry":{"type":"Polygon","coordinates":[[[81.99565,30.23905],[81.99604,30.23983],[81.99698,30.24036],[81.99734,30.23918],[81.99665,30.23886],[81.99565,30.23905]]]}},{"type":"Feature","properties":{"lake_id":"GL_29.16896_83.76531","l_km2":0.021,"z":5544,"typ":"proglacial lake","d":239.0,"chg":-20.9,"cls":"shrinking","glof":0,"prov":"Gandaki","gnm":"","rgi":"RGI2000-v7.0-G-15-04223"},"geometry":{"type":"Polygon","coordinates":[[[83.76458,29.1682],[83.76495,29.16965],[83.76544,29.1702],[83.76589,29.1694],[83.76571,29.16828],[83.7655,29.16791],[83.76458,29.1682]]]}},{"type":"Feature","properties":{"lake_id":"GL_29.17499_83.7481","l_km2":0.1639,"z":5352,"typ":"proglacial lake","d":1359.0,"chg":1.5,"cls":"stable","glof":0,"prov":"Karnali","gnm":"","rgi":"RGI2000-v7.0-G-15-04224"},"geometry":{"type":"Polygon","coordinates":[[[83.7435,29.17378],[83.74359,29.17415],[83.74449,29.17477],[83.74741,29.17555],[83.7509,29.1772],[83.75166,29.17631],[83.75295,29.17549],[83.75226,29.17493],[83.75163,29.17505],[83.75028,29.17477],[83.7493,29.1749],[83.74766,29.17418],[83.74657,29.17331],[83.74477,29.17306],[83.74379,29.17332],[83.7435,29.17378]]]}},{"type":"Feature","properties":{"lake_id":"GL_29.17301_83.71067","l_km2":0.0739,"z":5641,"typ":"proglacial lake","d":1814.0,"chg":10.1,"cls":"expanding","glof":0,"prov":"Bagmati","gnm":"","rgi":"RGI2000-v7.0-G-15-04208"},"geometry":{"type":"Polygon","coordinates":[[[83.70869,29.17378],[83.70893,29.17421],[83.70973,29.17475],[83.71062,29.17439],[83.71181,29.17346],[83.71243,29.17177],[83.71171,29.17119],[83.71128,29.17117],[83.70869,29.17378]]]}},{"type":"Feature","properties":{"lake_id":"GL_29.19828_83.74468","l_km2":0.0241,"z":5784,"typ":"unmatched","d":3908.0,"chg":-79.9,"cls":"shrinking","glof":1,"prov":"Karnali","gnm":"","rgi":"RGI2000-v7.0-G-15-04223"},"geometry":{"type":"Polygon","coordinates":[[[83.7432,29.19808],[83.74367,29.19883],[83.74421,29.19887],[83.74454,29.19845],[83.74512,29.19846],[83.74521,29.19865],[83.74478,29.19895],[83.74512,29.19943],[83.74535,29.19926],[83.74569,29.19821],[83.74561,29.19749],[83.74528,29.19761],[83.74468,29.19736],[83.74475,29.19789],[83.74502,29.19792],[83.74472,29.19814],[83.74399,29.19785],[83.7432,29.19808]]]}},{"type":"Feature","properties":{"lake_id":"GL_28.85398_83.54966","l_km2":0.0113,"z":5620,"typ":"unmatched","d":515.0,"chg":null,"cls":"not assessed","glof":0,"prov":"Karnali","gnm":"","rgi":"RGI2000-v7.0-G-15-04105"},"geometry":{"type":"Polygon","coordinates":[[[83.54936,28.85332],[83.5493,28.85469],[83.54967,28.85478],[83.5501,28.85406],[83.5499,28.85327],[83.54936,28.85332]]]}},{"type":"Feature","properties":{"lake_id":"GL_29.1675_83.24726","l_km2":0.0345,"z":5059,"typ":"unmatched","d":7763.0,"chg":3.6,"cls":"stable","glof":0,"prov":"Province 1","gnm":"","rgi":"RGI2000-v7.0-G-15-03930"},"geometry":{"type":"Polygon","coordinates":[[[83.24657,29.16622],[83.24689,29.16793],[83.24681,29.16863],[83.24748,29.16942],[83.24779,29.1686],[83.24779,29.16671],[83.24724,29.16594],[83.24677,29.16595],[83.24657,29.16622]]]}},{"type":"Feature","properties":{"lake_id":"GL_28.78733_83.32994","l_km2":0.4283,"z":4443,"typ":"proglacial lake","d":17.0,"chg":-1.2,"cls":"shrinking","glof":0,"prov":"Gandaki","gnm":"","rgi":"RGI2000-v7.0-G-15-04380"},"geometry":{"type":"Polygon","coordinates":[[[83.32474,28.78981],[83.32504,28.7904],[83.32715,28.79009],[83.32823,28.79117],[83.32922,28.79025],[83.33087,28.78977],[83.33164,28.78893],[83.33267,28.78826],[83.3331,28.78723],[83.33478,28.78629],[83.33424,28.78406],[83.33288,28.78369],[83.3325,28.78399],[83.33168,28.78395],[83.33124,28.78431],[83.3304,28.78435],[83.32938,28.78489],[83.32621,28.78749],[83.32487,28.78912],[83.32474,28.78981]]]}},{"type":"Feature","properties":{"lake_id":"GL_28.67612_84.0558","l_km2":0.0095,"z":4584,"typ":"unmatched","d":3805.0,"chg":-17.2,"cls":"stable","glof":0,"prov":"Gandaki","gnm":"","rgi":"RGI2000-v7.0-G-15-04842"},"geometry":{"type":"Polygon","coordinates":[[[84.05524,28.67619],[84.05578,28.67662],[84.05647,28.67624],[84.05571,28.67557],[84.05533,28.67571],[84.05524,28.67619]]]}},{"type":"Feature","properties":{"lake_id":"GL_29.40937_83.40351","l_km2":0.0215,"z":5373,"typ":"unconnected glacial lake","d":5331.0,"chg":51.8,"cls":"expanding","glof":0,"prov":"Karnali","gnm":"","rgi":"RGI2000-v7.0-G-15-03929"},"geometry":{"type":"Polygon","coordinates":[[[83.40319,29.40845],[83.40303,29.41031],[83.40361,29.41061],[83.40409,29.40905],[83.40386,29.40824],[83.40349,29.40815],[83.40319,29.40845]]]}},{"type":"Feature","properties":{"lake_id":"GL_29.19317_83.50521","l_km2":0.0761,"z":5544,"typ":"proglacial lake","d":715.0,"chg":-0.7,"cls":"stable","glof":0,"prov":"Karnali","gnm":"","rgi":"RGI2000-v7.0-G-15-03918"},"geometry":{"type":"Polygon","coordinates":[[[83.50366,29.19354],[83.50396,29.19373],[83.50443,29.19521],[83.50494,29.1952],[83.50673,29.19287],[83.50608,29.19142],[83.50542,29.1914],[83.50457,29.1919],[83.50366,29.19354]]]}},{"type":"Feature","properties":{"lake_id":"GL_29.18038_83.70635","l_km2":0.0243,"z":5683,"typ":"proglacial lake","d":2699.0,"chg":6.5,"cls":"stable","glof":0,"prov":"Karnali","gnm":"","rgi":"RGI2000-v7.0-G-15-04208"},"geometry":{"type":"Polygon","coordinates":[[[83.7052,29.18013],[83.70665,29.18131],[83.70704,29.1813],[83.7073,29.18104],[83.70696,29.17993],[83.70635,29.17991],[83.70594,29.17934],[83.70555,29.17949],[83.7052,29.18013]]]}},{"type":"Feature","properties":{"lake_id":"GL_29.31249_83.43653","l_km2":0.0051,"z":5527,"typ":"unmatched","d":61.0,"chg":8.5,"cls":"not assessed","glof":0,"prov":"Karnali","gnm":"","rgi":"RGI2000-v7.0-G-15-03927"},"geometry":{"type":"Polygon","coordinates":[[[83.43605,29.31241],[83.43606,29.31263],[83.43646,29.31281],[83.43708,29.31243],[83.43652,29.31219],[83.43605,29.31241]]]}},{"type":"Feature","properties":{"lake_id":"GL_29.11138_83.31771","l_km2":0.0082,"z":5307,"typ":"unmatched","d":749.0,"chg":-4.2,"cls":"not assessed","glof":0,"prov":"Gandaki","gnm":"","rgi":"RGI2000-v7.0-G-15-03930"},"geometry":{"type":"Polygon","coordinates":[[[83.31718,29.11101],[83.31767,29.11191],[83.3181,29.11186],[83.31796,29.111],[83.31718,29.11101]]]}},{"type":"Feature","properties":{"lake_id":"GL_29.19353_83.66837","l_km2":0.0073,"z":5672,"typ":"unmatched","d":4563.0,"chg":6.3,"cls":"not assessed","glof":0,"prov":"Gandaki","gnm":"","rgi":"RGI2000-v7.0-G-15-04208"},"geometry":{"type":"Polygon","coordinates":[[[83.66791,29.1934],[83.66819,29.19397],[83.66882,29.19392],[83.66886,29.19353],[83.66849,29.19313],[83.66806,29.19302],[83.66791,29.1934]]]}},{"type":"Feature","properties":{"lake_id":"GL_29.17265_83.50793","l_km2":0.038,"z":5543,"typ":"unconnected glacial lake","d":2825.0,"chg":0.6,"cls":"stable","glof":0,"prov":"Gandaki","gnm":"","rgi":"RGI2000-v7.0-G-15-03916"},"geometry":{"type":"Polygon","coordinates":[[[83.50641,29.17288],[83.50698,29.17331],[83.50871,29.17357],[83.50905,29.17307],[83.50889,29.17151],[83.50845,29.17151],[83.50699,29.17222],[83.50641,29.17288]]]}},{"type":"Feature","properties":{"lake_id":"GL_29.15811_83.54827","l_km2":0.064,"z":5428,"typ":"unconnected glacial lake","d":6297.0,"chg":12.0,"cls":"expanding","glof":0,"prov":"Gandaki","gnm":"","rgi":"RGI2000-v7.0-G-15-03918"},"geometry":{"type":"Polygon","coordinates":[[[83.54629,29.15781],[83.54684,29.15843],[83.54769,29.15875],[83.54808,29.15954],[83.54894,29.15933],[83.54998,29.15842],[83.54949,29.1574],[83.54895,29.15716],[83.54906,29.15685],[83.54726,29.15732],[83.5466,29.15728],[83.54629,29.15781]]]}},{"type":"Feature","properties":{"lake_id":"GL_29.08518_83.61669","l_km2":0.0077,"z":5548,"typ":"unmatched","d":479.0,"chg":3.5,"cls":"not assessed","glof":0,"prov":"Gandaki","gnm":"","rgi":"RGI2000-v7.0-G-15-04179"},"geometry":{"type":"Polygon","coordinates":[[[83.6161,29.0852],[83.61622,29.08552],[83.61675,29.08554],[83.61735,29.0851],[83.61697,29.0848],[83.61656,29.08479],[83.6161,29.0852]]]}},{"type":"Feature","properties":{"lake_id":"GL_29.19776_83.66509","l_km2":0.041,"z":5692,"typ":"proglacial lake","d":5005.0,"chg":3.4,"cls":"stable","glof":0,"prov":"Karnali","gnm":"","rgi":"RGI2000-v7.0-G-15-04208"},"geometry":{"type":"Polygon","coordinates":[[[83.66376,29.19846],[83.66412,29.19876],[83.66594,29.19845],[83.66628,29.19723],[83.66589,29.19674],[83.66527,29.19657],[83.66436,29.19717],[83.66376,29.19846]]]}},{"type":"Feature","properties":{"lake_id":"GL_27.87601_87.85664","l_km2":0.0206,"z":5208,"typ":"proglacial lake","d":710.0,"chg":10.7,"cls":"stable","glof":0,"prov":"Karnali","gnm":"","rgi":"RGI2000-v7.0-G-15-07949"},"geometry":{"type":"Polygon","coordinates":[[[87.85567,27.87574],[87.85596,27.87641],[87.8567,27.8768],[87.85762,27.87595],[87.85748,27.87562],[87.85689,27.87537],[87.85616,27.87543],[87.85567,27.87574]]]}},{"type":"Feature","properties":{"lake_id":"GL_27.79358_87.97486","l_km2":0.22,"z":5179,"typ":"proglacial lake","d":0.0,"chg":2.5,"cls":"expanding","glof":0,"prov":"Karnali","gnm":"","rgi":"RGI2000-v7.0-G-15-08127"},"geometry":{"type":"Polygon","coordinates":[[[87.97265,27.7977],[87.97284,27.79883],[87.97341,27.79892],[87.97493,27.79636],[87.97706,27.79093],[87.97724,27.78943],[87.97685,27.78846],[87.97534,27.78984],[87.9743,27.79167],[87.97319,27.79454],[87.97272,27.7967],[87.97299,27.79717],[87.97265,27.7977]]]}},{"type":"Feature","properties":{"lake_id":"GL_27.80544_86.97434","l_km2":0.1651,"z":5481,"typ":"proglacial lake","d":75.0,"chg":0.1,"cls":"stable","glof":0,"prov":"Gandaki","gnm":"","rgi":"RGI2000-v7.0-G-15-07203"},"geometry":{"type":"Polygon","coordinates":[[[86.97131,27.80493],[86.97151,27.80543],[86.97314,27.8067],[86.97496,27.8076],[86.97572,27.80762],[86.97564,27.80675],[86.97584,27.80655],[86.97722,27.80656],[86.97748,27.80603],[86.97716,27.80522],[86.97638,27.80502],[86.97572,27.80426],[86.97474,27.80395],[86.97387,27.80328],[86.97352,27.80334],[86.97352,27.80363],[86.97289,27.80347],[86.97131,27.80493]]]}},{"type":"Feature","properties":{"lake_id":"GL_27.59274_88.02632","l_km2":0.0054,"z":4475,"typ":"unmatched","d":269.0,"chg":-0.1,"cls":"not assessed","glof":1,"prov":"Karnali","gnm":"Yalung","rgi":"RGI2000-v7.0-G-15-07868"},"geometry":{"type":"Polygon","coordinates":[[[88.02558,27.59261],[88.02614,27.5931],[88.02692,27.59267],[88.02668,27.59245],[88.02558,27.59261]]]}},{"type":"Feature","properties":{"lake_id":"GL_27.8177_86.9555","l_km2":0.0705,"z":5424,"typ":"proglacial lake","d":532.0,"chg":-0.5,"cls":"stable","glof":1,"prov":"Karnali","gnm":"","rgi":"RGI2000-v7.0-G-15-07205"},"geometry":{"type":"Polygon","coordinates":[[[86.95408,27.81746],[86.95416,27.81849],[86.95453,27.81902],[86.95508,27.81933],[86.95666,27.81845],[86.95727,27.81856],[86.95731,27.81811],[86.95679,27.81809],[86.95654,27.81749],[86.9565,27.81672],[86.95622,27.81637],[86.9563,27.81558],[86.95595,27.8156],[86.95583,27.81623],[86.95496,27.81653],[86.95408,27.81746]]]}},{"type":"Feature","properties":{"lake_id":"GL_27.93504_86.81322","l_km2":0.0013,"z":4905,"typ":"unmatched","d":0.0,"chg":-12.0,"cls":"not assessed","glof":0,"prov":"Gandaki","gnm":"Khumbu Glacier","rgi":"RGI2000-v7.0-G-15-08331"},"geometry":{"type":"Polygon","coordinates":[[[86.81285,27.93478],[86.81326,27.93509],[86.81344,27.93549],[86.81336,27.93498],[86.81285,27.93478]]]}},{"type":"Feature","properties":{"lake_id":"GL_27.95525_86.82328","l_km2":0.0179,"z":4947,"typ":"unmatched","d":0.0,"chg":84.6,"cls":"expanding","glof":0,"prov":"Karnali","gnm":"Khumbu Glacier","rgi":"RGI2000-v7.0-G-15-08331"},"geometry":{"type":"Polygon","coordinates":[[[86.82243,27.95521],[86.82259,27.95568],[86.82359,27.9559],[86.82382,27.95578],[86.82404,27.95486],[86.82345,27.95453],[86.82243,27.95521]]]}},{"type":"Feature","properties":{"lake_id":"GL_28.00784_86.84961","l_km2":0.0114,"z":5339,"typ":"unmatched","d":194.0,"chg":-0.0,"cls":"stable","glof":0,"prov":"Karnali","gnm":"Khumbu Glacier","rgi":"RGI2000-v7.0-G-15-08331"},"geometry":{"type":"Polygon","coordinates":[[[86.84883,28.00769],[86.849,28.0082],[86.84985,28.00833],[86.85026,28.00798],[86.8503,28.00748],[86.84983,28.00736],[86.84883,28.00769]]]}},{"type":"Feature","properties":{"lake_id":"GL_27.85728_86.50084","l_km2":0.022,"z":5329,"typ":"supraglacial lake","d":0.0,"chg":2.2,"cls":"stable","glof":0,"prov":"Gandaki","gnm":"","rgi":"RGI2000-v7.0-G-15-08522"},"geometry":{"type":"Polygon","coordinates":[[[86.5,27.85754],[86.50012,27.85789],[86.50124,27.85807],[86.50165,27.85744],[86.50151,27.85679],[86.50063,27.85639],[86.5,27.85754]]]}},{"type":"Feature","properties":{"lake_id":"GL_28.03478_86.69109","l_km2":0.0161,"z":5087,"typ":"unmatched","d":0.0,"chg":null,"cls":"not assessed","glof":0,"prov":"Karnali","gnm":"Ngojumba","rgi":"RGI2000-v7.0-G-15-08305"},"geometry":{"type":"Polygon","coordinates":[[[86.69033,28.03484],[86.69069,28.03506],[86.69077,28.03547],[86.69155,28.03538],[86.69181,28.03431],[86.69057,28.03422],[86.69033,28.03484]]]}},{"type":"Feature","properties":{"lake_id":"GL_27.82972_86.49461","l_km2":0.0092,"z":5058,"typ":"unmatched","d":591.0,"chg":5.0,"cls":"not assessed","glof":0,"prov":"Karnali","gnm":"","rgi":"RGI2000-v7.0-G-15-08488"},"geometry":{"type":"Polygon","coordinates":[[[86.49407,27.82991],[86.4945,27.83039],[86.49515,27.8297],[86.49507,27.82925],[86.49428,27.82926],[86.49407,27.82991]]]}},{"type":"Feature","properties":{"lake_id":"GL_27.94114_86.81682","l_km2":0.0282,"z":4924,"typ":"unconnected glacial lake","d":0.0,"chg":null,"cls":"not assessed","glof":0,"prov":"Karnali","gnm":"Khumbu Glacier","rgi":"RGI2000-v7.0-G-15-08331"},"geometry":{"type":"Polygon","coordinates":[[[86.8162,27.94049],[86.81624,27.94205],[86.81678,27.94252],[86.81707,27.94234],[86.81745,27.94136],[86.81778,27.94129],[86.81732,27.94042],[86.81646,27.93973],[86.8162,27.94049]]]}},{"type":"Feature","properties":{"lake_id":"GL_27.94606_86.80401","l_km2":0.0055,"z":4949,"typ":"unmatched","d":836.0,"chg":-1.4,"cls":"not assessed","glof":0,"prov":"Gandaki","gnm":"Khumbu Glacier","rgi":"RGI2000-v7.0-G-15-08331"},"geometry":{"type":"Polygon","coordinates":[[[86.80368,27.94586],[86.80374,27.94656],[86.80431,27.94638],[86.80425,27.94558],[86.80368,27.94586]]]}},{"type":"Feature","properties":{"lake_id":"GL_27.82784_86.91492","l_km2":0.0581,"z":5349,"typ":"proglacial lake","d":409.0,"chg":-1.4,"cls":"stable","glof":0,"prov":"Province 1","gnm":"","rgi":"RGI2000-v7.0-G-15-06801"},"geometry":{"type":"Polygon","coordinates":[[[86.91348,27.82809],[86.91369,27.8289],[86.91519,27.82919],[86.91549,27.82903],[86.91527,27.82881],[86.91567,27.82881],[86.91576,27.82854],[86.91663,27.828],[86.91665,27.82776],[86.91566,27.82731],[86.91539,27.82688],[86.91503,27.82697],[86.91572,27.82623],[86.91556,27.82603],[86.91464,27.82623],[86.91462,27.82663],[86.91348,27.82809]]]}},{"type":"Feature","properties":{"lake_id":"GL_27.88721_86.84472","l_km2":0.0538,"z":4672,"typ":"proglacial lake","d":279.0,"chg":9.7,"cls":"stable","glof":0,"prov":"Province 1","gnm":"Duwo Glacier","rgi":"RGI2000-v7.0-G-15-06793"},"geometry":{"type":"Polygon","coordinates":[[[86.84337,27.88662],[86.84343,27.88705],[86.84398,27.88748],[86.84406,27.88822],[86.845,27.88918],[86.84502,27.88951],[86.84609,27.88963],[86.84691,27.88947],[86.84644,27.889],[86.84485,27.88855],[86.84447,27.8881],[86.84445,27.88708],[86.84518,27.88577],[86.84512,27.88479],[86.84423,27.88515],[86.84337,27.88662]]]}},{"type":"Feature","properties":{"lake_id":"GL_27.82414_86.92716","l_km2":0.0778,"z":5227,"typ":"proglacial lake","d":353.0,"chg":83.5,"cls":"expanding","glof":0,"prov":"Province 1","gnm":"","rgi":"RGI2000-v7.0-G-15-06800"},"geometry":{"type":"Polygon","coordinates":[[[86.92443,27.82447],[86.9249,27.82488],[86.92593,27.82504],[86.92651,27.8241],[86.92651,27.8236],[86.9274,27.82327],[86.92762,27.82353],[86.92656,27.82414],[86.92647,27.82483],[86.92746,27.82501],[86.92778,27.82477],[86.92762,27.82519],[86.92776,27.82535],[86.92825,27.82477],[86.9298,27.82447],[86.93034,27.82387],[86.92799,27.82322],[86.92709,27.8232],[86.92488,27.82351],[86.92456,27.82369],[86.92443,27.82447]]]}},{"type":"Feature","properties":{"lake_id":"GL_30.28862_81.49911","l_km2":0.0451,"z":5035,"typ":"proglacial lake","d":2279.0,"chg":1.9,"cls":"stable","glof":0,"prov":"Province 1","gnm":"","rgi":"RGI2000-v7.0-G-15-02810"},"geometry":{"type":"Polygon","coordinates":[[[81.49795,30.28672],[81.49825,30.28713],[81.49829,30.28809],[81.49871,30.28854],[81.49837,30.29004],[81.49938,30.29018],[81.50006,30.28946],[81.50025,30.28889],[81.49977,30.28816],[81.49975,30.28771],[81.49895,30.2874],[81.49826,30.28652],[81.49795,30.28672]]]}},{"type":"Feature","properties":{"lake_id":"GL_30.05497_80.9836","l_km2":0.0224,"z":4124,"typ":"unmatched","d":0.0,"chg":141.1,"cls":"not assessed","glof":0,"prov":"Province 1","gnm":"","rgi":"RGI2000-v7.0-G-15-02202"},"geometry":{"type":"Polygon","coordinates":[[[80.98259,30.05476],[80.98311,30.05554],[80.98432,30.05565],[80.98473,30.05526],[80.98461,30.05489],[80.98349,30.05421],[80.98292,30.05428],[80.98259,30.05476]]]}},{"type":"Feature","properties":{"lake_id":"GL_27.91184_87.84966","l_km2":0.0186,"z":5449,"typ":"unmatched","d":174.0,"chg":1.5,"cls":"stable","glof":0,"prov":"Province 1","gnm":"","rgi":"RGI2000-v7.0-G-15-07946"},"geometry":{"type":"Polygon","coordinates":[[[87.84899,27.91235],[87.8492,27.91265],[87.84973,27.91283],[87.85017,27.91261],[87.84996,27.91165],[87.85024,27.91089],[87.85006,27.91071],[87.84934,27.91088],[87.84959,27.91122],[87.84899,27.91235]]]}},{"type":"Feature","properties":{"lake_id":"GL_27.87263_88.05491","l_km2":0.0062,"z":5648,"typ":"unmatched","d":0.0,"chg":0.4,"cls":"not assessed","glof":0,"prov":"Province 1","gnm":"","rgi":"RGI2000-v7.0-G-15-08045"},"geometry":{"type":"Polygon","coordinates":[[[88.05428,27.87294],[88.05455,27.87314],[88.05519,27.87281],[88.05549,27.87221],[88.05478,27.87229],[88.0547,27.87274],[88.05428,27.87294]]]}},{"type":"Feature","properties":{"lake_id":"GL_28.22023_85.56209","l_km2":0.0665,"z":3983,"typ":"proglacial lake","d":39.0,"chg":2.5,"cls":"stable","glof":0,"prov":"Province 1","gnm":"","rgi":"RGI2000-v7.0-G-15-05739"},"geometry":{"type":"Polygon","coordinates":[[[85.56124,28.21906],[85.56149,28.22107],[85.56212,28.22301],[85.56229,28.2226],[85.56274,28.22251],[85.56278,28.22094],[85.56316,28.22022],[85.56177,28.21734],[85.56137,28.21786],[85.56124,28.21906]]]}},{"type":"Feature","properties":{"lake_id":"GL_27.8026_86.98475","l_km2":0.0092,"z":5572,"typ":"unmatched","d":362.0,"chg":-5.1,"cls":"not assessed","glof":0,"prov":"Bagmati","gnm":"East Hungu","rgi":"RGI2000-v7.0-G-15-07201"},"geometry":{"type":"Polygon","coordinates":[[[86.98402,27.80229],[86.98438,27.80282],[86.9853,27.80303],[86.98538,27.80246],[86.98455,27.80219],[86.98402,27.80229]]]}},{"type":"Feature","properties":{"lake_id":"GL_27.82065_86.96006","l_km2":0.041,"z":5443,"typ":"proglacial lake","d":20.0,"chg":-2.4,"cls":"stable","glof":0,"prov":"Province 1","gnm":"","rgi":"RGI2000-v7.0-G-15-07205"},"geometry":{"type":"Polygon","coordinates":[[[86.95825,27.81981],[86.95874,27.82074],[86.96138,27.82154],[86.96172,27.82195],[86.96212,27.82183],[86.96223,27.8215],[86.96158,27.8208],[86.96095,27.82083],[86.96087,27.82058],[86.95874,27.81935],[86.95825,27.81981]]]}},{"type":"Feature","properties":{"lake_id":"GL_27.93752_87.83629","l_km2":0.0236,"z":5368,"typ":"proglacial lake","d":24.0,"chg":-1.4,"cls":"stable","glof":0,"prov":"Bagmati","gnm":"","rgi":"RGI2000-v7.0-G-15-07944"},"geometry":{"type":"Polygon","coordinates":[[[87.83535,27.93763],[87.83612,27.93849],[87.83669,27.9382],[87.83717,27.93733],[87.83659,27.93645],[87.83637,27.93647],[87.83535,27.93763]]]}},{"type":"Feature","properties":{"lake_id":"GL_27.9935_86.83817","l_km2":0.0198,"z":5296,"typ":"proglacial lake","d":300.0,"chg":0.9,"cls":"stable","glof":0,"prov":"Province 1","gnm":"Khumbu Glacier","rgi":"RGI2000-v7.0-G-15-08331"},"geometry":{"type":"Polygon","coordinates":[[[86.83732,27.99342],[86.8375,27.99391],[86.83797,27.99405],[86.83805,27.99459],[86.83893,27.99367],[86.83875,27.99268],[86.83783,27.99284],[86.83732,27.99342]]]}},{"type":"Feature","properties":{"lake_id":"GL_27.94139_86.80155","l_km2":0.0042,"z":4875,"typ":"unmatched","d":850.0,"chg":-6.6,"cls":"not assessed","glof":0,"prov":"Province 1","gnm":"Khumbu Glacier","rgi":"RGI2000-v7.0-G-15-08331"},"geometry":{"type":"Polygon","coordinates":[[[86.80123,27.94128],[86.80131,27.94172],[86.80178,27.94166],[86.80186,27.94128],[86.80162,27.94092],[86.80123,27.94128]]]}},{"type":"Feature","properties":{"lake_id":"GL_28.01583_86.72432","l_km2":0.0103,"z":5093,"typ":"unmatched","d":609.0,"chg":3.8,"cls":"stable","glof":0,"prov":"Province 1","gnm":"Ngojumba","rgi":"RGI2000-v7.0-G-15-08305"},"geometry":{"type":"Polygon","coordinates":[[[86.72369,28.01599],[86.72423,28.01638],[86.72503,28.01581],[86.72473,28.01541],[86.72434,28.01534],[86.72377,28.01563],[86.72369,28.01599]]]}},{"type":"Feature","properties":{"lake_id":"GL_27.96052_86.83183","l_km2":0.0203,"z":5034,"typ":"ice-marginal lake","d":113.0,"chg":-2.7,"cls":"stable","glof":0,"prov":"Province 1","gnm":"Khumbu Glacier","rgi":"RGI2000-v7.0-G-15-08331"},"geometry":{"type":"Polygon","coordinates":[[[86.83068,27.96001],[86.83155,27.96133],[86.83306,27.96021],[86.83294,27.95996],[86.83243,27.96012],[86.83068,27.96001]]]}},{"type":"Feature","properties":{"lake_id":"GL_27.85961_88.05415","l_km2":0.0662,"z":5486,"typ":"proglacial lake","d":258.0,"chg":0.1,"cls":"stable","glof":0,"prov":"Province 1","gnm":"Lhonak","rgi":"RGI2000-v7.0-G-15-07902"},"geometry":{"type":"Polygon","coordinates":[[[88.05225,27.8603],[88.05245,27.86079],[88.05284,27.86096],[88.05327,27.86089],[88.05365,27.86051],[88.05491,27.86073],[88.05582,27.85957],[88.05563,27.85912],[88.05464,27.85819],[88.05373,27.85802],[88.05323,27.85849],[88.05349,27.85885],[88.05328,27.85988],[88.05243,27.86007],[88.05225,27.8603]]]}},{"type":"Feature","properties":{"lake_id":"GL_27.59275_88.02928","l_km2":0.0085,"z":4475,"typ":"unmatched","d":261.0,"chg":-3.8,"cls":"not assessed","glof":0,"prov":"Karnali","gnm":"Yalung","rgi":"RGI2000-v7.0-G-15-07868"},"geometry":{"type":"Polygon","coordinates":[[[88.0284,27.59267],[88.02905,27.5931],[88.0295,27.59314],[88.03015,27.59279],[88.02927,27.59243],[88.0284,27.59267]]]}},{"type":"Feature","properties":{"lake_id":"GL_27.90637_87.91935","l_km2":0.0262,"z":5453,"typ":"proglacial lake","d":117.0,"chg":0.6,"cls":"stable","glof":0,"prov":"Sudurpaschim","gnm":"","rgi":"RGI2000-v7.0-G-15-07939"},"geometry":{"type":"Polygon","coordinates":[[[87.91818,27.90598],[87.91916,27.90715],[87.91977,27.90711],[87.92042,27.90669],[87.92043,27.90621],[87.91998,27.9056],[87.91979,27.90624],[87.91928,27.90572],[87.91832,27.90572],[87.91818,27.90598]]]}},{"type":"Feature","properties":{"lake_id":"GL_27.87782_87.80637","l_km2":0.0062,"z":4721,"typ":"unmatched","d":291.0,"chg":9.8,"cls":"not assessed","glof":0,"prov":"Province 1","gnm":"","rgi":"RGI2000-v7.0-G-15-07499"},"geometry":{"type":"Polygon","coordinates":[[[87.80579,27.8776],[87.80624,27.87819],[87.80683,27.87801],[87.80672,27.87754],[87.80579,27.8776]]]}},{"type":"Feature","properties":{"lake_id":"GL_27.7828_87.9362","l_km2":0.0074,"z":4832,"typ":"unmatched","d":568.0,"chg":10.6,"cls":"not assessed","glof":1,"prov":"Province 1","gnm":"","rgi":"RGI2000-v7.0-G-15-08203"},"geometry":{"type":"Polygon","coordinates":[[[87.93588,27.78257],[87.9357,27.78335],[87.93645,27.78304],[87.93677,27.78244],[87.93636,27.78235],[87.93588,27.78257]]]}},{"type":"Feature","properties":{"lake_id":"GL_27.83892_88.03748","l_km2":0.0096,"z":5098,"typ":"supraglacial lake","d":0.0,"chg":-45.4,"cls":"shrinking","glof":0,"prov":"Bagmati","gnm":"Lhonak","rgi":"RGI2000-v7.0-G-15-07902"},"geometry":{"type":"Polygon","coordinates":[[[88.03693,27.83892],[88.03741,27.83976],[88.03777,27.83906],[88.03815,27.83896],[88.03784,27.83837],[88.03705,27.83856],[88.03693,27.83892]]]}},{"type":"Feature","properties":{"lake_id":"GL_30.24898_81.93845","l_km2":0.014,"z":5034,"typ":"proglacial lake","d":1394.0,"chg":6.0,"cls":"stable","glof":0,"prov":"Province 1","gnm":"","rgi":"RGI2000-v7.0-G-15-03099"},"geometry":{"type":"Polygon","coordinates":[[[81.93755,30.24883],[81.93768,30.24915],[81.93822,30.24944],[81.93942,30.24927],[81.93936,30.24887],[81.93802,30.24837],[81.93755,30.24883]]]}},{"type":"Feature","properties":{"lake_id":"GL_28.01756_85.86964","l_km2":0.0203,"z":4197,"typ":"unconnected glacial lake","d":3569.0,"chg":1.7,"cls":"stable","glof":0,"prov":"Province 1","gnm":"","rgi":"RGI2000-v7.0-G-15-06206"},"geometry":{"type":"Polygon","coordinates":[[[85.86891,28.01729],[85.86929,28.0177],[85.86911,28.01795],[85.86958,28.01891],[85.86985,28.01897],[85.8699,28.01803],[85.87027,28.01717],[85.87016,28.0166],[85.86961,28.0166],[85.86891,28.01729]]]}},{"type":"Feature","properties":{"lake_id":"GL_28.01981_85.86931","l_km2":0.0132,"z":4197,"typ":"unmatched","d":3499.0,"chg":-5.3,"cls":"stable","glof":0,"prov":"Province 1","gnm":"","rgi":"RGI2000-v7.0-G-15-06206"},"geometry":{"type":"Polygon","coordinates":[[[85.86839,28.02025],[85.86878,28.02044],[85.86963,28.02015],[85.87005,28.01922],[85.86942,28.01912],[85.86839,28.02025]]]}},{"type":"Feature","properties":{"lake_id":"GL_28.08866_85.45737","l_km2":0.0105,"z":4773,"typ":"unmatched","d":1804.0,"chg":15.9,"cls":"not assessed","glof":0,"prov":"Province 1","gnm":"","rgi":"RGI2000-v7.0-G-15-05927"},"geometry":{"type":"Polygon","coordinates":[[[85.45638,28.08863],[85.45768,28.08909],[85.45815,28.08877],[85.4582,28.08848],[85.45696,28.08831],[85.45638,28.08863]]]}},{"type":"Feature","properties":{"lake_id":"GL_27.85314_86.39833","l_km2":0.0111,"z":5058,"typ":"unmatched","d":235.0,"chg":4.4,"cls":"stable","glof":0,"prov":"Province 1","gnm":"","rgi":"RGI2000-v7.0-G-15-08822"},"geometry":{"type":"Polygon","coordinates":[[[86.39765,27.8528],[86.39764,27.85343],[86.39837,27.85358],[86.39896,27.85347],[86.39913,27.85309],[86.39844,27.85271],[86.39765,27.8528]]]}},{"type":"Feature","properties":{"lake_id":"GL_27.84492_86.46363","l_km2":0.1063,"z":4950,"typ":"proglacial lake","d":73.0,"chg":4.0,"cls":"stable","glof":0,"prov":"Province 1","gnm":"","rgi":"RGI2000-v7.0-G-15-08497"},"geometry":{"type":"Polygon","coordinates":[[[86.46034,27.84288],[86.46046,27.84326],[86.46159,27.84369],[86.46222,27.84433],[86.46276,27.84532],[86.464,27.84673],[86.46432,27.84685],[86.46473,27.84667],[86.46479,27.84715],[86.46542,27.84745],[86.46584,27.84726],[86.46591,27.84671],[86.46514,27.84465],[86.4616,27.84266],[86.46105,27.84261],[86.46099,27.84295],[86.4606,27.8427],[86.46034,27.84288]]]}},{"type":"Feature","properties":{"lake_id":"GL_27.91676_86.46565","l_km2":0.1678,"z":5246,"typ":"proglacial lake","d":225.0,"chg":0.4,"cls":"stable","glof":0,"prov":"Province 1","gnm":"","rgi":"RGI2000-v7.0-G-15-06432"},"geometry":{"type":"Polygon","coordinates":[[[86.46325,27.91588],[86.46351,27.917],[86.46422,27.918],[86.46616,27.91907],[86.46763,27.91875],[86.46798,27.91756],[86.46871,27.91722],[86.46833,27.9168],[86.46709,27.91622],[86.46632,27.91501],[86.46531,27.91441],[86.46466,27.91433],[86.46372,27.91489],[86.46325,27.91588]]]}},{"type":"Feature","properties":{"lake_id":"GL_27.93097_86.13115","l_km2":0.0267,"z":4926,"typ":"unconnected glacial lake","d":4017.0,"chg":null,"cls":"not assessed","glof":0,"prov":"Province 1","gnm":"","rgi":"RGI2000-v7.0-G-15-06314"},"geometry":{"type":"Polygon","coordinates":[[[86.13048,27.92976],[86.13072,27.93175],[86.13165,27.9321],[86.13212,27.9312],[86.13166,27.93053],[86.13107,27.9304],[86.13134,27.93002],[86.13096,27.9296],[86.13048,27.92976]]]}},{"type":"Feature","properties":{"lake_id":"GL_27.90466_86.58155","l_km2":0.023,"z":5034,"typ":"proglacial lake","d":407.0,"chg":3.6,"cls":"stable","glof":0,"prov":"Province 1","gnm":"","rgi":"RGI2000-v7.0-G-15-08537"},"geometry":{"type":"Polygon","coordinates":[[[86.58075,27.90439],[86.58085,27.90506],[86.58117,27.90546],[86.58171,27.90555],[86.58213,27.90534],[86.5823,27.90439],[86.58202,27.90373],[86.58155,27.90381],[86.5814,27.90407],[86.58106,27.9039],[86.58075,27.90439]]]}},{"type":"Feature","properties":{"lake_id":"GL_27.7842_86.41524","l_km2":0.0302,"z":5054,"typ":"proglacial lake","d":0.0,"chg":null,"cls":"not assessed","glof":0,"prov":"Province 1","gnm":"","rgi":"RGI2000-v7.0-G-15-08839"},"geometry":{"type":"Polygon","coordinates":[[[86.4137,27.78392],[86.41378,27.78437],[86.41416,27.78461],[86.41658,27.7848],[86.41692,27.78458],[86.4154,27.78338],[86.41516,27.78362],[86.4137,27.78392]]]}},{"type":"Feature","properties":{"lake_id":"GL_27.794_86.42471","l_km2":0.0336,"z":5000,"typ":"supraglacial lake","d":0.0,"chg":12.8,"cls":"stable","glof":0,"prov":"Province 1","gnm":"","rgi":"RGI2000-v7.0-G-15-08838"},"geometry":{"type":"Polygon","coordinates":[[[86.42319,27.79331],[86.42337,27.79411],[86.42408,27.7942],[86.42568,27.79491],[86.42647,27.79475],[86.42627,27.79433],[86.42548,27.79379],[86.424,27.79311],[86.42319,27.79331]]]}},{"type":"Feature","properties":{"lake_id":"GL_28.02115_86.54818","l_km2":0.0116,"z":5161,"typ":"unmatched","d":0.0,"chg":9.3,"cls":"stable","glof":0,"prov":"Province 1","gnm":"Bhote Kosi","rgi":"RGI2000-v7.0-G-15-08551"},"geometry":{"type":"Polygon","coordinates":[[[86.54738,28.0211],[86.54762,28.02144],[86.54815,28.02155],[86.54901,28.02145],[86.54913,28.02125],[86.54869,28.0209],[86.54783,28.0207],[86.54749,28.02077],[86.54738,28.0211]]]}},{"type":"Feature","properties":{"lake_id":"GL_27.79864_86.47921","l_km2":0.0674,"z":4965,"typ":"proglacial lake","d":375.0,"chg":28.5,"cls":"expanding","glof":0,"prov":"Province 1","gnm":"","rgi":"RGI2000-v7.0-G-15-08510"},"geometry":{"type":"Polygon","coordinates":[[[86.47772,27.79755],[86.47834,27.7996],[86.47882,27.79992],[86.47907,27.79983],[86.47933,27.80027],[86.48078,27.79926],[86.48086,27.79876],[86.47948,27.79731],[86.47815,27.7973],[86.47772,27.79755]]]}},{"type":"Feature","properties":{"lake_id":"GL_27.84541_86.43393","l_km2":0.084,"z":5116,"typ":"supraglacial lake","d":0.0,"chg":-1.3,"cls":"stable","glof":0,"prov":"Karnali","gnm":"","rgi":"RGI2000-v7.0-G-15-08503"},"geometry":{"type":"Polygon","coordinates":[[[86.43212,27.84462],[86.4322,27.84508],[86.43288,27.84594],[86.43392,27.84656],[86.43444,27.84732],[86.43519,27.84745],[86.43554,27.84578],[86.43476,27.84476],[86.4346,27.84404],[86.43344,27.84363],[86.43326,27.84394],[86.43241,27.84388],[86.43212,27.84462]]]}},{"type":"Feature","properties":{"lake_id":"GL_27.67974_86.54326","l_km2":0.0194,"z":4501,"typ":"unmatched","d":2582.0,"chg":4.6,"cls":"stable","glof":0,"prov":"Bagmati","gnm":"","rgi":"RGI2000-v7.0-G-15-08476"},"geometry":{"type":"Polygon","coordinates":[[[86.54237,27.68012],[86.54275,27.68048],[86.54352,27.68025],[86.54426,27.67955],[86.54428,27.67909],[86.5428,27.67931],[86.54239,27.67963],[86.54237,27.68012]]]}},{"type":"Feature","properties":{"lake_id":"GL_27.75056_86.52422","l_km2":0.045,"z":4105,"typ":"proglacial lake","d":1257.0,"chg":16.9,"cls":"expanding","glof":0,"prov":"Bagmati","gnm":"","rgi":"RGI2000-v7.0-G-15-08472"},"geometry":{"type":"Polygon","coordinates":[[[86.52284,27.74982],[86.52314,27.75036],[86.52309,27.75106],[86.52387,27.75145],[86.5238,27.75177],[86.52412,27.75231],[86.52396,27.75164],[86.52403,27.75147],[86.52435,27.75148],[86.52441,27.75094],[86.52486,27.75138],[86.52576,27.75105],[86.526,27.75118],[86.5257,27.75044],[86.52365,27.74937],[86.52284,27.74982]]]}},{"type":"Feature","properties":{"lake_id":"GL_27.69012_86.53292","l_km2":0.0026,"z":4502,"typ":"unmatched","d":1706.0,"chg":null,"cls":"not assessed","glof":0,"prov":"Bagmati","gnm":"","rgi":"RGI2000-v7.0-G-15-08476"},"geometry":{"type":"Polygon","coordinates":[[[86.53257,27.69011],[86.53302,27.69043],[86.53328,27.69024],[86.53294,27.68978],[86.53257,27.69011]]]}},{"type":"Feature","properties":{"lake_id":"GL_27.66643_86.52789","l_km2":0.0244,"z":4334,"typ":"unconnected glacial lake","d":4280.0,"chg":7.0,"cls":"stable","glof":0,"prov":"Bagmati","gnm":"","rgi":"RGI2000-v7.0-G-15-08476"},"geometry":{"type":"Polygon","coordinates":[[[86.52662,27.66735],[86.52689,27.66738],[86.52766,27.66721],[86.52837,27.66678],[86.52886,27.6663],[86.5289,27.6657],[86.52832,27.66547],[86.52767,27.66588],[86.52662,27.66735]]]}},{"type":"Feature","properties":{"lake_id":"GL_30.06734_82.12678","l_km2":0.6262,"z":4829,"typ":"proglacial lake","d":534.0,"chg":1.4,"cls":"expanding","glof":0,"prov":"Bagmati","gnm":"","rgi":"RGI2000-v7.0-G-15-02955"},"geometry":{"type":"Polygon","coordinates":[[[82.1219,30.07343],[82.12206,30.07519],[82.12283,30.07531],[82.12355,30.07482],[82.12381,30.07389],[82.12429,30.07369],[82.127,30.0699],[82.12738,30.06981],[82.13231,30.0659],[82.13208,30.06531],[82.12941,30.06275],[82.12904,30.06107],[82.12929,30.05938],[82.12897,30.05868],[82.12838,30.05938],[82.12798,30.06114],[82.12638,30.06408],[82.12369,30.06709],[82.12365,30.06866],[82.12336,30.06902],[82.12305,30.07129],[82.1219,30.07343]]]}},{"type":"Feature","properties":{"lake_id":"GL_30.29815_81.98464","l_km2":0.0106,"z":5334,"typ":"unconnected glacial lake","d":1521.0,"chg":6.1,"cls":"not assessed","glof":0,"prov":"Bagmati","gnm":"","rgi":"RGI2000-v7.0-G-15-03078"},"geometry":{"type":"Polygon","coordinates":[[[81.98427,30.29777],[81.98415,30.29853],[81.98465,30.29873],[81.98502,30.29856],[81.98518,30.29795],[81.9847,30.29754],[81.98427,30.29777]]]}},{"type":"Feature","properties":{"lake_id":"GL_30.34646_82.08279","l_km2":0.0491,"z":5373,"typ":"proglacial lake","d":1504.0,"chg":-2.2,"cls":"stable","glof":0,"prov":"Bagmati","gnm":"","rgi":"RGI2000-v7.0-G-15-03070"},"geometry":{"type":"Polygon","coordinates":[[[82.08117,30.34548],[82.08171,30.346],[82.08164,30.3466],[82.08237,30.34733],[82.08381,30.34799],[82.08358,30.34756],[82.08368,30.34721],[82.08449,30.34676],[82.08401,30.34622],[82.08243,30.34524],[82.08146,30.34521],[82.08117,30.34548]]]}},{"type":"Feature","properties":{"lake_id":"GL_30.2633_82.09831","l_km2":0.0402,"z":5327,"typ":"proglacial lake","d":455.0,"chg":-3.0,"cls":"stable","glof":0,"prov":"Province 1","gnm":"","rgi":"RGI2000-v7.0-G-15-03062"},"geometry":{"type":"Polygon","coordinates":[[[82.09597,30.2635],[82.09688,30.26418],[82.09761,30.26381],[82.09782,30.26403],[82.09925,30.26391],[82.09991,30.26341],[82.09964,30.26334],[82.09971,30.26213],[82.09867,30.26216],[82.09891,30.26263],[82.09835,30.26297],[82.09597,30.2635]]]}},{"type":"Feature","properties":{"lake_id":"GL_29.85579_81.64243","l_km2":0.0104,"z":4139,"typ":"unmatched","d":3641.0,"chg":18.6,"cls":"not assessed","glof":0,"prov":"Bagmati","gnm":"","rgi":"RGI2000-v7.0-G-15-02472"},"geometry":{"type":"Polygon","coordinates":[[[81.64189,29.85629],[81.64207,29.85659],[81.64214,29.85634],[81.64281,29.85607],[81.64291,29.85526],[81.64243,29.85515],[81.64201,29.85553],[81.64189,29.85629]]]}},{"type":"Feature","properties":{"lake_id":"GL_29.74113_81.56915","l_km2":0.0546,"z":4949,"typ":"unconnected glacial lake","d":9.0,"chg":null,"cls":"not assessed","glof":0,"prov":"Bagmati","gnm":"","rgi":"RGI2000-v7.0-G-15-02416"},"geometry":{"type":"Polygon","coordinates":[[[81.56651,29.74043],[81.56671,29.74099],[81.56806,29.74099],[81.56907,29.74156],[81.56928,29.74199],[81.57003,29.74231],[81.57108,29.74205],[81.57158,29.74167],[81.57072,29.74088],[81.56903,29.74069],[81.56768,29.74014],[81.56784,29.73967],[81.56651,29.74043]]]}},{"type":"Feature","properties":{"lake_id":"GL_30.35397_82.08715","l_km2":0.0479,"z":5343,"typ":"proglacial lake","d":2376.0,"chg":null,"cls":"not assessed","glof":0,"prov":"Province 1","gnm":"","rgi":"RGI2000-v7.0-G-15-03070"},"geometry":{"type":"Polygon","coordinates":[[[82.08595,30.35338],[82.0861,30.35479],[82.08662,30.35522],[82.08748,30.35505],[82.08865,30.35385],[82.08818,30.35317],[82.08747,30.35295],[82.08664,30.35286],[82.08595,30.35338]]]}},{"type":"Feature","properties":{"lake_id":"GL_29.85135_81.62207","l_km2":0.0144,"z":4517,"typ":"unconnected glacial lake","d":1692.0,"chg":17.4,"cls":"stable","glof":0,"prov":"Bagmati","gnm":"","rgi":"RGI2000-v7.0-G-15-02472"},"geometry":{"type":"Polygon","coordinates":[[[81.62174,29.85034],[81.62161,29.85176],[81.62225,29.85216],[81.62274,29.85136],[81.62174,29.85034]]]}},{"type":"Feature","properties":{"lake_id":"GL_29.64825_81.55502","l_km2":0.116,"z":4556,"typ":"proglacial lake","d":1561.0,"chg":3.5,"cls":"stable","glof":0,"prov":"Bagmati","gnm":"","rgi":"RGI2000-v7.0-G-15-02404"},"geometry":{"type":"Polygon","coordinates":[[[81.55307,29.64849],[81.55316,29.64916],[81.55374,29.65015],[81.55501,29.65041],[81.55606,29.64991],[81.55607,29.64907],[81.55664,29.64754],[81.55664,29.64631],[81.55636,29.64555],[81.55593,29.64617],[81.55531,29.64599],[81.55484,29.64623],[81.55449,29.64697],[81.55307,29.64849]]]}},{"type":"Feature","properties":{"lake_id":"GL_29.75356_81.57048","l_km2":0.0122,"z":5053,"typ":"unmatched","d":430.0,"chg":null,"cls":"not assessed","glof":0,"prov":"Province 1","gnm":"","rgi":"RGI2000-v7.0-G-15-02419"},"geometry":{"type":"Polygon","coordinates":[[[81.56957,29.75289],[81.57043,29.75406],[81.57099,29.75417],[81.57165,29.75384],[81.57098,29.75352],[81.57065,29.75366],[81.57067,29.75327],[81.5702,29.75339],[81.56984,29.75262],[81.56957,29.75289]]]}},{"type":"Feature","properties":{"lake_id":"GL_29.85477_81.62332","l_km2":0.0098,"z":4473,"typ":"unmatched","d":1782.0,"chg":9.8,"cls":"not assessed","glof":0,"prov":"Bagmati","gnm":"","rgi":"RGI2000-v7.0-G-15-02472"},"geometry":{"type":"Polygon","coordinates":[[[81.62272,29.85443],[81.62291,29.85502],[81.6238,29.85531],[81.62365,29.85439],[81.62305,29.85427],[81.62272,29.85443]]]}},{"type":"Feature","properties":{"lake_id":"GL_29.60967_81.54331","l_km2":0.1263,"z":4460,"typ":"unconnected glacial lake","d":5570.0,"chg":0.6,"cls":"stable","glof":0,"prov":"Bagmati","gnm":"","rgi":"RGI2000-v7.0-G-15-02404"},"geometry":{"type":"Polygon","coordinates":[[[81.54113,29.60946],[81.5419,29.61078],[81.54246,29.61113],[81.54401,29.6116],[81.54543,29.61127],[81.54483,29.61021],[81.54524,29.60901],[81.54511,29.60825],[81.54486,29.60811],[81.54442,29.60829],[81.54306,29.60788],[81.54211,29.60796],[81.54133,29.60863],[81.54113,29.60946]]]}},{"type":"Feature","properties":{"lake_id":"GL_29.70148_81.52876","l_km2":0.0142,"z":4917,"typ":"unmatched","d":216.0,"chg":-3.6,"cls":"stable","glof":0,"prov":"Bagmati","gnm":"","rgi":"RGI2000-v7.0-G-15-02378"},"geometry":{"type":"Polygon","coordinates":[[[81.52752,29.70166],[81.52895,29.702],[81.52946,29.70178],[81.52971,29.70127],[81.52948,29.70102],[81.52892,29.70093],[81.52752,29.70166]]]}},{"type":"Feature","properties":{"lake_id":"GL_29.62062_81.54702","l_km2":0.0468,"z":4407,"typ":"unconnected glacial lake","d":4433.0,"chg":1.1,"cls":"stable","glof":0,"prov":"Karnali","gnm":"","rgi":"RGI2000-v7.0-G-15-02404"},"geometry":{"type":"Polygon","coordinates":[[[81.54587,29.62031],[81.54598,29.62094],[81.54688,29.62188],[81.54743,29.62184],[81.54858,29.62113],[81.54823,29.62046],[81.54672,29.61924],[81.5461,29.61942],[81.54587,29.62031]]]}},{"type":"Feature","properties":{"lake_id":"GL_29.75486_81.57278","l_km2":0.0054,"z":5050,"typ":"unmatched","d":400.0,"chg":null,"cls":"not assessed","glof":0,"prov":"Karnali","gnm":"","rgi":"RGI2000-v7.0-G-15-02419"},"geometry":{"type":"Polygon","coordinates":[[[81.57233,29.75452],[81.57261,29.75537],[81.57308,29.75518],[81.57316,29.75464],[81.57233,29.75452]]]}},{"type":"Feature","properties":{"lake_id":"GL_29.64006_81.55033","l_km2":0.0209,"z":4473,"typ":"unmatched","d":2405.0,"chg":6.0,"cls":"stable","glof":0,"prov":"Karnali","gnm":"","rgi":"RGI2000-v7.0-G-15-02404"},"geometry":{"type":"Polygon","coordinates":[[[81.54927,29.63993],[81.54935,29.64026],[81.55026,29.64068],[81.55134,29.6405],[81.55148,29.64023],[81.55125,29.63981],[81.54988,29.6393],[81.54927,29.63993]]]}},{"type":"Feature","properties":{"lake_id":"GL_30.11944_81.87192","l_km2":0.0093,"z":5095,"typ":"unmatched","d":58.0,"chg":5.7,"cls":"not assessed","glof":0,"prov":"Karnali","gnm":"","rgi":"RGI2000-v7.0-G-15-02868"},"geometry":{"type":"Polygon","coordinates":[[[81.8713,30.11956],[81.87149,30.1199],[81.87226,30.11992],[81.8724,30.11928],[81.87213,30.11861],[81.8713,30.11956]]]}},{"type":"Feature","properties":{"lake_id":"GL_30.20348_82.10418","l_km2":0.0507,"z":5357,"typ":"proglacial lake","d":856.0,"chg":5.5,"cls":"stable","glof":0,"prov":"Sudurpaschim","gnm":"","rgi":"RGI2000-v7.0-G-15-03057"},"geometry":{"type":"Polygon","coordinates":[[[82.10262,30.20396],[82.10279,30.20445],[82.10362,30.20475],[82.10432,30.20416],[82.10561,30.20372],[82.1056,30.20273],[82.10505,30.20223],[82.10441,30.2022],[82.10364,30.20301],[82.103,30.20316],[82.10262,30.20396]]]}},{"type":"Feature","properties":{"lake_id":"GL_29.77251_81.58237","l_km2":0.0283,"z":4871,"typ":"proglacial lake","d":330.0,"chg":5.4,"cls":"stable","glof":0,"prov":"Sudurpaschim","gnm":"","rgi":"RGI2000-v7.0-G-15-02422"},"geometry":{"type":"Polygon","coordinates":[[[81.58126,29.77206],[81.58183,29.7734],[81.58351,29.77283],[81.58353,29.77247],[81.58307,29.77187],[81.58193,29.77179],[81.58126,29.77206]]]}},{"type":"Feature","properties":{"lake_id":"GL_30.09836_81.8254","l_km2":0.0285,"z":4764,"typ":"proglacial lake","d":245.0,"chg":2.3,"cls":"stable","glof":0,"prov":"Karnali","gnm":"","rgi":"RGI2000-v7.0-G-15-02862"},"geometry":{"type":"Polygon","coordinates":[[[81.82425,30.09835],[81.82442,30.09869],[81.82519,30.09865],[81.8253,30.09952],[81.82606,30.09926],[81.82604,30.09865],[81.8266,30.09825],[81.82538,30.09737],[81.82458,30.09775],[81.82425,30.09835]]]}},{"type":"Feature","properties":{"lake_id":"GL_29.89872_81.98718","l_km2":0.0387,"z":4397,"typ":"unconnected glacial lake","d":6101.0,"chg":15.9,"cls":"stable","glof":0,"prov":"Sudurpaschim","gnm":"","rgi":"RGI2000-v7.0-G-15-02940"},"geometry":{"type":"Polygon","coordinates":[[[81.98612,29.89907],[81.98663,29.89991],[81.98826,29.89911],[81.9884,29.89858],[81.98758,29.89769],[81.98708,29.89763],[81.98622,29.89824],[81.98612,29.89907]]]}},{"type":"Feature","properties":{"lake_id":"GL_30.26253_82.00153","l_km2":0.0168,"z":5227,"typ":"unmatched","d":5114.0,"chg":11.1,"cls":"stable","glof":0,"prov":"Sudurpaschim","gnm":"","rgi":"RGI2000-v7.0-G-15-03077"},"geometry":{"type":"Polygon","coordinates":[[[82.00019,30.26237],[82.0003,30.26279],[82.00074,30.26266],[82.00143,30.26305],[82.00275,30.26266],[82.00236,30.26248],[82.00239,30.26189],[82.00198,30.26216],[82.0015,30.26222],[82.00131,30.26198],[82.00071,30.26213],[82.00059,30.26242],[82.00019,30.26237]]]}},{"type":"Feature","properties":{"lake_id":"GL_29.70212_82.2451","l_km2":0.134,"z":4673,"typ":"proglacial lake","d":741.0,"chg":4.9,"cls":"expanding","glof":0,"prov":"Sudurpaschim","gnm":"","rgi":"RGI2000-v7.0-G-15-03246"},"geometry":{"type":"Polygon","coordinates":[[[82.24237,29.70258],[82.24316,29.70301],[82.24345,29.70357],[82.24451,29.7037],[82.24601,29.70318],[82.24726,29.70357],[82.24778,29.70281],[82.24685,29.70092],[82.24626,29.70085],[82.24548,29.70039],[82.24487,29.70067],[82.24358,29.70046],[82.24297,29.70139],[82.2431,29.70195],[82.24237,29.70258]]]}},{"type":"Feature","properties":{"lake_id":"GL_29.79275_82.36439","l_km2":0.0095,"z":5064,"typ":"unmatched","d":264.0,"chg":1.9,"cls":"not assessed","glof":0,"prov":"Sudurpaschim","gnm":"","rgi":"RGI2000-v7.0-G-15-03307"},"geometry":{"type":"Polygon","coordinates":[[[82.36372,29.79277],[82.36401,29.79331],[82.36445,29.79325],[82.36505,29.79221],[82.36484,29.79212],[82.36372,29.79277]]]}},{"type":"Feature","properties":{"lake_id":"GL_29.70372_82.33752","l_km2":0.1121,"z":4550,"typ":"proglacial lake","d":1003.0,"chg":3.4,"cls":"stable","glof":0,"prov":"Sudurpaschim","gnm":"","rgi":"RGI2000-v7.0-G-15-03272"},"geometry":{"type":"Polygon","coordinates":[[[82.33454,29.70201],[82.33484,29.70299],[82.33568,29.7039],[82.33698,29.7039],[82.33739,29.70366],[82.33694,29.70396],[82.33695,29.70446],[82.338,29.70555],[82.33855,29.7056],[82.33981,29.70521],[82.34004,29.70391],[82.33956,29.70321],[82.33765,29.70287],[82.3373,29.70309],[82.33727,29.70363],[82.3369,29.70266],[82.33611,29.70189],[82.33513,29.70179],[82.33454,29.70201]]]}},{"type":"Feature","properties":{"lake_id":"GL_29.66122_82.27507","l_km2":0.0065,"z":4571,"typ":"unmatched","d":3351.0,"chg":-1.9,"cls":"not assessed","glof":0,"prov":"Sudurpaschim","gnm":"","rgi":"RGI2000-v7.0-G-15-03263"},"geometry":{"type":"Polygon","coordinates":[[[82.27461,29.66148],[82.27501,29.66163],[82.2754,29.6615],[82.27541,29.66085],[82.27477,29.66088],[82.27461,29.66148]]]}},{"type":"Feature","properties":{"lake_id":"GL_29.74245_82.22824","l_km2":0.0068,"z":4624,"typ":"unmatched","d":616.0,"chg":-5.1,"cls":"not assessed","glof":0,"prov":"Sudurpaschim","gnm":"","rgi":"RGI2000-v7.0-G-15-03238"},"geometry":{"type":"Polygon","coordinates":[[[82.22766,29.74239],[82.2278,29.74265],[82.22839,29.74282],[82.22886,29.74231],[82.22844,29.74211],[82.22807,29.74224],[82.22786,29.74201],[82.22766,29.74239]]]}},{"type":"Feature","properties":{"lake_id":"GL_30.32557_81.81709","l_km2":0.0345,"z":5524,"typ":"proglacial lake","d":17.0,"chg":0.3,"cls":"stable","glof":0,"prov":"Sudurpaschim","gnm":"","rgi":"RGI2000-v7.0-G-15-03153"},"geometry":{"type":"Polygon","coordinates":[[[81.81547,30.32491],[81.8155,30.3255],[81.81622,30.32551],[81.81679,30.32625],[81.81733,30.32644],[81.8181,30.32632],[81.8187,30.32568],[81.81822,30.32525],[81.81653,30.32481],[81.81547,30.32491]]]}},{"type":"Feature","properties":{"lake_id":"GL_30.28889_81.83779","l_km2":0.021,"z":5479,"typ":"proglacial lake","d":224.0,"chg":0.4,"cls":"stable","glof":0,"prov":"Sudurpaschim","gnm":"","rgi":"RGI2000-v7.0-G-15-03146"},"geometry":{"type":"Polygon","coordinates":[[[81.83665,30.28844],[81.83699,30.28913],[81.83828,30.28966],[81.83857,30.28951],[81.83871,30.28861],[81.83852,30.28841],[81.83665,30.28844]]]}},{"type":"Feature","properties":{"lake_id":"GL_30.2865_81.82123","l_km2":0.0166,"z":5636,"typ":"unmatched","d":0.0,"chg":-2.0,"cls":"stable","glof":0,"prov":"Karnali","gnm":"","rgi":"RGI2000-v7.0-G-15-03144"},"geometry":{"type":"Polygon","coordinates":[[[81.82062,30.28625],[81.82085,30.28692],[81.82138,30.28742],[81.82183,30.28745],[81.82177,30.28666],[81.82113,30.28536],[81.8208,30.28556],[81.82062,30.28625]]]}},{"type":"Feature","properties":{"lake_id":"GL_30.02266_82.12155","l_km2":0.0067,"z":5017,"typ":"proglacial lake","d":380.0,"chg":-52.5,"cls":"shrinking","glof":0,"prov":"Karnali","gnm":"","rgi":"RGI2000-v7.0-G-15-03037"},"geometry":{"type":"Polygon","coordinates":[[[82.12112,30.02273],[82.12127,30.0232],[82.12162,30.02329],[82.12197,30.02253],[82.12161,30.02194],[82.12112,30.02273]]]}},{"type":"Feature","properties":{"lake_id":"GL_30.28915_81.80976","l_km2":0.1008,"z":5322,"typ":"proglacial lake","d":0.0,"chg":31.1,"cls":"expanding","glof":0,"prov":"Sudurpaschim","gnm":"","rgi":"RGI2000-v7.0-G-15-03143"},"geometry":{"type":"Polygon","coordinates":[[[81.8083,30.29023],[81.8085,30.29136],[81.80914,30.29183],[81.80958,30.29121],[81.81011,30.29114],[81.81052,30.28942],[81.81073,30.28929],[81.81102,30.28956],[81.81143,30.28862],[81.81146,30.28808],[81.81092,30.28754],[81.81104,30.28714],[81.81069,30.28687],[81.80869,30.28743],[81.80899,30.28863],[81.8083,30.29023]]]}},{"type":"Feature","properties":{"lake_id":"GL_29.86658_82.44815","l_km2":0.0054,"z":5083,"typ":"unmatched","d":0.0,"chg":297.2,"cls":"not assessed","glof":0,"prov":"Karnali","gnm":"","rgi":"RGI2000-v7.0-G-15-03341"},"geometry":{"type":"Polygon","coordinates":[[[82.44778,29.86688],[82.44796,29.867],[82.44864,29.86679],[82.4483,29.8662],[82.44787,29.86624],[82.44778,29.86688]]]}},{"type":"Feature","properties":{"lake_id":"GL_29.92836_82.25854","l_km2":0.009,"z":4877,"typ":"unmatched","d":1823.0,"chg":6.6,"cls":"not assessed","glof":0,"prov":"Karnali","gnm":"","rgi":"RGI2000-v7.0-G-15-03021"},"geometry":{"type":"Polygon","coordinates":[[[82.25765,29.92818],[82.25874,29.92888],[82.2593,29.92865],[82.25854,29.92794],[82.25784,29.92796],[82.25765,29.92818]]]}},{"type":"Feature","properties":{"lake_id":"GL_30.1188_81.87536","l_km2":0.0569,"z":5034,"typ":"unconnected glacial lake","d":145.0,"chg":4.8,"cls":"stable","glof":0,"prov":"Karnali","gnm":"","rgi":"RGI2000-v7.0-G-15-02868"},"geometry":{"type":"Polygon","coordinates":[[[81.87399,30.11801],[81.87406,30.11904],[81.87471,30.12006],[81.87602,30.11985],[81.87697,30.11932],[81.87673,30.11824],[81.8763,30.11821],[81.87619,30.11787],[81.87517,30.11755],[81.87399,30.11801]]]}},{"type":"Feature","properties":{"lake_id":"GL_29.86725_82.44963","l_km2":0.0068,"z":5078,"typ":"unmatched","d":0.0,"chg":297.2,"cls":"not assessed","glof":0,"prov":"Karnali","gnm":"","rgi":"RGI2000-v7.0-G-15-03341"},"geometry":{"type":"Polygon","coordinates":[[[82.44904,29.86704],[82.44951,29.86774],[82.44969,29.86745],[82.45041,29.86751],[82.4498,29.86696],[82.44904,29.86704]]]}},{"type":"Feature","properties":{"lake_id":"GL_30.06941_81.80097","l_km2":0.0061,"z":4306,"typ":"unmatched","d":2222.0,"chg":4.0,"cls":"not assessed","glof":0,"prov":"Karnali","gnm":"","rgi":"RGI2000-v7.0-G-15-02864"},"geometry":{"type":"Polygon","coordinates":[[[81.80044,30.06944],[81.80111,30.06978],[81.80146,30.06963],[81.80116,30.06897],[81.80052,30.06919],[81.80044,30.06944]]]}},{"type":"Feature","properties":{"lake_id":"GL_29.90346_81.97454","l_km2":0.0296,"z":4258,"typ":"unconnected glacial lake","d":6136.0,"chg":5.2,"cls":"stable","glof":0,"prov":"Karnali","gnm":"","rgi":"RGI2000-v7.0-G-15-02940"},"geometry":{"type":"Polygon","coordinates":[[[81.97342,29.90324],[81.97422,29.90421],[81.97483,29.90431],[81.97571,29.90393],[81.97546,29.90317],[81.97417,29.90259],[81.97355,29.90272],[81.97342,29.90324]]]}},{"type":"Feature","properties":{"lake_id":"GL_29.87501_82.45116","l_km2":0.0082,"z":5264,"typ":"unmatched","d":602.0,"chg":14.3,"cls":"not assessed","glof":1,"prov":"Karnali","gnm":"","rgi":"RGI2000-v7.0-G-15-03341"},"geometry":{"type":"Polygon","coordinates":[[[82.45013,29.87477],[82.45121,29.87535],[82.45199,29.87515],[82.4517,29.87483],[82.45013,29.87477]]]}},{"type":"Feature","properties":{"lake_id":"GL_30.02967_81.8556","l_km2":0.0127,"z":4388,"typ":"unmatched","d":2641.0,"chg":11.3,"cls":"stable","glof":0,"prov":"Karnali","gnm":"","rgi":"RGI2000-v7.0-G-15-02896"},"geometry":{"type":"Polygon","coordinates":[[[81.85488,30.02936],[81.85492,30.02974],[81.85538,30.03011],[81.85636,30.03005],[81.85629,30.0296],[81.85572,30.02921],[81.85512,30.0291],[81.85488,30.02936]]]}},{"type":"Feature","properties":{"lake_id":"GL_29.90215_81.97839","l_km2":0.0504,"z":4276,"typ":"unconnected glacial lake","d":5997.0,"chg":25.6,"cls":"expanding","glof":0,"prov":"Karnali","gnm":"","rgi":"RGI2000-v7.0-G-15-02940"},"geometry":{"type":"Polygon","coordinates":[[[81.97709,29.90114],[81.97718,29.90193],[81.97787,29.90204],[81.97769,29.90265],[81.97824,29.90369],[81.97896,29.9039],[81.97928,29.90241],[81.97961,29.90206],[81.97946,29.90155],[81.9781,29.90072],[81.97755,29.90077],[81.97709,29.90114]]]}},{"type":"Feature","properties":{"lake_id":"GL_30.16665_81.95094","l_km2":0.0266,"z":4925,"typ":"unmatched","d":815.0,"chg":-1.8,"cls":"stable","glof":0,"prov":"Karnali","gnm":"","rgi":"RGI2000-v7.0-G-15-03119"},"geometry":{"type":"Polygon","coordinates":[[[81.9502,30.16794],[81.95035,30.16821],[81.95149,30.16762],[81.95138,30.16737],[81.95082,30.1675],[81.95069,30.16727],[81.9517,30.16627],[81.95176,30.16562],[81.95155,30.16544],[81.95045,30.16563],[81.95059,30.16678],[81.9502,30.16794]]]}},{"type":"Feature","properties":{"lake_id":"GL_30.11177_81.81323","l_km2":0.0185,"z":4898,"typ":"proglacial lake","d":489.0,"chg":-0.2,"cls":"stable","glof":0,"prov":"Karnali","gnm":"","rgi":"RGI2000-v7.0-G-15-02858"},"geometry":{"type":"Polygon","coordinates":[[[81.81233,30.1122],[81.81246,30.11257],[81.81355,30.1123],[81.81398,30.11159],[81.81385,30.11069],[81.81271,30.11154],[81.81233,30.1122]]]}},{"type":"Feature","properties":{"lake_id":"GL_29.89119_82.03362","l_km2":0.0148,"z":4554,"typ":"unconnected glacial lake","d":3413.0,"chg":68.7,"cls":"expanding","glof":0,"prov":"Karnali","gnm":"","rgi":"RGI2000-v7.0-G-15-04456"},"geometry":{"type":"Polygon","coordinates":[[[82.03255,29.89153],[82.03305,29.8918],[82.034,29.89156],[82.03443,29.89085],[82.03432,29.89038],[82.03255,29.89153]]]}},{"type":"Feature","properties":{"lake_id":"GL_29.52407_82.4451","l_km2":0.0109,"z":4632,"typ":"unmatched","d":1179.0,"chg":-5.3,"cls":"stable","glof":0,"prov":"Karnali","gnm":"","rgi":"RGI2000-v7.0-G-15-03506"},"geometry":{"type":"Polygon","coordinates":[[[82.44442,29.52429],[82.44496,29.52466],[82.44514,29.5244],[82.44572,29.52431],[82.44582,29.524],[82.44509,29.5235],[82.44466,29.52373],[82.44442,29.52429]]]}},{"type":"Feature","properties":{"lake_id":"GL_29.66462_82.24428","l_km2":0.0215,"z":4709,"typ":"unconnected glacial lake","d":1505.0,"chg":0.7,"cls":"stable","glof":0,"prov":"Karnali","gnm":"","rgi":"RGI2000-v7.0-G-15-03259"},"geometry":{"type":"Polygon","coordinates":[[[82.24313,29.66407],[82.2431,29.66461],[82.24464,29.66539],[82.24501,29.66515],[82.24556,29.6652],[82.24556,29.66487],[82.24462,29.66405],[82.24313,29.66407]]]}},{"type":"Feature","properties":{"lake_id":"GL_29.4982_82.31325","l_km2":0.0176,"z":4533,"typ":"unmatched","d":8482.0,"chg":3.6,"cls":"stable","glof":0,"prov":"Karnali","gnm":"","rgi":"RGI2000-v7.0-G-15-03527"},"geometry":{"type":"Polygon","coordinates":[[[82.31244,29.49777],[82.31284,29.49881],[82.31324,29.49897],[82.31377,29.49875],[82.31401,29.49808],[82.31368,29.4976],[82.31244,29.49777]]]}},{"type":"Feature","properties":{"lake_id":"GL_29.69294_82.37623","l_km2":0.0194,"z":4775,"typ":"proglacial lake","d":427.0,"chg":4.5,"cls":"stable","glof":0,"prov":"Karnali","gnm":"","rgi":"RGI2000-v7.0-G-15-03278"},"geometry":{"type":"Polygon","coordinates":[[[82.37525,29.69319],[82.37552,29.69353],[82.37663,29.69357],[82.37712,29.69268],[82.37697,29.69228],[82.37616,29.69226],[82.37525,29.69319]]]}},{"type":"Feature","properties":{"lake_id":"GL_30.00999_82.30028","l_km2":0.0843,"z":5071,"typ":"proglacial lake","d":420.0,"chg":0.0,"cls":"stable","glof":0,"prov":"Karnali","gnm":"","rgi":"RGI2000-v7.0-G-15-03167"},"geometry":{"type":"Polygon","coordinates":[[[82.29845,30.00946],[82.29911,30.01092],[82.2998,30.01136],[82.30088,30.01153],[82.30145,30.01088],[82.30224,30.01064],[82.30181,30.00936],[82.30079,30.00894],[82.30022,30.00842],[82.29937,30.00854],[82.29845,30.00946]]]}},{"type":"Feature","properties":{"lake_id":"GL_29.87938_82.52323","l_km2":0.0098,"z":4926,"typ":"unmatched","d":4350.0,"chg":2.8,"cls":"not assessed","glof":0,"prov":"Karnali","gnm":"","rgi":"RGI2000-v7.0-G-15-03352"},"geometry":{"type":"Polygon","coordinates":[[[82.52267,29.8791],[82.52278,29.87953],[82.52321,29.87988],[82.52386,29.87988],[82.5237,29.8793],[82.52325,29.87909],[82.52299,29.87861],[82.52267,29.8791]]]}},{"type":"Feature","properties":{"lake_id":"GL_30.00274_82.29954","l_km2":0.0262,"z":4888,"typ":"unconnected glacial lake","d":947.0,"chg":0.6,"cls":"stable","glof":0,"prov":"Karnali","gnm":"","rgi":"RGI2000-v7.0-G-15-03168"},"geometry":{"type":"Polygon","coordinates":[[[82.29881,30.00219],[82.29902,30.00352],[82.30005,30.00382],[82.30025,30.00308],[82.29974,30.00164],[82.29934,30.00159],[82.29881,30.00219]]]}},{"type":"Feature","properties":{"lake_id":"GL_30.03452_82.16684","l_km2":0.0119,"z":5069,"typ":"proglacial lake","d":243.0,"chg":-1.2,"cls":"stable","glof":0,"prov":"Karnali","gnm":"","rgi":"RGI2000-v7.0-G-15-03036"},"geometry":{"type":"Polygon","coordinates":[[[82.16589,30.0348],[82.166,30.03496],[82.16728,30.03498],[82.16759,30.0345],[82.16696,30.03383],[82.16673,30.03384],[82.16647,30.03445],[82.16589,30.0348]]]}},{"type":"Feature","properties":{"lake_id":"GL_29.88943_82.50674","l_km2":0.0428,"z":4835,"typ":"unconnected glacial lake","d":3143.0,"chg":3.2,"cls":"stable","glof":0,"prov":"Karnali","gnm":"","rgi":"RGI2000-v7.0-G-15-03349"},"geometry":{"type":"Polygon","coordinates":[[[82.5053,29.88931],[82.50623,29.89028],[82.50701,29.89054],[82.50759,29.89024],[82.5081,29.8896],[82.50792,29.88883],[82.50724,29.88878],[82.50678,29.8885],[82.50581,29.88851],[82.5053,29.88931]]]}},{"type":"Feature","properties":{"lake_id":"GL_29.92923_82.23388","l_km2":0.1993,"z":4240,"typ":"proglacial lake","d":947.0,"chg":14.3,"cls":"expanding","glof":0,"prov":"Karnali","gnm":"","rgi":"RGI2000-v7.0-G-15-03017"},"geometry":{"type":"Polygon","coordinates":[[[82.23131,29.93404],[82.23136,29.9351],[82.23182,29.93506],[82.23274,29.93434],[82.2336,29.93323],[82.23289,29.93247],[82.23296,29.93182],[82.23425,29.9304],[82.23553,29.92982],[82.23536,29.92812],[82.23589,29.9277],[82.23629,29.92613],[82.23536,29.92502],[82.23482,29.92493],[82.2328,29.92529],[82.23282,29.92583],[82.23366,29.92635],[82.23352,29.92888],[82.23324,29.92971],[82.23273,29.93004],[82.23257,29.93051],[82.23173,29.93131],[82.23221,29.93297],[82.23131,29.93404]]]}},{"type":"Feature","properties":{"lake_id":"GL_29.47497_82.34956","l_km2":0.0097,"z":4371,"typ":"unconnected glacial lake","d":4126.0,"chg":12.8,"cls":"not assessed","glof":0,"prov":"Karnali","gnm":"","rgi":"RGI2000-v7.0-G-15-03527"},"geometry":{"type":"Polygon","coordinates":[[[82.34884,29.47517],[82.34901,29.47542],[82.34996,29.47525],[82.35028,29.47474],[82.34933,29.47461],[82.34884,29.47517]]]}},{"type":"Feature","properties":{"lake_id":"GL_29.43243_82.40193","l_km2":0.0349,"z":4526,"typ":"unconnected glacial lake","d":991.0,"chg":2.7,"cls":"stable","glof":0,"prov":"Karnali","gnm":"","rgi":"RGI2000-v7.0-G-15-03528"},"geometry":{"type":"Polygon","coordinates":[[[82.40056,29.43217],[82.40196,29.43349],[82.40239,29.4335],[82.40284,29.43296],[82.40313,29.43193],[82.40268,29.43172],[82.40113,29.43168],[82.40076,29.43181],[82.40056,29.43217]]]}},{"type":"Feature","properties":{"lake_id":"GL_29.38929_82.38316","l_km2":0.0104,"z":4299,"typ":"unmatched","d":5044.0,"chg":28.7,"cls":"not assessed","glof":0,"prov":"Karnali","gnm":"","rgi":"RGI2000-v7.0-G-15-03812"},"geometry":{"type":"Polygon","coordinates":[[[82.38258,29.3894],[82.38291,29.38989],[82.38345,29.3899],[82.38364,29.38882],[82.38314,29.38873],[82.38273,29.38893],[82.38258,29.3894]]]}},{"type":"Feature","properties":{"lake_id":"GL_29.84276_82.4759","l_km2":0.0564,"z":4915,"typ":"unconnected glacial lake","d":2266.0,"chg":0.7,"cls":"stable","glof":0,"prov":"Karnali","gnm":"","rgi":"RGI2000-v7.0-G-15-03340"},"geometry":{"type":"Polygon","coordinates":[[[82.47465,29.84277],[82.4748,29.84339],[82.47576,29.84404],[82.47671,29.84394],[82.47725,29.84365],[82.47704,29.8424],[82.47595,29.84135],[82.47496,29.84147],[82.47465,29.84277]]]}},{"type":"Feature","properties":{"lake_id":"GL_29.49124_82.38947","l_km2":0.0561,"z":4760,"typ":"unconnected glacial lake","d":3786.0,"chg":0.4,"cls":"stable","glof":0,"prov":"Karnali","gnm":"","rgi":"RGI2000-v7.0-G-15-03524"},"geometry":{"type":"Polygon","coordinates":[[[82.38831,29.49094],[82.38849,29.49214],[82.38936,29.49262],[82.39002,29.49249],[82.39077,29.49113],[82.39072,29.49066],[82.39032,29.49023],[82.38947,29.48988],[82.38848,29.49023],[82.38831,29.49094]]]}},{"type":"Feature","properties":{"lake_id":"GL_29.5133_82.31155","l_km2":0.023,"z":4483,"typ":"unmatched","d":9665.0,"chg":3.1,"cls":"stable","glof":0,"prov":"Karnali","gnm":"","rgi":"RGI2000-v7.0-G-15-03527"},"geometry":{"type":"Polygon","coordinates":[[[82.31093,29.51327],[82.31123,29.51432],[82.31189,29.51453],[82.31204,29.51293],[82.31144,29.51184],[82.3112,29.51197],[82.31093,29.51327]]]}},{"type":"Feature","properties":{"lake_id":"GL_29.97106_82.24929","l_km2":0.1615,"z":4845,"typ":"proglacial lake","d":363.0,"chg":0.4,"cls":"stable","glof":0,"prov":"Karnali","gnm":"","rgi":"RGI2000-v7.0-G-15-03027"},"geometry":{"type":"Polygon","coordinates":[[[82.24629,29.97216],[82.24636,29.97299],[82.24676,29.97326],[82.24825,29.97317],[82.24951,29.97278],[82.25039,29.97211],[82.25172,29.97032],[82.25248,29.97005],[82.25249,29.9694],[82.25222,29.96909],[82.25131,29.96892],[82.24961,29.96911],[82.24873,29.96992],[82.24762,29.97033],[82.24747,29.97081],[82.247,29.97102],[82.24696,29.97143],[82.24629,29.97216]]]}},{"type":"Feature","properties":{"lake_id":"GL_29.77605_82.44924","l_km2":0.0751,"z":4934,"typ":"proglacial lake","d":564.0,"chg":2.0,"cls":"stable","glof":0,"prov":"Karnali","gnm":"","rgi":"RGI2000-v7.0-G-15-03331"},"geometry":{"type":"Polygon","coordinates":[[[82.44782,29.77523],[82.44795,29.77702],[82.44872,29.7776],[82.44977,29.77727],[82.4513,29.7759],[82.44901,29.77441],[82.44847,29.77459],[82.44782,29.77523]]]}},{"type":"Feature","properties":{"lake_id":"GL_29.71366_82.25035","l_km2":0.1179,"z":4646,"typ":"proglacial lake","d":613.0,"chg":4.3,"cls":"stable","glof":0,"prov":"Karnali","gnm":"","rgi":"RGI2000-v7.0-G-15-03247"},"geometry":{"type":"Polygon","coordinates":[[[82.24866,29.71128],[82.249,29.71225],[82.24885,29.71335],[82.24914,29.71492],[82.25062,29.71583],[82.25148,29.71544],[82.25233,29.71558],[82.25289,29.71434],[82.25154,29.71369],[82.25101,29.71261],[82.24933,29.7107],[82.24902,29.7107],[82.24866,29.71128]]]}},{"type":"Feature","properties":{"lake_id":"GL_29.45835_82.39385","l_km2":0.0853,"z":4474,"typ":"proglacial lake","d":393.0,"chg":4.8,"cls":"stable","glof":0,"prov":"Karnali","gnm":"","rgi":"RGI2000-v7.0-G-15-03527"},"geometry":{"type":"Polygon","coordinates":[[[82.39225,29.45821],[82.39304,29.45981],[82.39352,29.46018],[82.3941,29.46046],[82.39438,29.46012],[82.39486,29.46004],[82.39533,29.45863],[82.39489,29.45806],[82.3945,29.45799],[82.39453,29.4575],[82.39486,29.45733],[82.39475,29.45694],[82.39444,29.45701],[82.39424,29.45593],[82.39371,29.45592],[82.39269,29.45811],[82.39225,29.45821]]]}},{"type":"Feature","properties":{"lake_id":"GL_29.64886_82.36821","l_km2":0.0302,"z":4463,"typ":"unmatched","d":2683.0,"chg":0.4,"cls":"stable","glof":0,"prov":"Karnali","gnm":"","rgi":"RGI2000-v7.0-G-15-03289"},"geometry":{"type":"Polygon","coordinates":[[[82.36703,29.64846],[82.36715,29.64902],[82.36838,29.64991],[82.3692,29.64936],[82.36891,29.64817],[82.3686,29.64797],[82.36763,29.64811],[82.36703,29.64846]]]}},{"type":"Feature","properties":{"lake_id":"GL_29.7327_82.45745","l_km2":0.0549,"z":4542,"typ":"proglacial lake","d":1982.0,"chg":12.4,"cls":"expanding","glof":0,"prov":"Karnali","gnm":"","rgi":"RGI2000-v7.0-G-15-03488"},"geometry":{"type":"Polygon","coordinates":[[[82.45545,29.73207],[82.45614,29.7328],[82.45621,29.7332],[82.45715,29.7338],[82.45775,29.73379],[82.45931,29.73296],[82.45928,29.73257],[82.45863,29.732],[82.45646,29.73172],[82.45545,29.73207]]]}},{"type":"Feature","properties":{"lake_id":"GL_29.6652_82.41576","l_km2":0.0342,"z":4626,"typ":"proglacial lake","d":916.0,"chg":2.5,"cls":"stable","glof":0,"prov":"Karnali","gnm":"","rgi":"RGI2000-v7.0-G-15-03286"},"geometry":{"type":"Polygon","coordinates":[[[82.4145,29.66493],[82.41457,29.66577],[82.41573,29.66611],[82.41692,29.66533],[82.41707,29.66454],[82.41542,29.66449],[82.4145,29.66493]]]}},{"type":"Feature","properties":{"lake_id":"GL_29.47638_82.37431","l_km2":0.0576,"z":4431,"typ":"unconnected glacial lake","d":2544.0,"chg":3.0,"cls":"stable","glof":0,"prov":"Karnali","gnm":"","rgi":"RGI2000-v7.0-G-15-03527"},"geometry":{"type":"Polygon","coordinates":[[[82.37298,29.47707],[82.37411,29.47807],[82.37464,29.47796],[82.37486,29.47769],[82.37528,29.47649],[82.37507,29.47476],[82.37463,29.47435],[82.3741,29.47455],[82.37383,29.47567],[82.37298,29.47707]]]}},{"type":"Feature","properties":{"lake_id":"GL_29.66239_82.41071","l_km2":0.0168,"z":4779,"typ":"proglacial lake","d":986.0,"chg":5.1,"cls":"stable","glof":0,"prov":"Karnali","gnm":"","rgi":"RGI2000-v7.0-G-15-03288"},"geometry":{"type":"Polygon","coordinates":[[[82.4097,29.66222],[82.40986,29.66254],[82.41106,29.66318],[82.41139,29.66285],[82.41154,29.66196],[82.41015,29.66183],[82.4097,29.66222]]]}},{"type":"Feature","properties":{"lake_id":"GL_29.67017_82.22874","l_km2":0.0524,"z":4747,"typ":"unconnected glacial lake","d":436.0,"chg":2.0,"cls":"stable","glof":0,"prov":"Karnali","gnm":"","rgi":"RGI2000-v7.0-G-15-03262"},"geometry":{"type":"Polygon","coordinates":[[[82.22668,29.67059],[82.22708,29.67095],[82.22859,29.67108],[82.22912,29.67084],[82.22981,29.67087],[82.2305,29.67023],[82.23058,29.66985],[82.22987,29.66933],[82.22863,29.66945],[82.22791,29.66915],[82.22787,29.66961],[82.22668,29.67059]]]}},{"type":"Feature","properties":{"lake_id":"GL_29.73959_82.46789","l_km2":0.0578,"z":4932,"typ":"proglacial lake","d":848.0,"chg":-0.6,"cls":"stable","glof":0,"prov":"Karnali","gnm":"","rgi":"RGI2000-v7.0-G-15-03488"},"geometry":{"type":"Polygon","coordinates":[[[82.46643,29.73924],[82.46657,29.74009],[82.46726,29.74055],[82.46792,29.74078],[82.46929,29.74072],[82.4688,29.73882],[82.46805,29.7381],[82.46769,29.73811],[82.46643,29.73924]]]}},{"type":"Feature","properties":{"lake_id":"GL_29.68747_82.41885","l_km2":0.023,"z":4656,"typ":"proglacial lake","d":541.0,"chg":-2.2,"cls":"stable","glof":0,"prov":"Karnali","gnm":"","rgi":"RGI2000-v7.0-G-15-03282"},"geometry":{"type":"Polygon","coordinates":[[[82.41761,29.68671],[82.41883,29.68811],[82.41939,29.68839],[82.42001,29.68828],[82.41954,29.6874],[82.41863,29.6867],[82.41825,29.68653],[82.41761,29.68671]]]}},{"type":"Feature","properties":{"lake_id":"GL_29.80074_82.26909","l_km2":0.0471,"z":4873,"typ":"proglacial lake","d":291.0,"chg":0.8,"cls":"stable","glof":0,"prov":"Karnali","gnm":"","rgi":"RGI2000-v7.0-G-15-03223"},"geometry":{"type":"Polygon","coordinates":[[[82.26641,29.79976],[82.26666,29.80005],[82.26756,29.80013],[82.26888,29.80174],[82.26996,29.80182],[82.27096,29.80113],[82.27095,29.80056],[82.27031,29.80011],[82.26991,29.80034],[82.26894,29.80021],[82.2682,29.80038],[82.26755,29.79988],[82.26736,29.79939],[82.26653,29.79949],[82.26641,29.79976]]]}},{"type":"Feature","properties":{"lake_id":"GL_29.68312_82.19726","l_km2":0.0127,"z":4646,"typ":"unmatched","d":2428.0,"chg":6.4,"cls":"stable","glof":0,"prov":"Karnali","gnm":"","rgi":"RGI2000-v7.0-G-15-03262"},"geometry":{"type":"Polygon","coordinates":[[[82.19653,29.68276],[82.19704,29.68371],[82.19751,29.68372],[82.19782,29.68343],[82.19798,29.68292],[82.19781,29.68273],[82.19686,29.68258],[82.19653,29.68276]]]}},{"type":"Feature","properties":{"lake_id":"GL_29.7632_82.47169","l_km2":0.031,"z":4724,"typ":"proglacial lake","d":733.0,"chg":6.0,"cls":"stable","glof":0,"prov":"Karnali","gnm":"","rgi":"RGI2000-v7.0-G-15-03488"},"geometry":{"type":"Polygon","coordinates":[[[82.47061,29.76354],[82.47084,29.76381],[82.47155,29.76398],[82.47281,29.76391],[82.47292,29.76321],[82.47201,29.76276],[82.47137,29.76198],[82.47094,29.762],[82.47078,29.76236],[82.47103,29.76289],[82.47061,29.76354]]]}},{"type":"Feature","properties":{"lake_id":"GL_29.72723_82.47001","l_km2":0.0359,"z":4782,"typ":"unconnected glacial lake","d":2234.0,"chg":1.8,"cls":"stable","glof":0,"prov":"Karnali","gnm":"","rgi":"RGI2000-v7.0-G-15-03488"},"geometry":{"type":"Polygon","coordinates":[[[82.4684,29.7267],[82.47003,29.72816],[82.47125,29.72822],[82.47127,29.72791],[82.47034,29.72637],[82.46967,29.7261],[82.4684,29.7267]]]}},{"type":"Feature","properties":{"lake_id":"GL_30.25281_81.88297","l_km2":0.0187,"z":5545,"typ":"proglacial lake","d":319.0,"chg":14.6,"cls":"stable","glof":0,"prov":"Karnali","gnm":"","rgi":"RGI2000-v7.0-G-15-03101"},"geometry":{"type":"Polygon","coordinates":[[[81.88208,30.25257],[81.88246,30.25326],[81.88328,30.25359],[81.88375,30.25343],[81.88364,30.25278],[81.88307,30.25193],[81.88208,30.25257]]]}},{"type":"Feature","properties":{"lake_id":"GL_30.20726_81.59272","l_km2":0.0063,"z":5137,"typ":"unmatched","d":529.0,"chg":-7.4,"cls":"not assessed","glof":0,"prov":"Karnali","gnm":"","rgi":"RGI2000-v7.0-G-15-02821"},"geometry":{"type":"Polygon","coordinates":[[[81.59218,30.20711],[81.59262,30.20769],[81.59328,30.20707],[81.59249,30.20691],[81.59218,30.20711]]]}},{"type":"Feature","properties":{"lake_id":"GL_29.89828_81.74621","l_km2":0.1211,"z":4692,"typ":"unconnected glacial lake","d":1015.0,"chg":0.4,"cls":"stable","glof":0,"prov":"Karnali","gnm":"","rgi":"RGI2000-v7.0-G-15-02469"},"geometry":{"type":"Polygon","coordinates":[[[81.74263,29.89659],[81.74445,29.89907],[81.74594,29.89915],[81.74932,29.89983],[81.74978,29.89972],[81.75013,29.89923],[81.75006,29.89866],[81.74857,29.89861],[81.74813,29.89823],[81.74713,29.8979],[81.74636,29.89722],[81.74508,29.8971],[81.74396,29.89651],[81.74294,29.89642],[81.74263,29.89659]]]}},{"type":"Feature","properties":{"lake_id":"GL_30.31604_82.01573","l_km2":0.0079,"z":5338,"typ":"unmatched","d":210.0,"chg":2.4,"cls":"not assessed","glof":0,"prov":"Karnali","gnm":"","rgi":"RGI2000-v7.0-G-15-03075"},"geometry":{"type":"Polygon","coordinates":[[[82.0154,30.31562],[82.01539,30.31645],[82.01584,30.31664],[82.01623,30.31568],[82.0154,30.31562]]]}},{"type":"Feature","properties":{"lake_id":"GL_29.98204_81.47337","l_km2":0.0316,"z":4949,"typ":"unconnected glacial lake","d":2123.0,"chg":-0.4,"cls":"stable","glof":0,"prov":"Karnali","gnm":"","rgi":"RGI2000-v7.0-G-15-02302"},"geometry":{"type":"Polygon","coordinates":[[[81.47237,29.98181],[81.4724,29.98283],[81.47296,29.98309],[81.47383,29.9826],[81.47461,29.98117],[81.47366,29.98116],[81.47237,29.98181]]]}},{"type":"Feature","properties":{"lake_id":"GL_29.89757_81.57705","l_km2":0.3296,"z":3581,"typ":"proglacial lake","d":0.0,"chg":10.9,"cls":"expanding","glof":1,"prov":"Karnali","gnm":"","rgi":"RGI2000-v7.0-G-15-02450"},"geometry":{"type":"Polygon","coordinates":[[[81.57266,29.89604],[81.57277,29.89669],[81.57327,29.89722],[81.57361,29.89879],[81.57415,29.8994],[81.57473,29.8995],[81.57566,29.89901],[81.57649,29.89899],[81.5782,29.89978],[81.57838,29.90059],[81.57895,29.90089],[81.57955,29.90074],[81.5799,29.90029],[81.58048,29.90007],[81.58028,29.89953],[81.57989,29.89968],[81.57986,29.90011],[81.57957,29.90024],[81.57936,29.89964],[81.58047,29.89928],[81.5811,29.89758],[81.5817,29.89748],[81.58114,29.89685],[81.57794,29.89528],[81.57554,29.89565],[81.57483,29.89519],[81.57436,29.89508],[81.57405,29.8953],[81.57373,29.89507],[81.57347,29.89521],[81.57347,29.89552],[81.57266,29.89604]]]}},{"type":"Feature","properties":{"lake_id":"GL_29.76033_81.57949","l_km2":0.0464,"z":5028,"typ":"unconnected glacial lake","d":321.0,"chg":null,"cls":"not assessed","glof":0,"prov":"Karnali","gnm":"","rgi":"RGI2000-v7.0-G-15-02421"},"geometry":{"type":"Polygon","coordinates":[[[81.57812,29.7602],[81.57847,29.76107],[81.57988,29.76147],[81.58032,29.761],[81.58106,29.76086],[81.58099,29.76022],[81.57929,29.75918],[81.57871,29.7593],[81.57812,29.7602]]]}},{"type":"Feature","properties":{"lake_id":"GL_30.24212_81.90033","l_km2":0.027,"z":5401,"typ":"proglacial lake","d":264.0,"chg":null,"cls":"not assessed","glof":0,"prov":"Karnali","gnm":"","rgi":"RGI2000-v7.0-G-15-03100"},"geometry":{"type":"Polygon","coordinates":[[[81.89878,30.24255],[81.89895,30.2428],[81.89978,30.24265],[81.90045,30.24288],[81.90086,30.24244],[81.90171,30.24206],[81.90177,30.24181],[81.90085,30.2414],[81.89959,30.24143],[81.89946,30.24157],[81.89982,30.24211],[81.89878,30.24255]]]}},{"type":"Feature","properties":{"lake_id":"GL_29.6982_81.53629","l_km2":0.01,"z":4853,"typ":"proglacial lake","d":58.0,"chg":null,"cls":"not assessed","glof":0,"prov":"Karnali","gnm":"","rgi":"RGI2000-v7.0-G-15-02401"},"geometry":{"type":"Polygon","coordinates":[[[81.53544,29.69791],[81.53652,29.69872],[81.53702,29.69883],[81.53662,29.69793],[81.53604,29.69771],[81.53544,29.69791]]]}},{"type":"Feature","properties":{"lake_id":"GL_29.77659_81.60485","l_km2":0.0106,"z":5038,"typ":"proglacial lake","d":17.0,"chg":-7.5,"cls":"stable","glof":0,"prov":"Karnali","gnm":"","rgi":"RGI2000-v7.0-G-15-02491"},"geometry":{"type":"Polygon","coordinates":[[[81.6042,29.77687],[81.60505,29.77708],[81.60548,29.77639],[81.60514,29.776],[81.60434,29.77622],[81.6042,29.77687]]]}},{"type":"Feature","properties":{"lake_id":"GL_29.11483_83.78619","l_km2":0.0587,"z":5590,"typ":"proglacial lake","d":701.0,"chg":0.5,"cls":"stable","glof":0,"prov":"Karnali","gnm":"","rgi":"RGI2000-v7.0-G-15-04215"},"geometry":{"type":"Polygon","coordinates":[[[83.78382,29.11543],[83.78432,29.11612],[83.7849,29.1162],[83.78578,29.11586],[83.78716,29.11475],[83.78889,29.11388],[83.7891,29.11346],[83.7885,29.11335],[83.78641,29.11406],[83.7856,29.11458],[83.78417,29.115],[83.78382,29.11543]]]}},{"type":"Feature","properties":{"lake_id":"GL_28.70718_83.82163","l_km2":0.0148,"z":5104,"typ":"proglacial lake","d":197.0,"chg":4.9,"cls":"stable","glof":0,"prov":"Karnali","gnm":"","rgi":"RGI2000-v7.0-G-15-04683"},"geometry":{"type":"Polygon","coordinates":[[[83.8209,28.70734],[83.82157,28.7079],[83.82248,28.70738],[83.82161,28.70635],[83.82134,28.70643],[83.8209,28.70734]]]}},{"type":"Feature","properties":{"lake_id":"GL_29.14732_83.80305","l_km2":0.0263,"z":5651,"typ":"proglacial lake","d":161.0,"chg":3.0,"cls":"stable","glof":0,"prov":"Karnali","gnm":"","rgi":"RGI2000-v7.0-G-15-04219"},"geometry":{"type":"Polygon","coordinates":[[[83.80194,29.14684],[83.8024,29.14778],[83.80389,29.14815],[83.80412,29.14757],[83.80394,29.14698],[83.80303,29.14682],[83.8025,29.14636],[83.80194,29.14684]]]}},{"type":"Feature","properties":{"lake_id":"GL_28.82568_84.15001","l_km2":0.1069,"z":5400,"typ":"proglacial lake","d":0.0,"chg":5.3,"cls":"expanding","glof":0,"prov":"Karnali","gnm":"","rgi":"RGI2000-v7.0-G-15-04890"},"geometry":{"type":"Polygon","coordinates":[[[84.14827,28.8268],[84.14842,28.82796],[84.14915,28.82832],[84.1501,28.82795],[84.15043,28.82733],[84.15076,28.82523],[84.15164,28.82447],[84.15157,28.82417],[84.15256,28.82387],[84.15244,28.82314],[84.151,28.82321],[84.1501,28.82391],[84.14854,28.8257],[84.14827,28.8268]]]}},{"type":"Feature","properties":{"lake_id":"GL_28.45882_84.25937","l_km2":0.0934,"z":4546,"typ":"proglacial lake","d":167.0,"chg":14.3,"cls":"expanding","glof":0,"prov":"Karnali","gnm":"","rgi":"RGI2000-v7.0-G-15-06111"},"geometry":{"type":"Polygon","coordinates":[[[84.2573,28.45901],[84.25763,28.46052],[84.25879,28.45987],[84.25942,28.45989],[84.25974,28.46011],[84.26046,28.46003],[84.26058,28.45951],[84.26152,28.45937],[84.26109,28.45873],[84.26088,28.45744],[84.26059,28.45735],[84.26063,28.45756],[84.26058,28.45762],[84.26018,28.45734],[84.26007,28.45797],[84.25941,28.45716],[84.25899,28.45704],[84.25851,28.45716],[84.25827,28.45793],[84.25863,28.45805],[84.25828,28.45827],[84.25827,28.45869],[84.25758,28.45871],[84.2573,28.45901]]]}},{"type":"Feature","properties":{"lake_id":"GL_28.85309_84.06553","l_km2":0.0077,"z":5610,"typ":"unmatched","d":191.0,"chg":27.2,"cls":"not assessed","glof":0,"prov":"Sudurpaschim","gnm":"","rgi":"RGI2000-v7.0-G-15-04590"},"geometry":{"type":"Polygon","coordinates":[[[84.06483,28.85321],[84.06576,28.85347],[84.06611,28.85289],[84.06539,28.85272],[84.06483,28.85321]]]}},{"type":"Feature","properties":{"lake_id":"GL_28.83023_84.22233","l_km2":0.0101,"z":5605,"typ":"unmatched","d":52.0,"chg":8.9,"cls":"not assessed","glof":0,"prov":"Karnali","gnm":"","rgi":"RGI2000-v7.0-G-15-04905"},"geometry":{"type":"Polygon","coordinates":[[[84.22162,28.83019],[84.22208,28.8306],[84.22294,28.83065],[84.22311,28.83044],[84.22209,28.82961],[84.22162,28.83019]]]}},{"type":"Feature","properties":{"lake_id":"GL_28.84336_83.9408","l_km2":0.0132,"z":5626,"typ":"supraglacial lake","d":305.0,"chg":-7.1,"cls":"stable","glof":0,"prov":"Karnali","gnm":"","rgi":"RGI2000-v7.0-G-15-04622"},"geometry":{"type":"Polygon","coordinates":[[[83.93996,28.84327],[83.94047,28.84353],[83.94087,28.84428],[83.94148,28.84313],[83.94062,28.8427],[83.93996,28.84327]]]}},{"type":"Feature","properties":{"lake_id":"GL_28.81758_84.33284","l_km2":0.0482,"z":5268,"typ":"proglacial lake","d":351.0,"chg":4.4,"cls":"stable","glof":0,"prov":"Sudurpaschim","gnm":"","rgi":"RGI2000-v7.0-G-15-04952"},"geometry":{"type":"Polygon","coordinates":[[[84.33162,28.81641],[84.33229,28.81846],[84.33299,28.81914],[84.33432,28.81861],[84.33409,28.81801],[84.33324,28.81722],[84.33282,28.81609],[84.33188,28.81598],[84.33162,28.81641]]]}},{"type":"Feature","properties":{"lake_id":"GL_28.74459_83.99718","l_km2":0.016,"z":4899,"typ":"proglacial lake","d":850.0,"chg":0.9,"cls":"stable","glof":1,"prov":"Sudurpaschim","gnm":"","rgi":"RGI2000-v7.0-G-15-04877"},"geometry":{"type":"Polygon","coordinates":[[[83.99639,28.74417],[83.9967,28.7449],[83.99722,28.74528],[83.99751,28.74533],[83.99809,28.74485],[83.998,28.74448],[83.99668,28.74378],[83.99639,28.74417]]]}},{"type":"Feature","properties":{"lake_id":"GL_28.82974_84.14547","l_km2":0.0249,"z":5475,"typ":"proglacial lake","d":192.0,"chg":5.7,"cls":"stable","glof":0,"prov":"Karnali","gnm":"","rgi":"RGI2000-v7.0-G-15-04890"},"geometry":{"type":"Polygon","coordinates":[[[84.14416,28.83103],[84.14432,28.83133],[84.14564,28.83017],[84.14663,28.82914],[84.14664,28.82863],[84.14611,28.82855],[84.14574,28.82876],[84.14416,28.83103]]]}},{"type":"Feature","properties":{"lake_id":"GL_28.45365_84.25348","l_km2":0.0742,"z":4576,"typ":"proglacial lake","d":533.0,"chg":29.0,"cls":"expanding","glof":0,"prov":"Sudurpaschim","gnm":"","rgi":"RGI2000-v7.0-G-15-06111"},"geometry":{"type":"Polygon","coordinates":[[[84.25088,28.45417],[84.25102,28.45501],[84.25122,28.45503],[84.25229,28.45451],[84.25687,28.45348],[84.25632,28.45281],[84.25591,28.4528],[84.25547,28.45313],[84.25505,28.4528],[84.25324,28.45276],[84.25172,28.45322],[84.25088,28.45417]]]}},{"type":"Feature","properties":{"lake_id":"GL_28.44258_84.47572","l_km2":0.0243,"z":4722,"typ":"unmatched","d":2108.0,"chg":null,"cls":"not assessed","glof":0,"prov":"Sudurpaschim","gnm":"","rgi":"RGI2000-v7.0-G-15-06120"},"geometry":{"type":"Polygon","coordinates":[[[84.47404,28.44284],[84.47424,28.44313],[84.47485,28.44325],[84.47763,28.44215],[84.47721,28.44194],[84.4762,28.44203],[84.47431,28.44258],[84.47404,28.44284]]]}},{"type":"Feature","properties":{"lake_id":"GL_28.42727_84.19953","l_km2":0.0056,"z":4046,"typ":"unmatched","d":3348.0,"chg":-9.7,"cls":"not assessed","glof":0,"prov":"Gandaki","gnm":"","rgi":"RGI2000-v7.0-G-15-04814"},"geometry":{"type":"Polygon","coordinates":[[[84.19903,28.42734],[84.19948,28.42765],[84.19995,28.42753],[84.19958,28.42682],[84.19903,28.42734]]]}},{"type":"Feature","properties":{"lake_id":"GL_28.62664_84.29088","l_km2":0.0391,"z":4756,"typ":"proglacial lake","d":770.0,"chg":-0.3,"cls":"stable","glof":0,"prov":"Gandaki","gnm":"","rgi":"RGI2000-v7.0-G-15-05005"},"geometry":{"type":"Polygon","coordinates":[[[84.28958,28.62576],[84.29044,28.62718],[84.29133,28.62774],[84.2919,28.62842],[84.29209,28.62758],[84.29113,28.62581],[84.29057,28.6254],[84.28991,28.62535],[84.28963,28.62541],[84.28958,28.62576]]]}},{"type":"Feature","properties":{"lake_id":"GL_28.50537_84.80269","l_km2":0.2187,"z":3685,"typ":"proglacial lake","d":2545.0,"chg":2.1,"cls":"stable","glof":0,"prov":"Gandaki","gnm":"","rgi":"RGI2000-v7.0-G-15-05141"},"geometry":{"type":"Polygon","coordinates":[[[84.79808,28.50487],[84.79846,28.50545],[84.79821,28.50555],[84.79837,28.50578],[84.79875,28.50594],[84.79898,28.50564],[84.79931,28.5057],[84.80021,28.50671],[84.80252,28.50752],[84.80303,28.50742],[84.80399,28.50666],[84.80367,28.50638],[84.80381,28.50613],[84.80613,28.50579],[84.80629,28.50495],[84.80798,28.50515],[84.8087,28.50484],[84.80419,28.5037],[84.80354,28.5038],[84.80316,28.50428],[84.80216,28.50401],[84.80091,28.50464],[84.80024,28.50421],[84.79877,28.50423],[84.79827,28.50447],[84.79833,28.50478],[84.79808,28.50487]]]}},{"type":"Feature","properties":{"lake_id":"GL_29.24872_82.56386","l_km2":0.2927,"z":4639,"typ":"proglacial lake","d":841.0,"chg":0.8,"cls":"stable","glof":0,"prov":"Gandaki","gnm":"","rgi":"RGI2000-v7.0-G-15-03582"},"geometry":{"type":"Polygon","coordinates":[[[82.55997,29.24731],[82.56002,29.24868],[82.56116,29.24975],[82.56373,29.25111],[82.56481,29.25136],[82.56612,29.25137],[82.5672,29.25051],[82.56706,29.24762],[82.56694,29.24777],[82.566,29.24738],[82.565,29.24649],[82.56334,29.24559],[82.56314,29.24565],[82.56323,29.24633],[82.56245,29.2469],[82.56095,29.24677],[82.56023,29.24703],[82.55997,29.24731]]]}},{"type":"Feature","properties":{"lake_id":"GL_29.30053_82.77898","l_km2":0.0223,"z":4797,"typ":"proglacial lake","d":615.0,"chg":66.3,"cls":"expanding","glof":0,"prov":"Gandaki","gnm":"","rgi":"RGI2000-v7.0-G-15-03651"},"geometry":{"type":"Polygon","coordinates":[[[82.77803,29.30017],[82.77815,29.30074],[82.77848,29.30103],[82.77961,29.30119],[82.78009,29.30103],[82.77997,29.30063],[82.77897,29.29985],[82.77833,29.29975],[82.77803,29.30017]]]}},{"type":"Feature","properties":{"lake_id":"GL_28.74351_82.63599","l_km2":0.0236,"z":3332,"typ":"unmatched","d":8748.0,"chg":4.0,"cls":"stable","glof":0,"prov":"Gandaki","gnm":"","rgi":"RGI2000-v7.0-G-15-04443"},"geometry":{"type":"Polygon","coordinates":[[[82.6349,28.74347],[82.63513,28.7441],[82.63632,28.74421],[82.63664,28.74406],[82.63714,28.74303],[82.63599,28.74284],[82.63524,28.74308],[82.6349,28.74347]]]}},{"type":"Feature","properties":{"lake_id":"GL_29.74338_82.64646","l_km2":0.0779,"z":5138,"typ":"proglacial lake","d":531.0,"chg":-4.0,"cls":"stable","glof":0,"prov":"Gandaki","gnm":"","rgi":"RGI2000-v7.0-G-15-03464"},"geometry":{"type":"Polygon","coordinates":[[[82.64451,29.74483],[82.64478,29.74516],[82.64581,29.74516],[82.64639,29.74483],[82.64662,29.74417],[82.64784,29.74404],[82.64848,29.74372],[82.64772,29.7431],[82.64786,29.74254],[82.64747,29.74178],[82.64631,29.74162],[82.64563,29.74274],[82.64488,29.74347],[82.64551,29.74412],[82.64539,29.7445],[82.64451,29.74483]]]}},{"type":"Feature","properties":{"lake_id":"GL_29.77122_82.6392","l_km2":0.0218,"z":4843,"typ":"unconnected glacial lake","d":738.0,"chg":3.1,"cls":"stable","glof":0,"prov":"Gandaki","gnm":"","rgi":"RGI2000-v7.0-G-15-03463"},"geometry":{"type":"Polygon","coordinates":[[[82.6385,29.77091],[82.63851,29.77173],[82.63876,29.77201],[82.63951,29.77195],[82.64004,29.77147],[82.63974,29.77063],[82.63894,29.77024],[82.6385,29.77091]]]}},{"type":"Feature","properties":{"lake_id":"GL_28.62153_85.03402","l_km2":0.0275,"z":4521,"typ":"proglacial lake","d":1019.0,"chg":0.5,"cls":"stable","glof":0,"prov":"Gandaki","gnm":"","rgi":"RGI2000-v7.0-G-15-05446"},"geometry":{"type":"Polygon","coordinates":[[[85.03341,28.62154],[85.03351,28.62257],[85.03421,28.62276],[85.03462,28.62263],[85.03461,28.62169],[85.03421,28.62114],[85.03465,28.62093],[85.0347,28.62059],[85.03435,28.62031],[85.03341,28.62042],[85.03368,28.62135],[85.03341,28.62154]]]}},{"type":"Feature","properties":{"lake_id":"GL_28.7516_84.0833","l_km2":0.0249,"z":5140,"typ":"proglacial lake","d":1169.0,"chg":2.5,"cls":"stable","glof":0,"prov":"Gandaki","gnm":"","rgi":"RGI2000-v7.0-G-15-04880"},"geometry":{"type":"Polygon","coordinates":[[[84.08163,28.7517],[84.08298,28.75203],[84.08518,28.75202],[84.08344,28.75099],[84.08193,28.75133],[84.08163,28.7517]]]}},{"type":"Feature","properties":{"lake_id":"GL_28.80277_83.95971","l_km2":0.0102,"z":5444,"typ":"unmatched","d":418.0,"chg":-2.4,"cls":"stable","glof":0,"prov":"Gandaki","gnm":"","rgi":"RGI2000-v7.0-G-15-04628"},"geometry":{"type":"Polygon","coordinates":[[[83.95892,28.8027],[83.95958,28.8028],[83.9591,28.80311],[83.95937,28.80339],[83.95982,28.80319],[83.95995,28.80273],[83.96069,28.8027],[83.96066,28.80241],[83.95916,28.80239],[83.95892,28.8027]]]}},{"type":"Feature","properties":{"lake_id":"GL_28.69748_83.87938","l_km2":0.0516,"z":5158,"typ":"proglacial lake","d":527.0,"chg":1.2,"cls":"stable","glof":0,"prov":"Gandaki","gnm":"","rgi":"RGI2000-v7.0-G-15-04666"},"geometry":{"type":"Polygon","coordinates":[[[83.87806,28.69651],[83.87819,28.6975],[83.87875,28.69872],[83.87957,28.69867],[83.88082,28.69795],[83.88091,28.69761],[83.88029,28.69661],[83.87853,28.69631],[83.87806,28.69651]]]}},{"type":"Feature","properties":{"lake_id":"GL_28.6912_83.85186","l_km2":3.5578,"z":4913,"typ":"proglacial lake","d":0.0,"chg":4.4,"cls":"expanding","glof":0,"prov":"Gandaki","gnm":"","rgi":"RGI2000-v7.0-G-15-04686"},"geometry":{"type":"Polygon","coordinates":[[[83.8396,28.70804],[83.83996,28.70856],[83.84226,28.70806],[83.8428,28.70776],[83.84508,28.70795],[83.84623,28.70736],[83.84739,28.7071],[83.84796,28.70621],[83.84899,28.70565],[83.84949,28.70378],[83.85263,28.69955],[83.85282,28.69694],[83.85315,28.6961],[83.85392,28.69569],[83.85554,28.6958],[83.8555,28.69535],[83.85597,28.69511],[83.85584,28.69443],[83.85616,28.69399],[83.85606,28.69336],[83.85752,28.68984],[83.85944,28.68809],[83.862,28.68681],[83.86268,28.68319],[83.8632,28.68265],[83.86473,28.68186],[83.86555,28.681],[83.86571,28.68022],[83.86531,28.67968],[83.86322,28.6789],[83.85922,28.67646],[83.8583,28.67659],[83.85738,28.67639],[83.85697,28.6756],[83.85558,28.6747],[83.85523,28.67404],[83.85435,28.67382],[83.85404,28.67305],[83.85321,28.67345],[83.85282,28.67432],[83.85202,28.67495],[83.85196,28.67548],[83.85058,28.6754],[83.85051,28.67509],[83.85031,28.67527],[83.84998,28.6751],[83.84902,28.67573],[83.84916,28.67647],[83.84977,28.67729],[83.84994,28.67658],[83.85045,28.67592],[83.85092,28.67629],[83.85075,28.67703],[83.85115,28.6767],[83.85224,28.67688],[83.8529,28.67726],[83.85314,28.67772],[83.8533,28.67893],[83.85299,28.67965],[83.85184,28.68105],[83.85163,28.68172],[83.85176,28.68273],[83.8525,28.6834],[83.85274,28.68462],[83.85205,28.68639],[83.85157,28.68694],[83.85163,28.68755],[83.85112,28.68776],[83.85123,28.68799],[83.85093,28.68823],[83.85118,28.6885],[83.85107,28.68886],[83.85077,28.68901],[83.8502,28.69005],[83.84998,28.69006],[83.85009,28.69032],[83.8494,28.69115],[83.8494,28.69144],[83.849,28.69167],[83.84889,28.69223],[83.84812,28.69269],[83.84623,28.69302],[83.8449,28.69449],[83.84467,28.69436],[83.84376,28.69459],[83.84149,28.69556],[83.84109,28.69746],[83.8412,28.69922],[83.84077,28.6999],[83.84061,28.70081],[83.84108,28.70293],[83.84103,28.70396],[83.84066,28.7047],[83.83995,28.70497],[83.83969,28.70541],[83.8396,28.70804]]]}},{"type":"Feature","properties":{"lake_id":"GL_27.68545_86.5701","l_km2":0.016,"z":4730,"typ":"unconnected glacial lake","d":2986.0,"chg":17.8,"cls":"stable","glof":0,"prov":"Gandaki","gnm":"","rgi":"RGI2000-v7.0-G-15-08468"},"geometry":{"type":"Polygon","coordinates":[[[86.5692,27.68539],[86.5694,27.68584],[86.57009,27.68597],[86.571,27.68568],[86.57131,27.68528],[86.56953,27.68495],[86.5692,27.68539]]]}},{"type":"Feature","properties":{"lake_id":"GL_27.78302_86.62828","l_km2":0.0155,"z":4979,"typ":"proglacial lake","d":555.0,"chg":null,"cls":"not assessed","glof":0,"prov":"Gandaki","gnm":"","rgi":"RGI2000-v7.0-G-15-08410"},"geometry":{"type":"Polygon","coordinates":[[[86.62744,27.78292],[86.62758,27.78327],[86.6284,27.78365],[86.62917,27.78306],[86.62899,27.78275],[86.62816,27.78235],[86.62744,27.78292]]]}},{"type":"Feature","properties":{"lake_id":"GL_27.70928_86.56303","l_km2":0.0181,"z":4864,"typ":"proglacial lake","d":255.0,"chg":-31.8,"cls":"shrinking","glof":0,"prov":"Gandaki","gnm":"","rgi":"RGI2000-v7.0-G-15-08468"},"geometry":{"type":"Polygon","coordinates":[[[86.56239,27.70945],[86.56263,27.71007],[86.5632,27.71019],[86.56365,27.70868],[86.56327,27.70835],[86.56286,27.70839],[86.56239,27.70945]]]}},{"type":"Feature","properties":{"lake_id":"GL_27.97565_86.54359","l_km2":0.0092,"z":5146,"typ":"unmatched","d":256.0,"chg":-2.7,"cls":"not assessed","glof":0,"prov":"Karnali","gnm":"","rgi":"RGI2000-v7.0-G-15-06442"},"geometry":{"type":"Polygon","coordinates":[[[86.54298,27.97541],[86.54302,27.9758],[86.5433,27.976],[86.54381,27.97615],[86.54413,27.97599],[86.54403,27.97528],[86.54361,27.97519],[86.54298,27.97541]]]}},{"type":"Feature","properties":{"lake_id":"GL_28.02879_86.67033","l_km2":0.0287,"z":5209,"typ":"proglacial lake","d":173.0,"chg":-0.1,"cls":"stable","glof":0,"prov":"Karnali","gnm":"","rgi":"RGI2000-v7.0-G-15-06683"},"geometry":{"type":"Polygon","coordinates":[[[86.66894,28.02814],[86.66909,28.02859],[86.66994,28.02933],[86.67219,28.02952],[86.67075,28.02838],[86.66947,28.02792],[86.66894,28.02814]]]}},{"type":"Feature","properties":{"lake_id":"GL_27.71223_86.57158","l_km2":0.0108,"z":4902,"typ":"unmatched","d":651.0,"chg":11.9,"cls":"not assessed","glof":0,"prov":"Lumbini","gnm":"","rgi":"RGI2000-v7.0-G-15-08468"},"geometry":{"type":"Polygon","coordinates":[[[86.57096,27.71227],[86.57126,27.71278],[86.57179,27.71269],[86.5723,27.7123],[86.57163,27.71159],[86.57096,27.71227]]]}},{"type":"Feature","properties":{"lake_id":"GL_27.9581_86.66108","l_km2":0.0507,"z":5154,"typ":"proglacial lake","d":207.0,"chg":4.1,"cls":"stable","glof":0,"prov":"Karnali","gnm":"","rgi":"RGI2000-v7.0-G-15-06698"},"geometry":{"type":"Polygon","coordinates":[[[86.65925,27.95789],[86.65944,27.95821],[86.66098,27.95887],[86.66157,27.95961],[86.66224,27.95932],[86.66196,27.95862],[86.66245,27.9576],[86.662,27.95762],[86.66192,27.95694],[86.66015,27.95724],[86.65925,27.95789]]]}},{"type":"Feature","properties":{"lake_id":"GL_28.03082_86.64697","l_km2":0.0187,"z":5318,"typ":"proglacial lake","d":619.0,"chg":4.3,"cls":"stable","glof":0,"prov":"Karnali","gnm":"Lumsamba","rgi":"RGI2000-v7.0-G-15-06678"},"geometry":{"type":"Polygon","coordinates":[[[86.64605,28.03069],[86.64671,28.03139],[86.64714,28.03137],[86.64724,28.03155],[86.64783,28.03127],[86.64788,28.03071],[86.64708,28.03036],[86.64696,28.03002],[86.64631,28.03025],[86.64605,28.03069]]]}},{"type":"Feature","properties":{"lake_id":"GL_27.9751_86.73723","l_km2":0.0293,"z":5348,"typ":"proglacial lake","d":406.0,"chg":5.8,"cls":"stable","glof":0,"prov":"Gandaki","gnm":"","rgi":"RGI2000-v7.0-G-15-08303"},"geometry":{"type":"Polygon","coordinates":[[[86.73615,27.97564],[86.73648,27.97613],[86.73723,27.97595],[86.73784,27.97541],[86.73835,27.97422],[86.73752,27.97407],[86.73642,27.97501],[86.73615,27.97564]]]}},{"type":"Feature","properties":{"lake_id":"GL_28.04987_86.58926","l_km2":0.0127,"z":5130,"typ":"unmatched","d":0.0,"chg":null,"cls":"not assessed","glof":0,"prov":"Gandaki","gnm":"Bhote Kosi","rgi":"RGI2000-v7.0-G-15-08551"},"geometry":{"type":"Polygon","coordinates":[[[86.58831,28.04961],[86.58876,28.05039],[86.58918,28.05019],[86.58953,28.0504],[86.58995,28.05026],[86.59002,28.04977],[86.58955,28.04932],[86.58939,28.04957],[86.58886,28.04943],[86.58831,28.04961]]]}},{"type":"Feature","properties":{"lake_id":"GL_27.94117_86.69907","l_km2":0.1819,"z":4710,"typ":"ice-marginal lake","d":324.0,"chg":3.2,"cls":"expanding","glof":0,"prov":"Gandaki","gnm":"Ngojumba","rgi":"RGI2000-v7.0-G-15-08305"},"geometry":{"type":"Polygon","coordinates":[[[86.69689,27.94348],[86.69754,27.94408],[86.69868,27.94397],[86.70029,27.94282],[86.70056,27.94166],[86.70113,27.94105],[86.70164,27.93897],[86.70067,27.93881],[86.69991,27.93899],[86.69833,27.93889],[86.69751,27.93936],[86.6971,27.94033],[86.69757,27.94155],[86.69757,27.94248],[86.69689,27.94348]]]}},{"type":"Feature","properties":{"lake_id":"GL_28.01542_86.64256","l_km2":0.0119,"z":5113,"typ":"unmatched","d":901.0,"chg":10.1,"cls":"stable","glof":0,"prov":"Gandaki","gnm":"","rgi":"RGI2000-v7.0-G-15-06687"},"geometry":{"type":"Polygon","coordinates":[[[86.64189,28.01522],[86.64261,28.01607],[86.64327,28.01555],[86.64323,28.01524],[86.64274,28.01491],[86.64199,28.01493],[86.64189,28.01522]]]}},{"type":"Feature","properties":{"lake_id":"GL_27.94633_86.65123","l_km2":0.0664,"z":5110,"typ":"unconnected glacial lake","d":729.0,"chg":1.6,"cls":"stable","glof":0,"prov":"Gandaki","gnm":"","rgi":"RGI2000-v7.0-G-15-06699"},"geometry":{"type":"Polygon","coordinates":[[[86.64955,27.94649],[86.64977,27.94699],[86.65233,27.94747],[86.65293,27.94717],[86.65317,27.9463],[86.65207,27.94597],[86.65173,27.94544],[86.65183,27.94496],[86.65155,27.94489],[86.64984,27.94544],[86.64955,27.94649]]]}},{"type":"Feature","properties":{"lake_id":"GL_27.97529_86.68127","l_km2":0.5788,"z":4835,"typ":"ice-marginal lake","d":472.0,"chg":-6.6,"cls":"shrinking","glof":0,"prov":"Province 1","gnm":"Ngojumba","rgi":"RGI2000-v7.0-G-15-08305"},"geometry":{"type":"Polygon","coordinates":[[[86.67391,27.97471],[86.67457,27.97522],[86.67443,27.97563],[86.6748,27.97571],[86.67504,27.97636],[86.67634,27.97694],[86.6803,27.97794],[86.68439,27.97821],[86.68516,27.9779],[86.68584,27.97665],[86.68641,27.97611],[86.6862,27.97574],[86.68719,27.97324],[86.68715,27.97211],[86.68606,27.97133],[86.68606,27.97174],[86.68636,27.97167],[86.68618,27.97205],[86.68404,27.9729],[86.68253,27.97278],[86.68086,27.97366],[86.67708,27.9732],[86.6759,27.97385],[86.67515,27.97394],[86.67488,27.97439],[86.67391,27.97471]]]}},{"type":"Feature","properties":{"lake_id":"GL_27.71372_86.91657","l_km2":0.062,"z":5092,"typ":"proglacial lake","d":185.0,"chg":3.1,"cls":"stable","glof":0,"prov":"Province 1","gnm":"","rgi":"RGI2000-v7.0-G-15-06878"},"geometry":{"type":"Polygon","coordinates":[[[86.91532,27.71407],[86.91568,27.71485],[86.91617,27.7151],[86.91661,27.71469],[86.91763,27.71501],[86.91802,27.71438],[86.91761,27.71306],[86.91686,27.71273],[86.91648,27.71214],[86.91585,27.71216],[86.91563,27.71246],[86.91532,27.71407]]]}},{"type":"Feature","properties":{"lake_id":"GL_27.75735_86.88816","l_km2":0.0781,"z":5102,"typ":"proglacial lake","d":64.0,"chg":0.7,"cls":"stable","glof":0,"prov":"Province 1","gnm":"","rgi":"RGI2000-v7.0-G-15-06839"},"geometry":{"type":"Polygon","coordinates":[[[86.88594,27.75695],[86.88624,27.75812],[86.88648,27.75825],[86.88722,27.75832],[86.88817,27.7581],[86.88985,27.75823],[86.89079,27.75751],[86.88994,27.75674],[86.88779,27.75654],[86.88752,27.75626],[86.88667,27.75628],[86.88594,27.75695]]]}},{"type":"Feature","properties":{"lake_id":"GL_27.72068_86.9074","l_km2":0.0154,"z":5000,"typ":"proglacial lake","d":324.0,"chg":-2.3,"cls":"stable","glof":0,"prov":"Province 1","gnm":"","rgi":"RGI2000-v7.0-G-15-06878"},"geometry":{"type":"Polygon","coordinates":[[[86.90681,27.72046],[86.90697,27.72132],[86.90748,27.72156],[86.90803,27.72068],[86.90799,27.72026],[86.90732,27.71992],[86.90681,27.72046]]]}},{"type":"Feature","properties":{"lake_id":"GL_27.71911_86.91045","l_km2":0.1585,"z":4992,"typ":"proglacial lake","d":211.0,"chg":1.8,"cls":"stable","glof":0,"prov":"Province 1","gnm":"","rgi":"RGI2000-v7.0-G-15-06878"},"geometry":{"type":"Polygon","coordinates":[[[86.90821,27.71811],[86.90872,27.71966],[86.91131,27.72259],[86.91152,27.72041],[86.91188,27.71988],[86.91245,27.72014],[86.91266,27.72001],[86.91274,27.71898],[86.91227,27.71788],[86.91104,27.71754],[86.91069,27.71706],[86.91,27.71674],[86.90968,27.71692],[86.90935,27.71674],[86.90846,27.71735],[86.90821,27.71811]]]}},{"type":"Feature","properties":{"lake_id":"GL_27.7954_86.61756","l_km2":0.0201,"z":5176,"typ":"proglacial lake","d":260.0,"chg":-4.8,"cls":"stable","glof":0,"prov":"Province 1","gnm":"","rgi":"RGI2000-v7.0-G-15-08413"},"geometry":{"type":"Polygon","coordinates":[[[86.61664,27.79543],[86.61664,27.79608],[86.61712,27.79626],[86.61767,27.79599],[86.61869,27.79462],[86.61817,27.79454],[86.61664,27.79543]]]}},{"type":"Feature","properties":{"lake_id":"GL_27.84389_87.08155","l_km2":0.4152,"z":4809,"typ":"proglacial lake","d":156.0,"chg":-0.9,"cls":"stable","glof":1,"prov":"Province 1","gnm":"","rgi":"RGI2000-v7.0-G-15-06955"},"geometry":{"type":"Polygon","coordinates":[[[87.07759,27.83687],[87.07791,27.83759],[87.07789,27.83855],[87.07832,27.83896],[87.07826,27.83932],[87.07891,27.84082],[87.07958,27.8417],[87.08009,27.84636],[87.08048,27.8468],[87.08115,27.84696],[87.08147,27.84743],[87.08115,27.84873],[87.08259,27.84909],[87.08393,27.84902],[87.08476,27.84808],[87.08493,27.84589],[87.08352,27.84365],[87.08287,27.84165],[87.08159,27.84143],[87.08119,27.84113],[87.08051,27.83979],[87.0796,27.83961],[87.07984,27.83927],[87.08033,27.8395],[87.08033,27.83874],[87.0799,27.83827],[87.07988,27.83779],[87.07954,27.83762],[87.07947,27.83733],[87.07921,27.83741],[87.07938,27.83721],[87.07899,27.83695],[87.07759,27.83687]]]}},{"type":"Feature","properties":{"lake_id":"GL_27.70603_86.97592","l_km2":0.007,"z":4713,"typ":"unmatched","d":314.0,"chg":36.9,"cls":"not assessed","glof":0,"prov":"Province 1","gnm":"","rgi":"RGI2000-v7.0-G-15-06892"},"geometry":{"type":"Polygon","coordinates":[[[86.9756,27.70566],[86.97572,27.70657],[86.97626,27.70619],[86.97641,27.70564],[86.9756,27.70566]]]}},{"type":"Feature","properties":{"lake_id":"GL_27.75484_86.95892","l_km2":0.8473,"z":4938,"typ":"proglacial lake","d":143.0,"chg":-0.3,"cls":"stable","glof":1,"prov":"Province 1","gnm":"West Chamang","rgi":"RGI2000-v7.0-G-15-07212"},"geometry":{"type":"Polygon","coordinates":[[[86.94979,27.75401],[86.95202,27.75556],[86.95436,27.7563],[86.95797,27.75684],[86.95965,27.75748],[86.96071,27.75753],[86.96188,27.75849],[86.9631,27.75903],[86.96357,27.75896],[86.96424,27.75847],[86.9658,27.75809],[86.96665,27.7575],[86.96724,27.75569],[86.96706,27.75506],[86.96641,27.7545],[86.9654,27.7545],[86.96546,27.75389],[86.96479,27.75353],[86.96112,27.75269],[86.95959,27.75188],[86.95777,27.75193],[86.95667,27.75155],[86.95251,27.75173],[86.9502,27.75209],[86.95058,27.75246],[86.9506,27.75307],[86.94999,27.75354],[86.94979,27.75401]]]}},{"type":"Feature","properties":{"lake_id":"GL_27.71096_86.97761","l_km2":0.0684,"z":4635,"typ":"proglacial lake","d":0.0,"chg":4.8,"cls":"stable","glof":0,"prov":"Province 1","gnm":"","rgi":"RGI2000-v7.0-G-15-06891"},"geometry":{"type":"Polygon","coordinates":[[[86.97436,27.71132],[86.97521,27.71193],[86.97709,27.71202],[86.97937,27.71066],[86.98024,27.71046],[86.98052,27.70994],[86.97977,27.70956],[86.97572,27.71117],[86.97436,27.71132]]]}},{"type":"Feature","properties":{"lake_id":"GL_27.82414_87.33212","l_km2":0.0656,"z":4144,"typ":"unconnected glacial lake","d":10886.0,"chg":null,"cls":"not assessed","glof":0,"prov":"Province 1","gnm":"","rgi":"RGI2000-v7.0-G-15-06968"},"geometry":{"type":"Polygon","coordinates":[[[87.33037,27.8244],[87.33046,27.82507],[87.33158,27.82544],[87.33217,27.82541],[87.33265,27.82493],[87.33347,27.8247],[87.33379,27.82425],[87.33344,27.82385],[87.3337,27.82339],[87.3333,27.82315],[87.3333,27.82278],[87.3324,27.82307],[87.33208,27.82279],[87.33159,27.82327],[87.33124,27.82317],[87.33078,27.82423],[87.33037,27.8244]]]}},{"type":"Feature","properties":{"lake_id":"GL_27.82908_87.09539","l_km2":0.1153,"z":5186,"typ":"proglacial lake","d":344.0,"chg":1.2,"cls":"stable","glof":1,"prov":"Province 1","gnm":"","rgi":"RGI2000-v7.0-G-15-06957"},"geometry":{"type":"Polygon","coordinates":[[[87.09318,27.82756],[87.09397,27.82935],[87.09517,27.83052],[87.0967,27.83146],[87.09767,27.83091],[87.09631,27.82824],[87.09476,27.82713],[87.09458,27.82665],[87.09411,27.82644],[87.09417,27.82694],[87.09318,27.82756]]]}},{"type":"Feature","properties":{"lake_id":"GL_27.79788_87.09011","l_km2":2.2703,"z":4524,"typ":"proglacial lake","d":0.0,"chg":15.8,"cls":"expanding","glof":0,"prov":"Province 1","gnm":"","rgi":"RGI2000-v7.0-G-15-07196"},"geometry":{"type":"Polygon","coordinates":[[[87.07368,27.79733],[87.07425,27.79763],[87.07579,27.79774],[87.07618,27.79834],[87.07413,27.80134],[87.07423,27.80195],[87.07425,27.80139],[87.07468,27.80128],[87.07484,27.80168],[87.07449,27.80155],[87.07437,27.80188],[87.0751,27.80213],[87.0787,27.80159],[87.07965,27.80162],[87.08014,27.80135],[87.08544,27.80155],[87.08611,27.80135],[87.08769,27.80135],[87.08816,27.80099],[87.08873,27.80127],[87.08958,27.80093],[87.09076,27.80113],[87.09606,27.80073],[87.10054,27.8008],[87.10209,27.80132],[87.10526,27.79998],[87.1058,27.79929],[87.10659,27.79942],[87.1067,27.79881],[87.10696,27.79891],[87.10769,27.79832],[87.10789,27.79776],[87.10755,27.79769],[87.10761,27.79749],[87.10787,27.79758],[87.10956,27.79627],[87.10886,27.79611],[87.10816,27.79644],[87.10761,27.7961],[87.10757,27.79557],[87.10643,27.79556],[87.10626,27.79507],[87.1057,27.7952],[87.10533,27.79557],[87.10397,27.79534],[87.10363,27.79576],[87.1028,27.79581],[87.09867,27.7945],[87.09433,27.79484],[87.09229,27.79455],[87.09173,27.79423],[87.09011,27.79458],[87.08846,27.79452],[87.08673,27.79438],[87.08503,27.79393],[87.08328,27.79405],[87.08245,27.79364],[87.0817,27.79372],[87.08009,27.7946],[87.07902,27.79442],[87.07912,27.79464],[87.07876,27.79483],[87.07839,27.79453],[87.07843,27.79482],[87.07774,27.795],[87.07725,27.79471],[87.07721,27.79498],[87.07681,27.7952],[87.07535,27.79549],[87.07396,27.79643],[87.07405,27.79681],[87.07368,27.79733]]]}},{"type":"Feature","properties":{"lake_id":"GL_27.83623_87.30603","l_km2":0.0076,"z":4191,"typ":"unmatched","d":8669.0,"chg":null,"cls":"not assessed","glof":0,"prov":"Province 1","gnm":"","rgi":"RGI2000-v7.0-G-15-06968"},"geometry":{"type":"Polygon","coordinates":[[[87.30592,27.83574],[87.30569,27.83677],[87.30604,27.83684],[87.30657,27.83581],[87.30592,27.83574]]]}},{"type":"Feature","properties":{"lake_id":"GL_27.82036_87.31632","l_km2":0.0126,"z":4066,"typ":"unmatched","d":9418.0,"chg":null,"cls":"not assessed","glof":0,"prov":"Province 1","gnm":"","rgi":"RGI2000-v7.0-G-15-06968"},"geometry":{"type":"Polygon","coordinates":[[[87.31568,27.82064],[87.31636,27.82125],[87.31666,27.82102],[87.31664,27.82028],[87.31694,27.81992],[87.31635,27.81954],[87.31611,27.81961],[87.31568,27.82064]]]}},{"type":"Feature","properties":{"lake_id":"GL_27.83186_87.10311","l_km2":0.0292,"z":5274,"typ":"proglacial lake","d":17.0,"chg":-0.8,"cls":"stable","glof":0,"prov":"Province 1","gnm":"","rgi":"RGI2000-v7.0-G-15-06958"},"geometry":{"type":"Polygon","coordinates":[[[87.10216,27.83106],[87.10228,27.83228],[87.10271,27.83283],[87.10421,27.83214],[87.10427,27.83168],[87.10366,27.83123],[87.10216,27.83106]]]}},{"type":"Feature","properties":{"lake_id":"GL_27.83487_87.10054","l_km2":0.0563,"z":5293,"typ":"proglacial lake","d":0.0,"chg":50.3,"cls":"expanding","glof":0,"prov":"Province 1","gnm":"","rgi":"RGI2000-v7.0-G-15-06957"},"geometry":{"type":"Polygon","coordinates":[[[87.09897,27.83492],[87.09926,27.83588],[87.09952,27.83606],[87.09983,27.83577],[87.10129,27.83548],[87.10212,27.83553],[87.10261,27.83524],[87.1024,27.83472],[87.10159,27.83456],[87.10108,27.83402],[87.10009,27.83349],[87.0996,27.83409],[87.09909,27.83432],[87.09897,27.83492]]]}},{"type":"Feature","properties":{"lake_id":"GL_28.06593_85.42283","l_km2":0.0432,"z":4529,"typ":"unconnected glacial lake","d":5816.0,"chg":9.3,"cls":"stable","glof":0,"prov":"Province 1","gnm":"","rgi":"RGI2000-v7.0-G-15-05927"},"geometry":{"type":"Polygon","coordinates":[[[85.42196,28.06565],[85.42228,28.06725],[85.42333,28.06747],[85.42354,28.06719],[85.42365,28.06564],[85.42297,28.06444],[85.42267,28.06436],[85.42222,28.06461],[85.42196,28.06565]]]}},{"type":"Feature","properties":{"lake_id":"GL_28.07076_85.42188","l_km2":0.0159,"z":4497,"typ":"unconnected glacial lake","d":5629.0,"chg":12.4,"cls":"stable","glof":0,"prov":"Province 1","gnm":"","rgi":"RGI2000-v7.0-G-15-05927"},"geometry":{"type":"Polygon","coordinates":[[[85.4212,28.07157],[85.42152,28.07177],[85.4221,28.07123],[85.42254,28.07044],[85.42241,28.06981],[85.42184,28.06997],[85.4212,28.07157]]]}},{"type":"Feature","properties":{"lake_id":"GL_28.07833_85.42237","l_km2":0.0112,"z":4575,"typ":"unmatched","d":5079.0,"chg":11.1,"cls":"stable","glof":0,"prov":"Province 1","gnm":"","rgi":"RGI2000-v7.0-G-15-05927"},"geometry":{"type":"Polygon","coordinates":[[[85.42163,28.07848],[85.42191,28.07881],[85.42229,28.0788],[85.4232,28.07816],[85.4229,28.0779],[85.42214,28.07789],[85.42163,28.07848]]]}},{"type":"Feature","properties":{"lake_id":"GL_29.68278_82.61611","l_km2":0.0264,"z":4852,"typ":"unconnected glacial lake","d":2883.0,"chg":9.5,"cls":"stable","glof":0,"prov":"Province 1","gnm":"","rgi":"RGI2000-v7.0-G-15-03471"},"geometry":{"type":"Polygon","coordinates":[[[82.61512,29.68258],[82.61542,29.68321],[82.61604,29.68366],[82.61676,29.68355],[82.61702,29.68263],[82.61664,29.6821],[82.61583,29.68188],[82.61512,29.68258]]]}},{"type":"Feature","properties":{"lake_id":"GL_29.84923_82.57486","l_km2":0.0206,"z":5230,"typ":"unconnected glacial lake","d":2332.0,"chg":-5.3,"cls":"stable","glof":0,"prov":"Province 1","gnm":"","rgi":"RGI2000-v7.0-G-15-03503"},"geometry":{"type":"Polygon","coordinates":[[[82.57411,29.84937],[82.57477,29.85012],[82.57536,29.84995],[82.57554,29.84935],[82.57509,29.84825],[82.57459,29.84831],[82.57411,29.84937]]]}},{"type":"Feature","properties":{"lake_id":"GL_29.87098_82.5956","l_km2":0.0129,"z":5144,"typ":"unmatched","d":754.0,"chg":14.4,"cls":"not assessed","glof":0,"prov":"Province 1","gnm":"","rgi":"RGI2000-v7.0-G-15-03503"},"geometry":{"type":"Polygon","coordinates":[[[82.59466,29.87097],[82.59504,29.87135],[82.59595,29.87145],[82.5964,29.87083],[82.59623,29.87054],[82.59577,29.87051],[82.59466,29.87097]]]}},{"type":"Feature","properties":{"lake_id":"GL_29.75399_82.64528","l_km2":0.0062,"z":5264,"typ":"proglacial lake","d":560.0,"chg":9.8,"cls":"not assessed","glof":0,"prov":"Province 1","gnm":"","rgi":"RGI2000-v7.0-G-15-03461"},"geometry":{"type":"Polygon","coordinates":[[[82.64476,29.75403],[82.64491,29.75431],[82.64567,29.75444],[82.64551,29.75352],[82.64476,29.75403]]]}},{"type":"Feature","properties":{"lake_id":"GL_29.79976_82.60111","l_km2":0.0178,"z":4947,"typ":"unmatched","d":2912.0,"chg":22.2,"cls":"stable","glof":0,"prov":"Province 1","gnm":"","rgi":"RGI2000-v7.0-G-15-03505"},"geometry":{"type":"Polygon","coordinates":[[[82.60013,29.79997],[82.60022,29.8002],[82.60078,29.80043],[82.60171,29.80024],[82.6018,29.79955],[82.60157,29.79882],[82.60013,29.79997]]]}},{"type":"Feature","properties":{"lake_id":"GL_29.62965_82.61106","l_km2":0.0077,"z":5091,"typ":"unmatched","d":763.0,"chg":9.9,"cls":"not assessed","glof":0,"prov":"Province 1","gnm":"","rgi":"RGI2000-v7.0-G-15-03480"},"geometry":{"type":"Polygon","coordinates":[[[82.61047,29.62942],[82.61049,29.6297],[82.61139,29.63027],[82.6115,29.62973],[82.61127,29.62919],[82.61047,29.62942]]]}},{"type":"Feature","properties":{"lake_id":"GL_29.66274_82.77212","l_km2":0.0062,"z":4860,"typ":"unmatched","d":2793.0,"chg":23.1,"cls":"not assessed","glof":0,"prov":"","gnm":"","rgi":"RGI2000-v7.0-G-15-03424"},"geometry":{"type":"Polygon","coordinates":[[[82.77164,29.66253],[82.77215,29.66319],[82.77252,29.66313],[82.77221,29.66231],[82.77164,29.66253]]]}},{"type":"Feature","properties":{"lake_id":"GL_29.3033_82.81142","l_km2":0.2422,"z":4551,"typ":"proglacial lake","d":731.0,"chg":13.3,"cls":"expanding","glof":0,"prov":"Province 1","gnm":"","rgi":"RGI2000-v7.0-G-15-03683"},"geometry":{"type":"Polygon","coordinates":[[[82.80802,29.30428],[82.80869,29.30465],[82.80941,29.30474],[82.80854,29.306],[82.80884,29.30668],[82.80971,29.30684],[82.81117,29.30523],[82.81183,29.30544],[82.81279,29.30405],[82.81367,29.30342],[82.81405,29.30284],[82.81526,29.30174],[82.81677,29.3008],[82.81598,29.30058],[82.8134,29.30148],[82.81307,29.30136],[82.8125,29.30173],[82.81229,29.30155],[82.81183,29.30166],[82.81044,29.30139],[82.8096,29.30088],[82.80926,29.30105],[82.80876,29.30087],[82.8094,29.30204],[82.80903,29.30311],[82.80802,29.30428]]]}},{"type":"Feature","properties":{"lake_id":"GL_29.745_82.61889","l_km2":0.0121,"z":5207,"typ":"proglacial lake","d":182.0,"chg":-2.9,"cls":"stable","glof":0,"prov":"Province 1","gnm":"","rgi":"RGI2000-v7.0-G-15-03466"},"geometry":{"type":"Polygon","coordinates":[[[82.61814,29.74476],[82.61873,29.74548],[82.61954,29.74545],[82.61937,29.74467],[82.61836,29.74445],[82.61814,29.74476]]]}},{"type":"Feature","properties":{"lake_id":"GL_29.70034_82.60316","l_km2":0.0276,"z":4937,"typ":"unconnected glacial lake","d":4471.0,"chg":14.0,"cls":"stable","glof":0,"prov":"Province 1","gnm":"","rgi":"RGI2000-v7.0-G-15-03465"},"geometry":{"type":"Polygon","coordinates":[[[82.60135,29.70059],[82.60156,29.70091],[82.6021,29.70102],[82.60275,29.70068],[82.60466,29.70069],[82.60486,29.70035],[82.60444,29.69989],[82.60307,29.69972],[82.60135,29.70059]]]}},{"type":"Feature","properties":{"lake_id":"GL_29.58634_83.18364","l_km2":0.0116,"z":5318,"typ":"unconnected glacial lake","d":12477.0,"chg":6.8,"cls":"stable","glof":0,"prov":"Bagmati","gnm":"","rgi":"RGI2000-v7.0-G-15-03421"},"geometry":{"type":"Polygon","coordinates":[[[83.18325,29.5854],[83.18343,29.58681],[83.18402,29.58727],[83.18399,29.58602],[83.18325,29.5854]]]}},{"type":"Feature","properties":{"lake_id":"GL_29.00389_83.28014","l_km2":0.0122,"z":5330,"typ":"proglacial lake","d":659.0,"chg":6.6,"cls":"stable","glof":0,"prov":"Bagmati","gnm":"","rgi":"RGI2000-v7.0-G-15-03934"},"geometry":{"type":"Polygon","coordinates":[[[83.27925,29.00313],[83.27985,29.00418],[83.28077,29.00456],[83.28092,29.00396],[83.27967,29.00343],[83.27948,29.00303],[83.27925,29.00313]]]}},{"type":"Feature","properties":{"lake_id":"GL_28.96015_83.18728","l_km2":0.3294,"z":5083,"typ":"proglacial lake","d":0.0,"chg":38.4,"cls":"expanding","glof":0,"prov":"Bagmati","gnm":"","rgi":"RGI2000-v7.0-G-15-04279"},"geometry":{"type":"Polygon","coordinates":[[[83.18444,28.95598],[83.18497,28.95873],[83.18492,28.95951],[83.1858,28.96088],[83.18702,28.96179],[83.18676,28.96287],[83.1871,28.96337],[83.18683,28.96401],[83.18698,28.96547],[83.18799,28.96578],[83.18858,28.96548],[83.18899,28.96466],[83.18958,28.96135],[83.18932,28.95891],[83.18746,28.95631],[83.18604,28.9559],[83.1854,28.9555],[83.18476,28.95552],[83.18444,28.95598]]]}},{"type":"Feature","properties":{"lake_id":"GL_28.71804_83.12623","l_km2":0.0153,"z":5051,"typ":"proglacial lake","d":132.0,"chg":19.9,"cls":"stable","glof":0,"prov":"Karnali","gnm":"","rgi":"RGI2000-v7.0-G-15-04341"},"geometry":{"type":"Polygon","coordinates":[[[83.12511,28.71846],[83.1262,28.71873],[83.12712,28.71763],[83.12689,28.71722],[83.1265,28.71732],[83.12511,28.71846]]]}},{"type":"Feature","properties":{"lake_id":"GL_28.72654_83.12127","l_km2":0.0167,"z":5153,"typ":"proglacial lake","d":269.0,"chg":4.2,"cls":"stable","glof":0,"prov":"Karnali","gnm":"","rgi":"RGI2000-v7.0-G-15-04341"},"geometry":{"type":"Polygon","coordinates":[[[83.12032,28.72647],[83.12062,28.72706],[83.12146,28.72709],[83.12199,28.72681],[83.12213,28.72614],[83.12195,28.72596],[83.12111,28.72603],[83.12032,28.72647]]]}},{"type":"Feature","properties":{"lake_id":"GL_29.10915_83.0701","l_km2":0.0382,"z":5267,"typ":"proglacial lake","d":0.0,"chg":7.8,"cls":"stable","glof":0,"prov":"Karnali","gnm":"","rgi":"RGI2000-v7.0-G-15-03856"},"geometry":{"type":"Polygon","coordinates":[[[83.06942,29.11038],[83.06972,29.11098],[83.07011,29.11103],[83.07075,29.11014],[83.0707,29.10887],[83.07031,29.1084],[83.0704,29.10701],[83.07015,29.10672],[83.06959,29.10768],[83.06985,29.10826],[83.06942,29.11038]]]}},{"type":"Feature","properties":{"lake_id":"GL_29.23971_82.95613","l_km2":0.0109,"z":4795,"typ":"unmatched","d":4569.0,"chg":26.6,"cls":"not assessed","glof":0,"prov":"Karnali","gnm":"","rgi":"RGI2000-v7.0-G-15-03716"},"geometry":{"type":"Polygon","coordinates":[[[82.9553,29.23976],[82.95549,29.2401],[82.95656,29.24007],[82.95698,29.23938],[82.95578,29.23938],[82.9553,29.23976]]]}},{"type":"Feature","properties":{"lake_id":"GL_29.24605_83.32807","l_km2":0.0113,"z":5310,"typ":"unmatched","d":359.0,"chg":15.3,"cls":"not assessed","glof":0,"prov":"Karnali","gnm":"","rgi":"RGI2000-v7.0-G-15-03889"},"geometry":{"type":"Polygon","coordinates":[[[83.3274,29.24625],[83.32753,29.24656],[83.32784,29.24662],[83.32847,29.24647],[83.32855,29.24533],[83.328,29.24548],[83.3274,29.24625]]]}},{"type":"Feature","properties":{"lake_id":"GL_29.22169_83.3329","l_km2":0.0289,"z":5272,"typ":"proglacial lake","d":1020.0,"chg":3.4,"cls":"stable","glof":0,"prov":"Karnali","gnm":"","rgi":"RGI2000-v7.0-G-15-03893"},"geometry":{"type":"Polygon","coordinates":[[[83.33175,29.22118],[83.33212,29.2221],[83.33279,29.2225],[83.33338,29.22253],[83.33412,29.22209],[83.33327,29.22094],[83.33197,29.22097],[83.33175,29.22118]]]}},{"type":"Feature","properties":{"lake_id":"GL_28.77238_82.96301","l_km2":0.0078,"z":4684,"typ":"unmatched","d":3581.0,"chg":0.1,"cls":"not assessed","glof":0,"prov":"Karnali","gnm":"","rgi":"RGI2000-v7.0-G-15-04435"},"geometry":{"type":"Polygon","coordinates":[[[82.96256,28.77193],[82.96277,28.77272],[82.96299,28.77292],[82.96334,28.77284],[82.96335,28.77209],[82.96256,28.77193]]]}},{"type":"Feature","properties":{"lake_id":"GL_29.10829_83.0254","l_km2":0.1218,"z":4876,"typ":"proglacial lake","d":823.0,"chg":4.9,"cls":"expanding","glof":0,"prov":"Karnali","gnm":"","rgi":"RGI2000-v7.0-G-15-03883"},"geometry":{"type":"Polygon","coordinates":[[[83.02314,29.10931],[83.02332,29.10985],[83.02384,29.11031],[83.0247,29.11005],[83.02571,29.11018],[83.02618,29.1093],[83.02706,29.10871],[83.02753,29.1069],[83.02732,29.10624],[83.0259,29.10644],[83.02483,29.10712],[83.02408,29.10705],[83.02388,29.10802],[83.02314,29.10931]]]}},{"type":"Feature","properties":{"lake_id":"GL_28.79026_82.98066","l_km2":0.0867,"z":4796,"typ":"proglacial lake","d":909.0,"chg":0.5,"cls":"stable","glof":0,"prov":"Karnali","gnm":"","rgi":"RGI2000-v7.0-G-15-04435"},"geometry":{"type":"Polygon","coordinates":[[[82.97877,28.79178],[82.97894,28.7922],[82.98039,28.79181],[82.98126,28.79137],[82.98235,28.79036],[82.98238,28.78974],[82.98189,28.78845],[82.98103,28.78848],[82.98001,28.78892],[82.97877,28.79178]]]}},{"type":"Feature","properties":{"lake_id":"GL_28.70704_83.16328","l_km2":0.0185,"z":5004,"typ":"proglacial lake","d":140.0,"chg":-0.7,"cls":"stable","glof":0,"prov":"Karnali","gnm":"","rgi":"RGI2000-v7.0-G-15-04344"},"geometry":{"type":"Polygon","coordinates":[[[83.16223,28.70693],[83.16301,28.70759],[83.1638,28.70763],[83.16421,28.7073],[83.16403,28.70669],[83.16322,28.70636],[83.16223,28.70693]]]}},{"type":"Feature","properties":{"lake_id":"GL_28.74863_83.06878","l_km2":0.0124,"z":4766,"typ":"unmatched","d":2013.0,"chg":-7.8,"cls":"stable","glof":0,"prov":"Karnali","gnm":"","rgi":"RGI2000-v7.0-G-15-04334"},"geometry":{"type":"Polygon","coordinates":[[[83.06808,28.74836],[83.06865,28.74938],[83.06898,28.74943],[83.06928,28.74803],[83.06883,28.74799],[83.06808,28.74836]]]}},{"type":"Feature","properties":{"lake_id":"GL_28.79839_83.1859","l_km2":0.0612,"z":5297,"typ":"proglacial lake","d":792.0,"chg":4.7,"cls":"stable","glof":0,"prov":"Karnali","gnm":"","rgi":"RGI2000-v7.0-G-15-04295"},"geometry":{"type":"Polygon","coordinates":[[[83.18272,28.79811],[83.18299,28.79842],[83.18387,28.79869],[83.18651,28.79897],[83.18758,28.79877],[83.18852,28.79921],[83.18985,28.79919],[83.18984,28.79888],[83.18949,28.79864],[83.18826,28.79862],[83.18717,28.79782],[83.1865,28.79767],[83.18644,28.79798],[83.18618,28.79806],[83.18434,28.79762],[83.18305,28.79767],[83.18272,28.79811]]]}},{"type":"Feature","properties":{"lake_id":"GL_28.7736_83.04076","l_km2":0.0085,"z":4990,"typ":"unmatched","d":333.0,"chg":0.0,"cls":"not assessed","glof":0,"prov":"Karnali","gnm":"","rgi":"RGI2000-v7.0-G-15-04425"},"geometry":{"type":"Polygon","coordinates":[[[83.0402,28.77344],[83.04021,28.77376],[83.04056,28.77401],[83.04146,28.77378],[83.04067,28.77312],[83.0402,28.77344]]]}},{"type":"Feature","properties":{"lake_id":"GL_28.98628_83.71366","l_km2":0.0159,"z":5621,"typ":"proglacial lake","d":196.0,"chg":-0.4,"cls":"stable","glof":0,"prov":"Karnali","gnm":"","rgi":"RGI2000-v7.0-G-15-04165"},"geometry":{"type":"Polygon","coordinates":[[[83.71238,28.98597],[83.71354,28.98694],[83.71483,28.9863],[83.71398,28.98583],[83.71238,28.98597]]]}},{"type":"Feature","properties":{"lake_id":"GL_28.76934_83.03538","l_km2":0.0198,"z":5016,"typ":"proglacial lake","d":248.0,"chg":1.5,"cls":"stable","glof":0,"prov":"Lumbini","gnm":"","rgi":"RGI2000-v7.0-G-15-04436"},"geometry":{"type":"Polygon","coordinates":[[[83.0342,28.76948],[83.03579,28.77006],[83.03614,28.76965],[83.03612,28.76901],[83.03591,28.76859],[83.03552,28.76845],[83.03526,28.76887],[83.0342,28.76948]]]}},{"type":"Feature","properties":{"lake_id":"GL_28.76644_83.04357","l_km2":0.0171,"z":5082,"typ":"unmatched","d":0.0,"chg":null,"cls":"not assessed","glof":0,"prov":"Lumbini","gnm":"","rgi":"RGI2000-v7.0-G-15-04436"},"geometry":{"type":"Polygon","coordinates":[[[83.04251,28.7658],[83.04261,28.76667],[83.04351,28.76662],[83.04405,28.76706],[83.0448,28.7669],[83.0444,28.76625],[83.04375,28.76615],[83.04387,28.76629],[83.04369,28.76636],[83.04368,28.76609],[83.0434,28.76595],[83.04251,28.7658]]]}},{"type":"Feature","properties":{"lake_id":"GL_29.035_83.03618","l_km2":0.0143,"z":5010,"typ":"unmatched","d":917.0,"chg":51.6,"cls":"not assessed","glof":0,"prov":"Karnali","gnm":"","rgi":"RGI2000-v7.0-G-15-03867"},"geometry":{"type":"Polygon","coordinates":[[[83.03543,29.03491],[83.03573,29.03562],[83.03657,29.03552],[83.03697,29.03501],[83.03678,29.0346],[83.03649,29.03464],[83.03611,29.03425],[83.03543,29.03491]]]}},{"type":"Feature","properties":{"lake_id":"GL_28.99231_83.21568","l_km2":0.0245,"z":5193,"typ":"proglacial lake","d":1381.0,"chg":3.3,"cls":"stable","glof":0,"prov":"Karnali","gnm":"","rgi":"RGI2000-v7.0-G-15-04273"},"geometry":{"type":"Polygon","coordinates":[[[83.21413,28.99249],[83.21502,28.9928],[83.21594,28.99283],[83.21726,28.99202],[83.21688,28.99181],[83.21536,28.9918],[83.21467,28.99196],[83.21413,28.99249]]]}},{"type":"Feature","properties":{"lake_id":"GL_27.89385_86.91385","l_km2":0.1062,"z":4976,"typ":"proglacial lake","d":222.0,"chg":-3.2,"cls":"stable","glof":0,"prov":"Karnali","gnm":"","rgi":"RGI2000-v7.0-G-15-06796"},"geometry":{"type":"Polygon","coordinates":[[[86.91193,27.89406],[86.91201,27.89462],[86.91235,27.89503],[86.91337,27.8955],[86.91414,27.89551],[86.91565,27.89435],[86.91563,27.89289],[86.91485,27.89226],[86.91388,27.89242],[86.91315,27.89226],[86.91221,27.89321],[86.91193,27.89406]]]}},{"type":"Feature","properties":{"lake_id":"GL_27.64968_86.58036","l_km2":0.0107,"z":4240,"typ":"unmatched","d":7023.0,"chg":8.0,"cls":"not assessed","glof":0,"prov":"Karnali","gnm":"","rgi":"RGI2000-v7.0-G-15-08476"},"geometry":{"type":"Polygon","coordinates":[[[86.57954,27.64987],[86.57962,27.65012],[86.58035,27.65011],[86.58112,27.64971],[86.58112,27.64938],[86.58029,27.64928],[86.57954,27.64987]]]}},{"type":"Feature","properties":{"lake_id":"GL_27.72484_86.90033","l_km2":0.0298,"z":5205,"typ":"proglacial lake","d":47.0,"chg":-4.7,"cls":"stable","glof":0,"prov":"Lumbini","gnm":"","rgi":"RGI2000-v7.0-G-15-06878"},"geometry":{"type":"Polygon","coordinates":[[[86.89918,27.72469],[86.89934,27.72517],[86.90072,27.72589],[86.90082,27.72547],[86.90145,27.72502],[86.90123,27.72435],[86.90003,27.72397],[86.89957,27.72414],[86.89918,27.72469]]]}},{"type":"Feature","properties":{"lake_id":"GL_27.83685_86.93563","l_km2":0.2834,"z":5203,"typ":"proglacial lake","d":119.0,"chg":2.0,"cls":"expanding","glof":0,"prov":"Karnali","gnm":"Hungu and Merala","rgi":"RGI2000-v7.0-G-15-06769"},"geometry":{"type":"Polygon","coordinates":[[[86.93269,27.83091],[86.93277,27.83144],[86.93347,27.83236],[86.93326,27.834],[86.93379,27.83651],[86.93517,27.83864],[86.93628,27.84094],[86.93638,27.84161],[86.93732,27.8426],[86.93805,27.84222],[86.93776,27.84161],[86.93862,27.84107],[86.93899,27.84052],[86.93779,27.8387],[86.93773,27.83821],[86.93675,27.83727],[86.93661,27.83639],[86.93539,27.83373],[86.93361,27.83301],[86.93432,27.83258],[86.93442,27.83137],[86.93468,27.83135],[86.93467,27.83005],[86.9331,27.83043],[86.93269,27.83091]]]}},{"type":"Feature","properties":{"lake_id":"GL_27.90079_86.57626","l_km2":0.0272,"z":5163,"typ":"proglacial lake","d":215.0,"chg":2.3,"cls":"stable","glof":0,"prov":"Lumbini","gnm":"","rgi":"RGI2000-v7.0-G-15-08537"},"geometry":{"type":"Polygon","coordinates":[[[86.57522,27.90076],[86.5756,27.90142],[86.57619,27.90142],[86.57664,27.90178],[86.57697,27.90153],[86.57723,27.90037],[86.5766,27.89997],[86.57595,27.90002],[86.57557,27.90017],[86.57522,27.90076]]]}},{"type":"Feature","properties":{"lake_id":"GL_27.92102_86.67505","l_km2":0.068,"z":5239,"typ":"unmatched","d":0.0,"chg":66.0,"cls":"expanding","glof":0,"prov":"Gandaki","gnm":"","rgi":"RGI2000-v7.0-G-15-06701"},"geometry":{"type":"Polygon","coordinates":[[[86.67295,27.92082],[86.67309,27.9213],[86.67335,27.92141],[86.67305,27.92172],[86.67325,27.92214],[86.674,27.92117],[86.67532,27.92234],[86.67579,27.922],[86.67614,27.92231],[86.67675,27.92175],[86.67635,27.92012],[86.67541,27.91974],[86.67444,27.92026],[86.67366,27.92019],[86.67295,27.92082]]]}},{"type":"Feature","properties":{"lake_id":"GL_27.68101_86.85375","l_km2":0.1185,"z":4690,"typ":"proglacial lake","d":730.0,"chg":2.0,"cls":"stable","glof":0,"prov":"Lumbini","gnm":"","rgi":"RGI2000-v7.0-G-15-06863"},"geometry":{"type":"Polygon","coordinates":[[[86.85109,27.68139],[86.85141,27.68152],[86.85165,27.68271],[86.85202,27.68235],[86.85257,27.68226],[86.85355,27.68247],[86.85462,27.68192],[86.85472,27.68127],[86.85436,27.68103],[86.85452,27.68062],[86.85495,27.68083],[86.85525,27.6817],[86.85626,27.68196],[86.85652,27.68154],[86.85604,27.68011],[86.85619,27.67936],[86.85574,27.67926],[86.85353,27.68022],[86.85178,27.67991],[86.85125,27.68067],[86.85109,27.68139]]]}},{"type":"Feature","properties":{"lake_id":"GL_27.93812_86.7133","l_km2":0.002,"z":4697,"typ":"unmatched","d":0.0,"chg":null,"cls":"not assessed","glof":0,"prov":"Karnali","gnm":"Ngojumba","rgi":"RGI2000-v7.0-G-15-08305"},"geometry":{"type":"Polygon","coordinates":[[[86.71305,27.93793],[86.71325,27.93835],[86.71352,27.93837],[86.71348,27.93795],[86.71305,27.93793]]]}},{"type":"Feature","properties":{"lake_id":"GL_29.04582_83.6741","l_km2":0.1348,"z":5438,"typ":"proglacial lake","d":629.0,"chg":1.7,"cls":"stable","glof":0,"prov":"Lumbini","gnm":"","rgi":"RGI2000-v7.0-G-15-04152"},"geometry":{"type":"Polygon","coordinates":[[[83.67094,29.04529],[83.67233,29.04663],[83.67463,29.04769],[83.6758,29.04761],[83.67571,29.04722],[83.67516,29.04721],[83.67517,29.04703],[83.67659,29.04696],[83.67645,29.04569],[83.67547,29.0452],[83.67422,29.04371],[83.67326,29.0438],[83.67327,29.04415],[83.67301,29.04417],[83.67265,29.04488],[83.67197,29.04476],[83.67175,29.04558],[83.67127,29.04525],[83.67094,29.04529]]]}},{"type":"Feature","properties":{"lake_id":"GL_27.93813_86.71214","l_km2":0.0084,"z":4697,"typ":"unmatched","d":0.0,"chg":-92.8,"cls":"shrinking","glof":0,"prov":"Gandaki","gnm":"Ngojumba","rgi":"RGI2000-v7.0-G-15-08305"},"geometry":{"type":"Polygon","coordinates":[[[86.71154,27.93842],[86.71199,27.93874],[86.71211,27.93842],[86.71283,27.93813],[86.71293,27.93788],[86.71177,27.93771],[86.71154,27.93842]]]}},{"type":"Feature","properties":{"lake_id":"GL_29.07524_83.65424","l_km2":0.0368,"z":5464,"typ":"proglacial lake","d":406.0,"chg":1.1,"cls":"stable","glof":0,"prov":"Lumbini","gnm":"","rgi":"RGI2000-v7.0-G-15-04175"},"geometry":{"type":"Polygon","coordinates":[[[83.65304,29.07424],[83.65302,29.07507],[83.65359,29.07568],[83.65431,29.07582],[83.65478,29.07635],[83.65544,29.07652],[83.65566,29.07635],[83.6556,29.07569],[83.65362,29.07385],[83.65304,29.07424]]]}},{"type":"Feature","properties":{"lake_id":"GL_29.20074_83.48921","l_km2":0.0042,"z":5517,"typ":"proglacial lake","d":0.0,"chg":-26.8,"cls":"not assessed","glof":0,"prov":"Lumbini","gnm":"","rgi":"RGI2000-v7.0-G-15-03915"},"geometry":{"type":"Polygon","coordinates":[[[83.48876,29.20057],[83.48918,29.20105],[83.48949,29.20102],[83.48967,29.20068],[83.48911,29.20045],[83.48876,29.20057]]]}},{"type":"Feature","properties":{"lake_id":"GL_28.96883_83.60563","l_km2":0.0103,"z":5489,"typ":"proglacial lake","d":388.0,"chg":4.4,"cls":"not assessed","glof":0,"prov":"Karnali","gnm":"","rgi":"RGI2000-v7.0-G-15-04115"},"geometry":{"type":"Polygon","coordinates":[[[83.60485,28.9695],[83.60514,28.96953],[83.60593,28.9691],[83.60637,28.9684],[83.60542,28.96839],[83.60485,28.9695]]]}},{"type":"Feature","properties":{"lake_id":"GL_29.21489_83.45713","l_km2":0.0203,"z":5597,"typ":"proglacial lake","d":237.0,"chg":-2.4,"cls":"stable","glof":0,"prov":"Karnali","gnm":"","rgi":"RGI2000-v7.0-G-15-03912"},"geometry":{"type":"Polygon","coordinates":[[[83.45637,29.21486],[83.45648,29.21547],[83.4568,29.21566],[83.45759,29.21549],[83.45797,29.2149],[83.45741,29.21396],[83.45664,29.21424],[83.45637,29.21486]]]}},{"type":"Feature","properties":{"lake_id":"GL_29.19641_83.43307","l_km2":0.0071,"z":5299,"typ":"unmatched","d":623.0,"chg":-5.7,"cls":"not assessed","glof":0,"prov":"Province 1","gnm":"","rgi":"RGI2000-v7.0-G-15-03905"},"geometry":{"type":"Polygon","coordinates":[[[83.43255,29.19651],[83.4327,29.19687],[83.43331,29.19671],[83.43359,29.1961],[83.43301,29.196],[83.43255,29.19651]]]}},{"type":"Feature","properties":{"lake_id":"GL_28.97061_83.64019","l_km2":0.0261,"z":5503,"typ":"proglacial lake","d":225.0,"chg":5.7,"cls":"stable","glof":0,"prov":"Province 1","gnm":"","rgi":"RGI2000-v7.0-G-15-04119"},"geometry":{"type":"Polygon","coordinates":[[[83.63844,28.97094],[83.63996,28.9713],[83.64096,28.97094],[83.6416,28.97031],[83.64118,28.96974],[83.63975,28.9702],[83.63844,28.97094]]]}},{"type":"Feature","properties":{"lake_id":"GL_28.97377_83.74043","l_km2":0.0179,"z":5694,"typ":"unconnected glacial lake","d":0.0,"chg":4.5,"cls":"stable","glof":0,"prov":"Province 1","gnm":"","rgi":"RGI2000-v7.0-G-15-04245"},"geometry":{"type":"Polygon","coordinates":[[[83.7393,28.9735],[83.73946,28.97406],[83.74016,28.97424],[83.74127,28.97411],[83.74154,28.97379],[83.7412,28.97325],[83.74012,28.97357],[83.73958,28.97331],[83.7393,28.9735]]]}},{"type":"Feature","properties":{"lake_id":"GL_28.96692_83.60462","l_km2":0.0277,"z":5489,"typ":"proglacial lake","d":212.0,"chg":-1.7,"cls":"stable","glof":0,"prov":"Province 1","gnm":"","rgi":"RGI2000-v7.0-G-15-04115"},"geometry":{"type":"Polygon","coordinates":[[[83.60361,28.96656],[83.60407,28.96771],[83.60505,28.96767],[83.60552,28.96744],[83.60547,28.96689],[83.60574,28.96639],[83.60539,28.96613],[83.60468,28.96643],[83.60395,28.96607],[83.60361,28.96656]]]}},{"type":"Feature","properties":{"lake_id":"GL_27.96722_86.7329","l_km2":0.0064,"z":5313,"typ":"unmatched","d":1205.0,"chg":34.6,"cls":"not assessed","glof":0,"prov":"Province 1","gnm":"","rgi":"RGI2000-v7.0-G-15-08303"},"geometry":{"type":"Polygon","coordinates":[[[86.73241,27.96756],[86.73267,27.96776],[86.73328,27.96728],[86.73339,27.96681],[86.73286,27.96679],[86.73241,27.96756]]]}},{"type":"Feature","properties":{"lake_id":"GL_28.00027_86.62415","l_km2":0.0336,"z":4950,"typ":"supraglacial lake","d":0.0,"chg":-2.1,"cls":"stable","glof":0,"prov":"Province 1","gnm":"Lumsamba","rgi":"RGI2000-v7.0-G-15-06678"},"geometry":{"type":"Polygon","coordinates":[[[86.6229,27.99932],[86.62345,27.99986],[86.6234,28.00013],[86.6231,28.00022],[86.62342,28.00093],[86.62425,28.00091],[86.62484,28.00129],[86.62544,28.00098],[86.62511,28.00026],[86.62377,27.99914],[86.6229,27.99932]]]}},{"type":"Feature","properties":{"lake_id":"GL_29.01739_83.63524","l_km2":0.0383,"z":5546,"typ":"proglacial lake","d":283.0,"chg":7.0,"cls":"stable","glof":0,"prov":"Province 1","gnm":"","rgi":"RGI2000-v7.0-G-15-04148"},"geometry":{"type":"Polygon","coordinates":[[[83.63334,29.0174],[83.63353,29.0178],[83.63442,29.01818],[83.63593,29.01773],[83.63657,29.01786],[83.63723,29.0172],[83.63722,29.01689],[83.63519,29.01679],[83.63444,29.01706],[83.63364,29.01705],[83.63334,29.0174]]]}},{"type":"Feature","properties":{"lake_id":"GL_28.0168_86.58152","l_km2":0.0104,"z":4983,"typ":"unmatched","d":0.0,"chg":-33.7,"cls":"shrinking","glof":0,"prov":"Province 1","gnm":"Bhote Kosi","rgi":"RGI2000-v7.0-G-15-08551"},"geometry":{"type":"Polygon","coordinates":[[[86.58091,28.01669],[86.58127,28.01696],[86.58143,28.01758],[86.58164,28.01759],[86.582,28.01711],[86.58193,28.01644],[86.58158,28.01619],[86.58117,28.01622],[86.58091,28.01669]]]}},{"type":"Feature","properties":{"lake_id":"GL_27.97106_86.63519","l_km2":0.0141,"z":5053,"typ":"proglacial lake","d":663.0,"chg":0.3,"cls":"stable","glof":0,"prov":"Gandaki","gnm":"","rgi":"RGI2000-v7.0-G-15-06694"},"geometry":{"type":"Polygon","coordinates":[[[86.63428,27.97127],[86.63536,27.97149],[86.63621,27.97115],[86.63508,27.97052],[86.63447,27.97082],[86.63428,27.97127]]]}},{"type":"Feature","properties":{"lake_id":"GL_30.40411_81.45102","l_km2":0.0353,"z":5690,"typ":"proglacial lake","d":522.0,"chg":4.8,"cls":"stable","glof":0,"prov":"Province 1","gnm":"CN5Z342A0019","rgi":"RGI2000-v7.0-G-14-35863"},"geometry":{"type":"Polygon","coordinates":[[[81.45019,30.4054],[81.45031,30.40569],[81.45117,30.40552],[81.4518,30.40391],[81.45171,30.40286],[81.45097,30.40276],[81.45057,30.40305],[81.45022,30.4043],[81.45056,30.40514],[81.45019,30.4054]]]}},{"type":"Feature","properties":{"lake_id":"GL_29.09291_83.6315","l_km2":0.0155,"z":5599,"typ":"unmatched","d":521.0,"chg":17.2,"cls":"stable","glof":0,"prov":"Gandaki","gnm":"","rgi":"RGI2000-v7.0-G-15-04180"},"geometry":{"type":"Polygon","coordinates":[[[83.63068,29.09233],[83.63074,29.09303],[83.63139,29.09327],[83.63183,29.0938],[83.63226,29.09311],[83.63223,29.09267],[83.63093,29.09221],[83.63068,29.09233]]]}},{"type":"Feature","properties":{"lake_id":"GL_29.08975_83.63421","l_km2":0.0173,"z":5588,"typ":"proglacial lake","d":451.0,"chg":1.1,"cls":"stable","glof":0,"prov":"Karnali","gnm":"","rgi":"RGI2000-v7.0-G-15-04180"},"geometry":{"type":"Polygon","coordinates":[[[83.63323,29.08928],[83.63448,29.09064],[83.63495,29.09055],[83.635,29.09017],[83.63434,29.08904],[83.6338,29.08898],[83.63323,29.08928]]]}},{"type":"Feature","properties":{"lake_id":"GL_29.16818_83.5629","l_km2":0.034,"z":5466,"typ":"unconnected glacial lake","d":6642.0,"chg":3.1,"cls":"stable","glof":0,"prov":"Gandaki","gnm":"","rgi":"RGI2000-v7.0-G-15-03918"},"geometry":{"type":"Polygon","coordinates":[[[83.5617,29.16821],[83.56208,29.16875],[83.56288,29.16893],[83.56365,29.16899],[83.56433,29.1685],[83.5638,29.16777],[83.56281,29.1674],[83.56174,29.16743],[83.5617,29.16821]]]}},{"type":"Feature","properties":{"lake_id":"GL_30.30895_81.63954","l_km2":0.0484,"z":5148,"typ":"unmatched","d":10957.0,"chg":5.1,"cls":"stable","glof":0,"prov":"Karnali","gnm":"","rgi":"RGI2000-v7.0-G-15-02826"},"geometry":{"type":"Polygon","coordinates":[[[81.63799,30.30918],[81.6382,30.30968],[81.63902,30.31016],[81.64099,30.30927],[81.64069,30.30823],[81.64021,30.30763],[81.6394,30.30787],[81.63799,30.30918]]]}},{"type":"Feature","properties":{"lake_id":"GL_30.30857_81.6541","l_km2":0.0139,"z":5034,"typ":"unmatched","d":11254.0,"chg":3.3,"cls":"stable","glof":0,"prov":"Karnali","gnm":"","rgi":"RGI2000-v7.0-G-15-02826"},"geometry":{"type":"Polygon","coordinates":[[[81.65315,30.30878],[81.65426,30.30917],[81.65468,30.30883],[81.65486,30.30825],[81.65402,30.30793],[81.65315,30.30878]]]}},{"type":"Feature","properties":{"lake_id":"GL_29.14876_83.54525","l_km2":0.0512,"z":5443,"typ":"unconnected glacial lake","d":6969.0,"chg":-31.0,"cls":"shrinking","glof":0,"prov":"Gandaki","gnm":"","rgi":"RGI2000-v7.0-G-15-03918"},"geometry":{"type":"Polygon","coordinates":[[[83.54359,29.1481],[83.54389,29.14897],[83.54477,29.14952],[83.54652,29.14974],[83.54701,29.14931],[83.54704,29.14904],[83.54664,29.14858],[83.54483,29.14775],[83.5439,29.14775],[83.54359,29.1481]]]}},{"type":"Feature","properties":{"lake_id":"GL_29.10429_83.63803","l_km2":0.0397,"z":5682,"typ":"proglacial lake","d":553.0,"chg":-0.9,"cls":"stable","glof":0,"prov":"Gandaki","gnm":"","rgi":"RGI2000-v7.0-G-15-04185"},"geometry":{"type":"Polygon","coordinates":[[[83.63723,29.10412],[83.63728,29.10549],[83.63769,29.10599],[83.63898,29.10434],[83.63889,29.10342],[83.63806,29.1029],[83.63769,29.10291],[83.63723,29.10412]]]}},{"type":"Feature","properties":{"lake_id":"GL_27.80308_87.67946","l_km2":0.0171,"z":4941,"typ":"proglacial lake","d":169.0,"chg":9.3,"cls":"stable","glof":0,"prov":"Gandaki","gnm":"","rgi":"RGI2000-v7.0-G-15-07417"},"geometry":{"type":"Polygon","coordinates":[[[87.6786,27.80245],[87.67861,27.80327],[87.67928,27.80359],[87.68005,27.80355],[87.6808,27.8032],[87.67892,27.80249],[87.6786,27.80245]]]}},{"type":"Feature","properties":{"lake_id":"GL_27.63887_87.63374","l_km2":0.1674,"z":4292,"typ":"unconnected glacial lake","d":3016.0,"chg":0.6,"cls":"stable","glof":0,"prov":"Province 1","gnm":"","rgi":"RGI2000-v7.0-G-15-07454"},"geometry":{"type":"Polygon","coordinates":[[[87.63147,27.63955],[87.63156,27.63993],[87.63192,27.64009],[87.63184,27.64049],[87.63225,27.64052],[87.63259,27.64094],[87.63371,27.64129],[87.63422,27.64111],[87.63484,27.64069],[87.63565,27.63964],[87.63607,27.63856],[87.63582,27.63744],[87.63501,27.63751],[87.63511,27.63701],[87.63429,27.63654],[87.63189,27.63735],[87.63178,27.63762],[87.63203,27.63811],[87.63147,27.63955]]]}},{"type":"Feature","properties":{"lake_id":"GL_27.68134_87.69503","l_km2":0.1222,"z":4630,"typ":"unconnected glacial lake","d":813.0,"chg":null,"cls":"not assessed","glof":0,"prov":"Province 1","gnm":"","rgi":"RGI2000-v7.0-G-15-07462"},"geometry":{"type":"Polygon","coordinates":[[[87.69207,27.68104],[87.69264,27.682],[87.695,27.68278],[87.69672,27.68234],[87.69745,27.68188],[87.69779,27.68128],[87.69705,27.68019],[87.69652,27.67994],[87.69529,27.68001],[87.69426,27.68045],[87.69286,27.68044],[87.69225,27.68072],[87.69207,27.68104]]]}},{"type":"Feature","properties":{"lake_id":"GL_27.62923_87.61504","l_km2":0.0361,"z":4429,"typ":"unmatched","d":3938.0,"chg":null,"cls":"not assessed","glof":0,"prov":"Gandaki","gnm":"","rgi":"RGI2000-v7.0-G-15-07454"},"geometry":{"type":"Polygon","coordinates":[[[87.61397,27.62802],[87.61402,27.6291],[87.61473,27.62941],[87.61455,27.63],[87.61486,27.6304],[87.61526,27.63047],[87.61587,27.63022],[87.61627,27.62931],[87.61529,27.62872],[87.61438,27.62778],[87.61397,27.62802]]]}},{"type":"Feature","properties":{"lake_id":"GL_27.63577_87.62422","l_km2":0.0536,"z":4432,"typ":"unconnected glacial lake","d":3204.0,"chg":null,"cls":"not assessed","glof":0,"prov":"Province 1","gnm":"","rgi":"RGI2000-v7.0-G-15-07454"},"geometry":{"type":"Polygon","coordinates":[[[87.62293,27.63515],[87.62357,27.63702],[87.62438,27.63691],[87.62481,27.63709],[87.62521,27.63685],[87.62543,27.63557],[87.62459,27.63467],[87.62412,27.63448],[87.62341,27.63453],[87.62311,27.63464],[87.62293,27.63515]]]}},{"type":"Feature","properties":{"lake_id":"GL_27.7386_87.77859","l_km2":0.1919,"z":4709,"typ":"unconnected glacial lake","d":496.0,"chg":-0.2,"cls":"stable","glof":0,"prov":"Province 1","gnm":"","rgi":"RGI2000-v7.0-G-15-07463"},"geometry":{"type":"Polygon","coordinates":[[[87.77629,27.73568],[87.77674,27.73638],[87.77686,27.73732],[87.77666,27.73832],[87.77718,27.74066],[87.7781,27.74136],[87.77901,27.7412],[87.78029,27.74141],[87.78014,27.73954],[87.78053,27.73811],[87.7802,27.73658],[87.77993,27.73634],[87.77715,27.73598],[87.77629,27.73568]]]}},{"type":"Feature","properties":{"lake_id":"GL_27.62041_87.7117","l_km2":0.0908,"z":4467,"typ":"unconnected glacial lake","d":6162.0,"chg":null,"cls":"not assessed","glof":0,"prov":"Karnali","gnm":"","rgi":"RGI2000-v7.0-G-15-07462"},"geometry":{"type":"Polygon","coordinates":[[[87.70948,27.62002],[87.70967,27.62038],[87.70957,27.62123],[87.7101,27.62155],[87.71166,27.62152],[87.71336,27.62113],[87.714,27.62074],[87.71426,27.62025],[87.71357,27.61964],[87.71213,27.61939],[87.71134,27.61883],[87.71091,27.61947],[87.70948,27.62002]]]}},{"type":"Feature","properties":{"lake_id":"GL_27.71739_87.79028","l_km2":0.0435,"z":4477,"typ":"unconnected glacial lake","d":2089.0,"chg":-1.0,"cls":"stable","glof":0,"prov":"Gandaki","gnm":"","rgi":"RGI2000-v7.0-G-15-07463"},"geometry":{"type":"Polygon","coordinates":[[[87.78927,27.71654],[87.78954,27.71789],[87.79072,27.71903],[87.79125,27.71859],[87.7913,27.71814],[87.7912,27.71767],[87.79069,27.71711],[87.79079,27.71624],[87.78963,27.71593],[87.78927,27.71654]]]}},{"type":"Feature","properties":{"lake_id":"GL_27.62602_87.7407","l_km2":0.0345,"z":4355,"typ":"unmatched","d":6412.0,"chg":null,"cls":"not assessed","glof":0,"prov":"Gandaki","gnm":"","rgi":"RGI2000-v7.0-G-15-07462"},"geometry":{"type":"Polygon","coordinates":[[[87.73966,27.6256],[87.73993,27.6264],[87.74119,27.6276],[87.74115,27.62713],[87.74167,27.62624],[87.74132,27.62527],[87.74022,27.62491],[87.73966,27.6256]]]}},{"type":"Feature","properties":{"lake_id":"GL_27.62042_87.73646","l_km2":0.0807,"z":4457,"typ":"unmatched","d":6494.0,"chg":4.9,"cls":"stable","glof":0,"prov":"Karnali","gnm":"","rgi":"RGI2000-v7.0-G-15-07462"},"geometry":{"type":"Polygon","coordinates":[[[87.7342,27.61901],[87.73699,27.62065],[87.73671,27.62139],[87.73676,27.62345],[87.73648,27.62399],[87.73667,27.62446],[87.737,27.62479],[87.7371,27.62479],[87.73758,27.62328],[87.73765,27.62204],[87.737,27.62018],[87.73697,27.61811],[87.73647,27.61769],[87.73604,27.61771],[87.73573,27.61792],[87.73566,27.61835],[87.73493,27.61849],[87.7342,27.61901]]]}},{"type":"Feature","properties":{"lake_id":"GL_27.82637_87.79936","l_km2":0.0247,"z":5122,"typ":"proglacial lake","d":180.0,"chg":-1.5,"cls":"stable","glof":0,"prov":"Karnali","gnm":"","rgi":"RGI2000-v7.0-G-15-07485"},"geometry":{"type":"Polygon","coordinates":[[[87.79767,27.82574],[87.79785,27.82626],[87.79897,27.82669],[87.80174,27.827],[87.79901,27.8258],[87.79767,27.82574]]]}},{"type":"Feature","properties":{"lake_id":"GL_27.63219_87.61444","l_km2":0.0591,"z":4433,"typ":"unconnected glacial lake","d":3565.0,"chg":null,"cls":"not assessed","glof":0,"prov":"Karnali","gnm":"","rgi":"RGI2000-v7.0-G-15-07454"},"geometry":{"type":"Polygon","coordinates":[[[87.61332,27.63106],[87.61335,27.63229],[87.61427,27.63378],[87.61457,27.63394],[87.61524,27.63365],[87.61552,27.63256],[87.61486,27.63071],[87.61443,27.63053],[87.61332,27.63106]]]}},{"type":"Feature","properties":{"lake_id":"GL_27.6251_87.54836","l_km2":0.017,"z":4466,"typ":"unconnected glacial lake","d":7692.0,"chg":0.5,"cls":"stable","glof":0,"prov":"Karnali","gnm":"","rgi":"RGI2000-v7.0-G-15-07452"},"geometry":{"type":"Polygon","coordinates":[[[87.54752,27.62456],[87.54816,27.62583],[87.54861,27.62602],[87.54905,27.62493],[87.54822,27.62434],[87.54752,27.62456]]]}},{"type":"Feature","properties":{"lake_id":"GL_27.64048_87.61855","l_km2":0.0472,"z":4570,"typ":"unconnected glacial lake","d":2554.0,"chg":-4.9,"cls":"stable","glof":0,"prov":"Karnali","gnm":"","rgi":"RGI2000-v7.0-G-15-07454"},"geometry":{"type":"Polygon","coordinates":[[[87.61693,27.63942],[87.61712,27.64027],[87.61761,27.64016],[87.6181,27.64042],[87.61867,27.64143],[87.61928,27.6415],[87.61928,27.64224],[87.61975,27.64268],[87.62012,27.64271],[87.61968,27.64085],[87.61886,27.63968],[87.61742,27.63884],[87.61718,27.63886],[87.61693,27.63942]]]}},{"type":"Feature","properties":{"lake_id":"GL_27.67593_87.73439","l_km2":0.0252,"z":4446,"typ":"unmatched","d":2579.0,"chg":null,"cls":"not assessed","glof":0,"prov":"Gandaki","gnm":"","rgi":"RGI2000-v7.0-G-15-07462"},"geometry":{"type":"Polygon","coordinates":[[[87.73362,27.6752],[87.73391,27.67646],[87.73483,27.67721],[87.73479,27.6767],[87.73519,27.6764],[87.73511,27.6758],[87.73443,27.67496],[87.73388,27.6749],[87.73362,27.6752]]]}},{"type":"Feature","properties":{"lake_id":"GL_27.67355_87.69421","l_km2":0.0157,"z":4521,"typ":"unconnected glacial lake","d":1117.0,"chg":null,"cls":"not assessed","glof":0,"prov":"Province 1","gnm":"","rgi":"RGI2000-v7.0-G-15-07462"},"geometry":{"type":"Polygon","coordinates":[[[87.6935,27.67369],[87.69399,27.67424],[87.69474,27.67399],[87.69488,27.67337],[87.69457,27.67274],[87.6938,27.67307],[87.6935,27.67369]]]}},{"type":"Feature","properties":{"lake_id":"GL_30.1634_81.65876","l_km2":0.0161,"z":4957,"typ":"proglacial lake","d":253.0,"chg":2.8,"cls":"stable","glof":0,"prov":"Province 1","gnm":"","rgi":"RGI2000-v7.0-G-15-02834"},"geometry":{"type":"Polygon","coordinates":[[[81.65768,30.16356],[81.65789,30.16383],[81.65859,30.16365],[81.65916,30.16388],[81.65965,30.16373],[81.65978,30.16339],[81.65946,30.16301],[81.6589,30.16281],[81.65853,30.16307],[81.65793,30.16309],[81.65768,30.16356]]]}},{"type":"Feature","properties":{"lake_id":"GL_29.90489_81.70012","l_km2":0.011,"z":4630,"typ":"unmatched","d":953.0,"chg":-3.0,"cls":"stable","glof":0,"prov":"Province 1","gnm":"","rgi":"RGI2000-v7.0-G-15-02463"},"geometry":{"type":"Polygon","coordinates":[[[81.69927,29.90527],[81.69967,29.90577],[81.69979,29.90534],[81.70072,29.90501],[81.70072,29.90416],[81.70047,29.90413],[81.69927,29.90527]]]}},{"type":"Feature","properties":{"lake_id":"GL_29.99043_81.35659","l_km2":0.0133,"z":5130,"typ":"unmatched","d":2426.0,"chg":15.9,"cls":"not assessed","glof":0,"prov":"Province 1","gnm":"","rgi":"RGI2000-v7.0-G-15-02268"},"geometry":{"type":"Polygon","coordinates":[[[81.35587,29.99036],[81.35647,29.99106],[81.35732,29.9907],[81.35721,29.99012],[81.35678,29.99014],[81.35638,29.98976],[81.35587,29.99036]]]}},{"type":"Feature","properties":{"lake_id":"GL_30.16314_81.66325","l_km2":0.021,"z":4899,"typ":"proglacial lake","d":120.0,"chg":-70.6,"cls":"shrinking","glof":1,"prov":"Province 1","gnm":"","rgi":"RGI2000-v7.0-G-15-02834"},"geometry":{"type":"Polygon","coordinates":[[[81.66218,30.16301],[81.66254,30.1635],[81.66366,30.16382],[81.66435,30.16367],[81.6637,30.16254],[81.66262,30.16254],[81.66218,30.16301]]]}},{"type":"Feature","properties":{"lake_id":"GL_29.85347_81.61744","l_km2":0.0095,"z":4589,"typ":"unconnected glacial lake","d":1228.0,"chg":8.3,"cls":"not assessed","glof":0,"prov":"Province 1","gnm":"","rgi":"RGI2000-v7.0-G-15-02472"},"geometry":{"type":"Polygon","coordinates":[[[81.61693,29.85294],[81.61702,29.85363],[81.61752,29.8541],[81.61783,29.85411],[81.61789,29.85346],[81.61731,29.85274],[81.61693,29.85294]]]}},{"type":"Feature","properties":{"lake_id":"GL_29.97554_81.17693","l_km2":0.015,"z":4386,"typ":"unconnected glacial lake","d":621.0,"chg":43.5,"cls":"not assessed","glof":0,"prov":"Province 1","gnm":"","rgi":"RGI2000-v7.0-G-15-02246"},"geometry":{"type":"Polygon","coordinates":[[[81.17618,29.9755],[81.17651,29.97604],[81.17697,29.97617],[81.17752,29.97586],[81.17777,29.97541],[81.17721,29.975],[81.17678,29.97498],[81.1763,29.97514],[81.17618,29.9755]]]}},{"type":"Feature","properties":{"lake_id":"GL_29.8923_81.73465","l_km2":0.0522,"z":4535,"typ":"unconnected glacial lake","d":1737.0,"chg":3.2,"cls":"stable","glof":0,"prov":"Province 1","gnm":"","rgi":"RGI2000-v7.0-G-15-02467"},"geometry":{"type":"Polygon","coordinates":[[[81.7329,29.89128],[81.73301,29.89238],[81.73451,29.89313],[81.73589,29.89331],[81.73678,29.89265],[81.73674,29.89241],[81.73561,29.89193],[81.73445,29.89183],[81.73397,29.89108],[81.73339,29.89103],[81.7329,29.89128]]]}},{"type":"Feature","properties":{"lake_id":"GL_27.6388_87.61584","l_km2":0.0113,"z":4575,"typ":"unmatched","d":2938.0,"chg":3.2,"cls":"stable","glof":0,"prov":"Province 1","gnm":"","rgi":"RGI2000-v7.0-G-15-07454"},"geometry":{"type":"Polygon","coordinates":[[[87.61519,27.63865],[87.61529,27.63908],[87.61616,27.63946],[87.61652,27.63884],[87.61624,27.6383],[87.61545,27.63834],[87.61519,27.63865]]]}},{"type":"Feature","properties":{"lake_id":"GL_27.67237_87.72806","l_km2":0.0434,"z":4691,"typ":"unconnected glacial lake","d":2008.0,"chg":null,"cls":"not assessed","glof":0,"prov":"Province 1","gnm":"","rgi":"RGI2000-v7.0-G-15-07462"},"geometry":{"type":"Polygon","coordinates":[[[87.72715,27.67122],[87.72764,27.67237],[87.72757,27.67373],[87.72873,27.67426],[87.72863,27.67129],[87.72789,27.67046],[87.72715,27.67122]]]}},{"type":"Feature","properties":{"lake_id":"GL_27.63798_87.71611","l_km2":0.0216,"z":4534,"typ":"unconnected glacial lake","d":4343.0,"chg":-2.8,"cls":"stable","glof":0,"prov":"Province 1","gnm":"","rgi":"RGI2000-v7.0-G-15-07462"},"geometry":{"type":"Polygon","coordinates":[[[87.71523,27.63743],[87.7159,27.63869],[87.71653,27.63876],[87.71728,27.63843],[87.71595,27.63712],[87.71565,27.63703],[87.71523,27.63743]]]}},{"type":"Feature","properties":{"lake_id":"GL_27.64135_87.61498","l_km2":0.0114,"z":4592,"typ":"unmatched","d":2670.0,"chg":5.1,"cls":"stable","glof":0,"prov":"Province 1","gnm":"","rgi":"RGI2000-v7.0-G-15-07454"},"geometry":{"type":"Polygon","coordinates":[[[87.61447,27.64115],[87.61468,27.64194],[87.615,27.64207],[87.61531,27.64192],[87.61532,27.64069],[87.61479,27.64076],[87.61447,27.64115]]]}},{"type":"Feature","properties":{"lake_id":"GL_27.66088_87.73","l_km2":0.0215,"z":4688,"typ":"unconnected glacial lake","d":2780.0,"chg":null,"cls":"not assessed","glof":0,"prov":"Province 1","gnm":"","rgi":"RGI2000-v7.0-G-15-07462"},"geometry":{"type":"Polygon","coordinates":[[[87.72884,27.66056],[87.72972,27.66149],[87.73142,27.6613],[87.73018,27.66026],[87.72943,27.66025],[87.72884,27.66056]]]}},{"type":"Feature","properties":{"lake_id":"GL_30.05347_80.8832","l_km2":0.0376,"z":4359,"typ":"ice-marginal lake","d":142.0,"chg":14.0,"cls":"stable","glof":0,"prov":"Province 1","gnm":"","rgi":"RGI2000-v7.0-G-15-02197"},"geometry":{"type":"Polygon","coordinates":[[[80.88173,30.05489],[80.8819,30.05491],[80.88227,30.05475],[80.88296,30.0548],[80.88456,30.05253],[80.88379,30.05208],[80.88315,30.05248],[80.88236,30.05332],[80.88228,30.05419],[80.88173,30.05489]]]}},{"type":"Feature","properties":{"lake_id":"GL_29.8615_80.95464","l_km2":0.0326,"z":4722,"typ":"proglacial lake","d":313.0,"chg":-2.0,"cls":"stable","glof":0,"prov":"Province 1","gnm":"","rgi":"RGI2000-v7.0-G-15-02573"},"geometry":{"type":"Polygon","coordinates":[[[80.9532,29.86109],[80.95374,29.86143],[80.95334,29.86224],[80.95455,29.86198],[80.95535,29.86219],[80.95608,29.86174],[80.95564,29.86093],[80.9538,29.8608],[80.9532,29.86109]]]}},{"type":"Feature","properties":{"lake_id":"GL_29.92674_81.01967","l_km2":0.0053,"z":5028,"typ":"unmatched","d":37.0,"chg":-2.0,"cls":"not assessed","glof":0,"prov":"Province 1","gnm":"","rgi":"RGI2000-v7.0-G-15-02552"},"geometry":{"type":"Polygon","coordinates":[[[81.01923,29.9268],[81.01952,29.92718],[81.01985,29.92711],[81.02002,29.92632],[81.01958,29.92633],[81.01923,29.9268]]]}},{"type":"Feature","properties":{"lake_id":"GL_29.97505_81.17304","l_km2":0.0376,"z":4357,"typ":"unconnected glacial lake","d":501.0,"chg":26.5,"cls":"expanding","glof":0,"prov":"Province 1","gnm":"","rgi":"RGI2000-v7.0-G-15-02246"},"geometry":{"type":"Polygon","coordinates":[[[81.17157,29.97531],[81.17172,29.97571],[81.17222,29.97596],[81.17359,29.97574],[81.17412,29.97534],[81.17429,29.97433],[81.17255,29.97417],[81.17209,29.97522],[81.17157,29.97531]]]}},{"type":"Feature","properties":{"lake_id":"GL_29.92137_81.03098","l_km2":0.1775,"z":4807,"typ":"proglacial lake","d":0.0,"chg":0.5,"cls":"stable","glof":0,"prov":"Karnali","gnm":"","rgi":"RGI2000-v7.0-G-15-02550"},"geometry":{"type":"Polygon","coordinates":[[[81.02802,29.921],[81.02841,29.92205],[81.02907,29.92259],[81.02992,29.92286],[81.03137,29.92295],[81.0327,29.92266],[81.0344,29.92277],[81.03531,29.92239],[81.0351,29.92181],[81.03206,29.92059],[81.02948,29.91909],[81.0282,29.91952],[81.02802,29.921]]]}},{"type":"Feature","properties":{"lake_id":"GL_30.07997_81.29249","l_km2":0.0166,"z":5077,"typ":"unmatched","d":3617.0,"chg":9.7,"cls":"stable","glof":0,"prov":"Sudurpaschim","gnm":"","rgi":"RGI2000-v7.0-G-15-02258"},"geometry":{"type":"Polygon","coordinates":[[[81.29158,30.07958],[81.29275,30.08085],[81.29314,30.0809],[81.29289,30.07951],[81.29202,30.07921],[81.29158,30.07958]]]}},{"type":"Feature","properties":{"lake_id":"GL_27.58967_87.56481","l_km2":0.0098,"z":4152,"typ":"unmatched","d":9942.0,"chg":null,"cls":"not assessed","glof":0,"prov":"Sudurpaschim","gnm":"","rgi":"RGI2000-v7.0-G-15-07454"},"geometry":{"type":"Polygon","coordinates":[[[87.56447,27.58936],[87.56454,27.59055],[87.56507,27.59009],[87.56526,27.58919],[87.56494,27.58889],[87.56447,27.58936]]]}},{"type":"Feature","properties":{"lake_id":"GL_27.58148_87.53215","l_km2":0.036,"z":4277,"typ":"unmatched","d":12451.0,"chg":14.2,"cls":"stable","glof":0,"prov":"Karnali","gnm":"","rgi":"RGI2000-v7.0-G-15-07452"},"geometry":{"type":"Polygon","coordinates":[[[87.53062,27.58175],[87.53072,27.58218],[87.53127,27.58232],[87.53287,27.58199],[87.53341,27.58176],[87.53353,27.58139],[87.5326,27.58028],[87.53217,27.58087],[87.53163,27.58093],[87.53062,27.58175]]]}},{"type":"Feature","properties":{"lake_id":"GL_30.02072_81.3149","l_km2":0.0127,"z":5094,"typ":"proglacial lake","d":16.0,"chg":-0.0,"cls":"stable","glof":1,"prov":"Sudurpaschim","gnm":"","rgi":"RGI2000-v7.0-G-15-02266"},"geometry":{"type":"Polygon","coordinates":[[[81.31406,30.02071],[81.31424,30.02111],[81.3147,30.02118],[81.31485,30.02145],[81.31586,30.02037],[81.31495,30.02026],[81.31406,30.02071]]]}},{"type":"Feature","properties":{"lake_id":"GL_27.5941_87.56112","l_km2":0.0344,"z":4228,"typ":"unmatched","d":9697.0,"chg":null,"cls":"not assessed","glof":0,"prov":"Sudurpaschim","gnm":"","rgi":"RGI2000-v7.0-G-15-07454"},"geometry":{"type":"Polygon","coordinates":[[[87.55986,27.59461],[87.56029,27.59521],[87.56134,27.59497],[87.56197,27.59425],[87.56202,27.59274],[87.5617,27.59265],[87.55986,27.59461]]]}},{"type":"Feature","properties":{"lake_id":"GL_30.1402_81.68437","l_km2":0.2273,"z":4654,"typ":"unconnected glacial lake","d":1810.0,"chg":2.4,"cls":"expanding","glof":0,"prov":"Sudurpaschim","gnm":"","rgi":"RGI2000-v7.0-G-15-02835"},"geometry":{"type":"Polygon","coordinates":[[[81.67921,30.14109],[81.68035,30.14135],[81.68108,30.14182],[81.68231,30.14198],[81.68699,30.14116],[81.68832,30.14064],[81.68823,30.13976],[81.68848,30.13897],[81.68808,30.13832],[81.68749,30.13816],[81.68557,30.13865],[81.68491,30.13918],[81.68268,30.13885],[81.68061,30.13987],[81.67977,30.14099],[81.67921,30.14109]]]}},{"type":"Feature","properties":{"lake_id":"GL_29.89168_81.7463","l_km2":0.0089,"z":4676,"typ":"unmatched","d":1860.0,"chg":null,"cls":"not assessed","glof":0,"prov":"Province 1","gnm":"","rgi":"RGI2000-v7.0-G-15-02469"},"geometry":{"type":"Polygon","coordinates":[[[81.74557,29.89125],[81.74587,29.89187],[81.74666,29.89216],[81.7469,29.89203],[81.74701,29.89174],[81.7468,29.89153],[81.74557,29.89125]]]}},{"type":"Feature","properties":{"lake_id":"GL_27.60964_87.70845","l_km2":0.038,"z":4266,"typ":"unmatched","d":7392.0,"chg":22.7,"cls":"expanding","glof":0,"prov":"Province 1","gnm":"","rgi":"RGI2000-v7.0-G-15-07462"},"geometry":{"type":"Polygon","coordinates":[[[87.70635,27.60956],[87.7082,27.61033],[87.7091,27.6104],[87.70978,27.61003],[87.7101,27.60933],[87.70852,27.60881],[87.70635,27.60956]]]}},{"type":"Feature","properties":{"lake_id":"GL_30.15447_81.64373","l_km2":0.094,"z":4909,"typ":"proglacial lake","d":815.0,"chg":2.8,"cls":"stable","glof":0,"prov":"Province 1","gnm":"","rgi":"RGI2000-v7.0-G-15-02833"},"geometry":{"type":"Polygon","coordinates":[[[81.64244,30.15461],[81.64276,30.15535],[81.64268,30.15762],[81.64297,30.15764],[81.64376,30.15726],[81.64355,30.15706],[81.64371,30.15596],[81.64514,30.15427],[81.64534,30.15335],[81.6449,30.15288],[81.6446,30.15189],[81.64402,30.15192],[81.64317,30.15322],[81.6426,30.15362],[81.64244,30.15461]]]}},{"type":"Feature","properties":{"lake_id":"GL_30.14137_81.69287","l_km2":0.026,"z":4603,"typ":"unconnected glacial lake","d":2819.0,"chg":2.2,"cls":"stable","glof":0,"prov":"Province 1","gnm":"","rgi":"RGI2000-v7.0-G-15-02834"},"geometry":{"type":"Polygon","coordinates":[[[81.69159,30.14191],[81.6919,30.14221],[81.69369,30.14168],[81.69402,30.14139],[81.69408,30.14083],[81.6938,30.14062],[81.69279,30.14069],[81.69214,30.14102],[81.69159,30.14191]]]}},{"type":"Feature","properties":{"lake_id":"GL_30.16167_81.65731","l_km2":0.0112,"z":4980,"typ":"proglacial lake","d":59.0,"chg":3.7,"cls":"stable","glof":0,"prov":"Province 1","gnm":"","rgi":"RGI2000-v7.0-G-15-02833"},"geometry":{"type":"Polygon","coordinates":[[[81.65636,30.16174],[81.65688,30.16212],[81.6576,30.16208],[81.65792,30.1619],[81.65802,30.16137],[81.6575,30.16109],[81.65723,30.16143],[81.65636,30.16174]]]}},{"type":"Feature","properties":{"lake_id":"GL_29.93552_81.67312","l_km2":0.1071,"z":4581,"typ":"proglacial lake","d":834.0,"chg":2.4,"cls":"stable","glof":0,"prov":"Sudurpaschim","gnm":"","rgi":"RGI2000-v7.0-G-15-02455"},"geometry":{"type":"Polygon","coordinates":[[[81.67096,29.9339],[81.67142,29.93438],[81.67132,29.93507],[81.67176,29.93581],[81.67324,29.93739],[81.67409,29.93795],[81.67456,29.93679],[81.67547,29.93606],[81.67528,29.93543],[81.67301,29.93432],[81.67137,29.933],[81.67096,29.9339]]]}},{"type":"Feature","properties":{"lake_id":"GL_29.85965_81.64012","l_km2":0.0531,"z":4127,"typ":"unconnected glacial lake","d":3401.0,"chg":3.4,"cls":"stable","glof":0,"prov":"Sudurpaschim","gnm":"","rgi":"RGI2000-v7.0-G-15-02472"},"geometry":{"type":"Polygon","coordinates":[[[81.63881,29.8602],[81.639,29.86114],[81.64044,29.86068],[81.64152,29.85996],[81.64099,29.85911],[81.64084,29.85802],[81.63981,29.8583],[81.63928,29.85971],[81.63881,29.8602]]]}},{"type":"Feature","properties":{"lake_id":"GL_30.3422_81.45714","l_km2":0.0226,"z":5472,"typ":"proglacial lake","d":0.0,"chg":5.0,"cls":"stable","glof":0,"prov":"Sudurpaschim","gnm":"","rgi":"RGI2000-v7.0-G-15-02750"},"geometry":{"type":"Polygon","coordinates":[[[81.45605,30.34223],[81.45649,30.34257],[81.45643,30.34295],[81.45739,30.34316],[81.45781,30.34242],[81.45741,30.34206],[81.45803,30.34184],[81.45819,30.34146],[81.45772,30.34121],[81.45605,30.34223]]]}},{"type":"Feature","properties":{"lake_id":"GL_29.23004_83.50177","l_km2":0.0249,"z":5404,"typ":"proglacial lake","d":704.0,"chg":2.3,"cls":"stable","glof":0,"prov":"Sudurpaschim","gnm":"","rgi":"RGI2000-v7.0-G-15-03919"},"geometry":{"type":"Polygon","coordinates":[[[83.5003,29.22953],[83.50127,29.23059],[83.50233,29.23061],[83.50251,29.23079],[83.50278,29.23054],[83.50284,29.22995],[83.50221,29.22943],[83.5003,29.22953]]]}},{"type":"Feature","properties":{"lake_id":"GL_29.16024_83.62442","l_km2":0.0184,"z":5591,"typ":"proglacial lake","d":3743.0,"chg":10.6,"cls":"stable","glof":0,"prov":"Sudurpaschim","gnm":"","rgi":"RGI2000-v7.0-G-15-04186"},"geometry":{"type":"Polygon","coordinates":[[[83.62391,29.15976],[83.62381,29.16079],[83.62436,29.16112],[83.62491,29.16094],[83.62476,29.15911],[83.62391,29.15976]]]}},{"type":"Feature","properties":{"lake_id":"GL_30.33081_81.51211","l_km2":0.0113,"z":5217,"typ":"unmatched","d":5261.0,"chg":-14.2,"cls":"stable","glof":0,"prov":"Karnali","gnm":"","rgi":"RGI2000-v7.0-G-15-02750"},"geometry":{"type":"Polygon","coordinates":[[[81.51149,30.3308],[81.51157,30.3311],[81.5123,30.3315],[81.51276,30.33027],[81.51184,30.33032],[81.51149,30.3308]]]}},{"type":"Feature","properties":{"lake_id":"GL_30.34267_81.41179","l_km2":0.2867,"z":5733,"typ":"unconnected glacial lake","d":165.0,"chg":2.3,"cls":"expanding","glof":0,"prov":"Province 1","gnm":"","rgi":"RGI2000-v7.0-G-15-02672"},"geometry":{"type":"Polygon","coordinates":[[[81.40773,30.34432],[81.40854,30.34545],[81.40952,30.34594],[81.41054,30.34592],[81.41229,30.34524],[81.41419,30.3428],[81.41441,30.34148],[81.41493,30.34038],[81.41484,30.33819],[81.41378,30.33854],[81.41282,30.33925],[81.41138,30.34111],[81.41094,30.34126],[81.41082,30.34176],[81.40947,30.34294],[81.40837,30.3435],[81.40773,30.34432]]]}},{"type":"Feature","properties":{"lake_id":"GL_29.09174_83.63336","l_km2":0.0177,"z":5596,"typ":"unmatched","d":513.0,"chg":22.6,"cls":"stable","glof":0,"prov":"Province 1","gnm":"","rgi":"RGI2000-v7.0-G-15-04180"},"geometry":{"type":"Polygon","coordinates":[[[83.63272,29.09108],[83.63298,29.0923],[83.63373,29.09274],[83.63398,29.09201],[83.63374,29.09118],[83.63311,29.09082],[83.63272,29.09108]]]}},{"type":"Feature","properties":{"lake_id":"GL_29.06755_83.38224","l_km2":0.0151,"z":5235,"typ":"unmatched","d":3927.0,"chg":-0.3,"cls":"stable","glof":0,"prov":"Sudurpaschim","gnm":"","rgi":"RGI2000-v7.0-G-15-04270"},"geometry":{"type":"Polygon","coordinates":[[[83.38133,29.0668],[83.38219,29.06758],[83.38247,29.06882],[83.38282,29.0688],[83.38304,29.06845],[83.38247,29.06777],[83.38257,29.06694],[83.38194,29.0665],[83.38133,29.0668]]]}},{"type":"Feature","properties":{"lake_id":"GL_29.23201_83.50341","l_km2":0.0255,"z":5404,"typ":"proglacial lake","d":634.0,"chg":-4.6,"cls":"stable","glof":0,"prov":"Province 1","gnm":"","rgi":"RGI2000-v7.0-G-15-03919"},"geometry":{"type":"Polygon","coordinates":[[[83.50248,29.2319],[83.50287,29.23264],[83.50351,29.23293],[83.50394,29.2328],[83.50433,29.23198],[83.50411,29.23142],[83.50332,29.23113],[83.50255,29.23145],[83.50248,29.2319]]]}},{"type":"Feature","properties":{"lake_id":"GL_29.09454_83.60733","l_km2":0.0188,"z":5584,"typ":"proglacial lake","d":752.0,"chg":12.7,"cls":"stable","glof":0,"prov":"Karnali","gnm":"","rgi":"RGI2000-v7.0-G-15-04182"},"geometry":{"type":"Polygon","coordinates":[[[83.60683,29.09377],[83.60652,29.09444],[83.60722,29.09538],[83.60835,29.09485],[83.60735,29.09383],[83.60683,29.09377]]]}},{"type":"Feature","properties":{"lake_id":"GL_30.28629_81.56455","l_km2":0.0323,"z":5154,"typ":"proglacial lake","d":4142.0,"chg":0.1,"cls":"stable","glof":0,"prov":"Sudurpaschim","gnm":"","rgi":"RGI2000-v7.0-G-15-02811"},"geometry":{"type":"Polygon","coordinates":[[[81.56337,30.28586],[81.56362,30.28646],[81.56454,30.28714],[81.56527,30.28724],[81.56573,30.28688],[81.56552,30.28621],[81.56437,30.28528],[81.56368,30.28544],[81.56337,30.28586]]]}},{"type":"Feature","properties":{"lake_id":"GL_30.32786_81.51144","l_km2":0.1263,"z":5215,"typ":"unconnected glacial lake","d":5097.0,"chg":-1.0,"cls":"stable","glof":0,"prov":"Province 1","gnm":"","rgi":"RGI2000-v7.0-G-15-02750"},"geometry":{"type":"Polygon","coordinates":[[[81.50907,30.32882],[81.50925,30.3292],[81.51023,30.32901],[81.51178,30.32977],[81.5124,30.32967],[81.51327,30.32913],[81.51343,30.32835],[81.51301,30.32763],[81.51305,30.32702],[81.51261,30.32642],[81.51309,30.32539],[81.50993,30.32656],[81.50907,30.32882]]]}},{"type":"Feature","properties":{"lake_id":"GL_30.31465_82.01056","l_km2":0.0684,"z":5353,"typ":"proglacial lake","d":0.0,"chg":118.8,"cls":"expanding","glof":0,"prov":"Karnali","gnm":"","rgi":"RGI2000-v7.0-G-15-03076"},"geometry":{"type":"Polygon","coordinates":[[[82.00827,30.31383],[82.00964,30.31411],[82.00971,30.31445],[82.01013,30.31465],[82.00961,30.31503],[82.01014,30.31555],[82.01007,30.31589],[82.01066,30.31611],[82.01093,30.31665],[82.01144,30.31668],[82.01166,30.31637],[82.01167,30.31462],[82.01195,30.31391],[82.01145,30.31363],[82.01101,30.31367],[82.01109,30.31325],[82.01011,30.31317],[82.00866,30.31347],[82.00827,30.31383]]]}},{"type":"Feature","properties":{"lake_id":"GL_29.37977_83.38607","l_km2":0.0059,"z":5156,"typ":"unmatched","d":1870.0,"chg":8.1,"cls":"not assessed","glof":0,"prov":"Karnali","gnm":"","rgi":"RGI2000-v7.0-G-15-03929"},"geometry":{"type":"Polygon","coordinates":[[[83.38566,29.37972],[83.38577,29.38017],[83.38621,29.38018],[83.38646,29.37951],[83.38613,29.37931],[83.38566,29.37972]]]}},{"type":"Feature","properties":{"lake_id":"GL_29.19008_83.47803","l_km2":0.0271,"z":5478,"typ":"proglacial lake","d":1465.0,"chg":5.9,"cls":"stable","glof":0,"prov":"Karnali","gnm":"","rgi":"RGI2000-v7.0-G-15-03915"},"geometry":{"type":"Polygon","coordinates":[[[83.47722,29.18931],[83.47751,29.19089],[83.47805,29.19126],[83.47899,29.18999],[83.47789,29.18893],[83.47722,29.18931]]]}},{"type":"Feature","properties":{"lake_id":"GL_29.14056_83.52446","l_km2":0.0368,"z":5385,"typ":"unconnected glacial lake","d":6705.0,"chg":3.2,"cls":"stable","glof":0,"prov":"Sudurpaschim","gnm":"","rgi":"RGI2000-v7.0-G-15-03916"},"geometry":{"type":"Polygon","coordinates":[[[83.52351,29.14063],[83.52377,29.14155],[83.52473,29.14176],[83.52539,29.14029],[83.52518,29.13942],[83.52467,29.13927],[83.52418,29.1395],[83.52351,29.14063]]]}},{"type":"Feature","properties":{"lake_id":"GL_29.162_83.49091","l_km2":0.0596,"z":5476,"typ":"unconnected glacial lake","d":3627.0,"chg":2.8,"cls":"stable","glof":0,"prov":"Sudurpaschim","gnm":"","rgi":"RGI2000-v7.0-G-15-03916"},"geometry":{"type":"Polygon","coordinates":[[[83.4896,29.16286],[83.48977,29.16394],[83.49033,29.16427],[83.49072,29.16324],[83.49227,29.16137],[83.4924,29.16071],[83.49208,29.16],[83.49165,29.16002],[83.49099,29.16098],[83.48976,29.1619],[83.48964,29.16226],[83.48986,29.16262],[83.4896,29.16286]]]}},{"type":"Feature","properties":{"lake_id":"GL_29.22876_83.71942","l_km2":0.0071,"z":5404,"typ":"unmatched","d":7431.0,"chg":9.0,"cls":"not assessed","glof":0,"prov":"Karnali","gnm":"","rgi":"RGI2000-v7.0-G-15-04226"},"geometry":{"type":"Polygon","coordinates":[[[83.7191,29.22828],[83.71897,29.22897],[83.71986,29.22928],[83.71974,29.22851],[83.7191,29.22828]]]}},{"type":"Feature","properties":{"lake_id":"GL_29.10172_83.62952","l_km2":0.0622,"z":5757,"typ":"proglacial lake","d":0.0,"chg":0.3,"cls":"stable","glof":0,"prov":"Karnali","gnm":"","rgi":"RGI2000-v7.0-G-15-04184"},"geometry":{"type":"Polygon","coordinates":[[[83.62788,29.10234],[83.62797,29.10277],[83.62876,29.10337],[83.62956,29.10319],[83.63042,29.10211],[83.63081,29.1012],[83.6309,29.10066],[83.63057,29.0998],[83.62959,29.10029],[83.62886,29.10157],[83.62817,29.10188],[83.62814,29.10222],[83.62788,29.10234]]]}},{"type":"Feature","properties":{"lake_id":"GL_29.09321_83.53023","l_km2":0.0298,"z":4950,"typ":"unconnected glacial lake","d":3394.0,"chg":3.1,"cls":"stable","glof":0,"prov":"Karnali","gnm":"","rgi":"RGI2000-v7.0-G-15-04259"},"geometry":{"type":"Polygon","coordinates":[[[83.52903,29.09257],[83.52959,29.09301],[83.53005,29.09406],[83.53086,29.09443],[83.53123,29.09428],[83.53128,29.09379],[83.5304,29.09227],[83.52974,29.0923],[83.52906,29.09197],[83.52903,29.09257]]]}},{"type":"Feature","properties":{"lake_id":"GL_29.40497_83.4048","l_km2":0.0218,"z":5322,"typ":"unconnected glacial lake","d":4978.0,"chg":6.7,"cls":"stable","glof":0,"prov":"Karnali","gnm":"","rgi":"RGI2000-v7.0-G-15-03929"},"geometry":{"type":"Polygon","coordinates":[[[83.40352,29.40494],[83.40394,29.40541],[83.40504,29.40557],[83.40577,29.40527],[83.40575,29.40438],[83.40559,29.40426],[83.40401,29.40463],[83.40352,29.40494]]]}},{"type":"Feature","properties":{"lake_id":"GL_29.16191_83.66061","l_km2":0.0234,"z":5739,"typ":"unconnected glacial lake","d":1740.0,"chg":3.2,"cls":"stable","glof":0,"prov":"Karnali","gnm":"","rgi":"RGI2000-v7.0-G-15-04208"},"geometry":{"type":"Polygon","coordinates":[[[83.65932,29.16201],[83.65962,29.16246],[83.65993,29.16251],[83.6612,29.16232],[83.66226,29.16188],[83.66049,29.1613],[83.65992,29.16148],[83.65932,29.16201]]]}},{"type":"Feature","properties":{"lake_id":"GL_28.32806_85.68533","l_km2":0.0312,"z":5255,"typ":"unmatched","d":0.0,"chg":-2.0,"cls":"stable","glof":0,"prov":"Gandaki","gnm":"Langtang glacier","rgi":"RGI2000-v7.0-G-15-05860"},"geometry":{"type":"Polygon","coordinates":[[[85.68465,28.32757],[85.68469,28.32932],[85.68513,28.32963],[85.68565,28.3289],[85.68557,28.32862],[85.68601,28.32829],[85.6861,28.32701],[85.68523,28.32683],[85.68465,28.32757]]]}},{"type":"Feature","properties":{"lake_id":"GL_27.83507_88.07865","l_km2":0.1438,"z":5603,"typ":"proglacial lake","d":275.0,"chg":-0.3,"cls":"stable","glof":1,"prov":"Karnali","gnm":"","rgi":"RGI2000-v7.0-G-15-07901"},"geometry":{"type":"Polygon","coordinates":[[[88.07607,27.83333],[88.07706,27.83411],[88.07727,27.83525],[88.07793,27.83604],[88.07789,27.83631],[88.07826,27.83652],[88.07769,27.83671],[88.07829,27.83804],[88.07874,27.83829],[88.07966,27.83727],[88.08046,27.83576],[88.08022,27.83407],[88.07975,27.83361],[88.07977,27.83301],[88.07788,27.83281],[88.07607,27.83333]]]}},{"type":"Feature","properties":{"lake_id":"GL_28.01596_86.67475","l_km2":0.0042,"z":5203,"typ":"unmatched","d":809.0,"chg":20.7,"cls":"not assessed","glof":0,"prov":"Karnali","gnm":"","rgi":"RGI2000-v7.0-G-15-06683"},"geometry":{"type":"Polygon","coordinates":[[[86.67439,28.01591],[86.67441,28.01618],[86.67478,28.01631],[86.67515,28.01588],[86.67482,28.01561],[86.67439,28.01591]]]}},{"type":"Feature","properties":{"lake_id":"GL_27.94347_86.55412","l_km2":0.0162,"z":5136,"typ":"supraglacial lake","d":184.0,"chg":10.2,"cls":"stable","glof":0,"prov":"Karnali","gnm":"","rgi":"RGI2000-v7.0-G-15-06440"},"geometry":{"type":"Polygon","coordinates":[[[86.55336,27.94312],[86.55382,27.94421],[86.5549,27.94371],[86.55496,27.94336],[86.55472,27.94307],[86.55359,27.94278],[86.55336,27.94312]]]}},{"type":"Feature","properties":{"lake_id":"GL_27.96322_86.81258","l_km2":0.0162,"z":5049,"typ":"proglacial lake","d":913.0,"chg":12.2,"cls":"stable","glof":0,"prov":"Karnali","gnm":"Khumbu Glacier","rgi":"RGI2000-v7.0-G-15-08331"},"geometry":{"type":"Polygon","coordinates":[[[86.81176,27.96363],[86.81197,27.96412],[86.81305,27.96346],[86.81331,27.96302],[86.81309,27.96226],[86.81264,27.96244],[86.81176,27.96363]]]}},{"type":"Feature","properties":{"lake_id":"GL_27.83392_88.06781","l_km2":0.0296,"z":5588,"typ":"proglacial lake","d":155.0,"chg":-0.8,"cls":"stable","glof":0,"prov":"Karnali","gnm":"","rgi":"RGI2000-v7.0-G-15-07898"},"geometry":{"type":"Polygon","coordinates":[[[88.06684,27.8339],[88.06711,27.83462],[88.06835,27.8348],[88.06878,27.83353],[88.068,27.83287],[88.06697,27.8334],[88.06684,27.8339]]]}},{"type":"Feature","properties":{"lake_id":"GL_28.58552_85.02203","l_km2":0.1119,"z":5051,"typ":"proglacial lake","d":0.0,"chg":-2.2,"cls":"stable","glof":0,"prov":"Karnali","gnm":"","rgi":"RGI2000-v7.0-G-15-05440"},"geometry":{"type":"Polygon","coordinates":[[[85.01935,28.58696],[85.02002,28.58746],[85.02133,28.58733],[85.02334,28.58593],[85.02381,28.58455],[85.02416,28.58443],[85.02432,28.58465],[85.02453,28.58458],[85.02502,28.58351],[85.02424,28.58327],[85.02381,28.5837],[85.02177,28.58441],[85.01945,28.58636],[85.01935,28.58696]]]}},{"type":"Feature","properties":{"lake_id":"GL_28.28224_85.70173","l_km2":0.0627,"z":5045,"typ":"proglacial lake","d":222.0,"chg":-0.9,"cls":"stable","glof":0,"prov":"Karnali","gnm":"","rgi":"RGI2000-v7.0-G-15-05854"},"geometry":{"type":"Polygon","coordinates":[[[85.70056,28.28203],[85.70082,28.28243],[85.70086,28.28384],[85.70127,28.28417],[85.70251,28.28297],[85.70312,28.28139],[85.70265,28.28104],[85.70162,28.28076],[85.70076,28.28109],[85.70056,28.28203]]]}},{"type":"Feature","properties":{"lake_id":"GL_28.1246_85.46898","l_km2":0.1598,"z":4784,"typ":"proglacial lake","d":657.0,"chg":5.0,"cls":"expanding","glof":0,"prov":"Karnali","gnm":"","rgi":"RGI2000-v7.0-G-15-05928"},"geometry":{"type":"Polygon","coordinates":[[[85.46664,28.12343],[85.4671,28.12485],[85.46699,28.12586],[85.46805,28.12576],[85.4707,28.12693],[85.47146,28.12677],[85.47181,28.12594],[85.47112,28.12464],[85.47002,28.12358],[85.46935,28.12332],[85.46839,28.12212],[85.4671,28.12221],[85.46664,28.12343]]]}},{"type":"Feature","properties":{"lake_id":"GL_28.06109_85.40676","l_km2":0.0069,"z":4479,"typ":"unmatched","d":7471.0,"chg":12.4,"cls":"not assessed","glof":0,"prov":"Karnali","gnm":"","rgi":"RGI2000-v7.0-G-15-05927"},"geometry":{"type":"Polygon","coordinates":[[[85.40648,28.06085],[85.40645,28.06165],[85.40679,28.0616],[85.40721,28.06086],[85.40706,28.06052],[85.40648,28.06085]]]}},{"type":"Feature","properties":{"lake_id":"GL_27.82778_86.57301","l_km2":0.0441,"z":4748,"typ":"proglacial lake","d":386.0,"chg":6.8,"cls":"stable","glof":0,"prov":"Karnali","gnm":"Thyangbo","rgi":"RGI2000-v7.0-G-15-08418"},"geometry":{"type":"Polygon","coordinates":[[[86.57177,27.82796],[86.57162,27.82886],[86.57225,27.82908],[86.57231,27.82854],[86.57264,27.82826],[86.57306,27.82852],[86.57404,27.82787],[86.5752,27.82795],[86.57524,27.82773],[86.5749,27.82723],[86.57394,27.82726],[86.57262,27.82688],[86.57161,27.82736],[86.57177,27.82796]]]}},{"type":"Feature","properties":{"lake_id":"GL_27.95049_86.78206","l_km2":0.034,"z":5005,"typ":"proglacial lake","d":441.0,"chg":1.7,"cls":"stable","glof":0,"prov":"Karnali","gnm":"","rgi":"RGI2000-v7.0-G-15-06741"},"geometry":{"type":"Polygon","coordinates":[[[86.78021,27.95046],[86.78056,27.9505],[86.78096,27.95106],[86.78273,27.95111],[86.78314,27.95102],[86.78361,27.95027],[86.78312,27.94989],[86.78172,27.9499],[86.78021,27.95046]]]}},{"type":"Feature","properties":{"lake_id":"GL_27.83783_86.87581","l_km2":0.035,"z":5320,"typ":"proglacial lake","d":0.0,"chg":null,"cls":"not assessed","glof":0,"prov":"Karnali","gnm":"Nareyargaip","rgi":"RGI2000-v7.0-G-15-06780"},"geometry":{"type":"Polygon","coordinates":[[[86.87474,27.83763],[86.8749,27.83804],[86.8759,27.83895],[86.87626,27.83897],[86.87671,27.83866],[86.87692,27.83801],[86.87669,27.83756],[86.87562,27.83674],[86.87533,27.83665],[86.87495,27.83692],[86.87474,27.83763]]]}},{"type":"Feature","properties":{"lake_id":"GL_27.73141_86.42193","l_km2":0.0433,"z":4498,"typ":"proglacial lake","d":2531.0,"chg":null,"cls":"not assessed","glof":0,"prov":"Gandaki","gnm":"","rgi":"RGI2000-v7.0-G-15-08846"},"geometry":{"type":"Polygon","coordinates":[[[86.42029,27.73014],[86.4206,27.7304],[86.42035,27.7307],[86.4209,27.73105],[86.42079,27.73157],[86.42174,27.73237],[86.4226,27.73243],[86.42339,27.73205],[86.42353,27.73169],[86.42295,27.73104],[86.42124,27.73054],[86.42066,27.73],[86.42029,27.73014]]]}},{"type":"Feature","properties":{"lake_id":"GL_27.74266_86.84477","l_km2":0.2466,"z":4365,"typ":"proglacial lake","d":223.0,"chg":0.9,"cls":"stable","glof":1,"prov":"Gandaki","gnm":"","rgi":"RGI2000-v7.0-G-15-08404"},"geometry":{"type":"Polygon","coordinates":[[[86.84283,27.73947],[86.84334,27.74228],[86.84313,27.74389],[86.84347,27.74578],[86.84388,27.74649],[86.84416,27.74645],[86.84439,27.7459],[86.84475,27.74602],[86.84428,27.74618],[86.84436,27.74638],[86.845,27.7464],[86.84572,27.74615],[86.84605,27.74574],[86.84666,27.74407],[86.84677,27.74231],[86.8465,27.74084],[86.84606,27.74008],[86.84401,27.73883],[86.84318,27.739],[86.84283,27.73947]]]}},{"type":"Feature","properties":{"lake_id":"GL_27.84496_86.41059","l_km2":0.0331,"z":4909,"typ":"proglacial lake","d":280.0,"chg":4.3,"cls":"stable","glof":0,"prov":"Karnali","gnm":"","rgi":"RGI2000-v7.0-G-15-08504"},"geometry":{"type":"Polygon","coordinates":[[[86.40874,27.84456],[86.40886,27.84505],[86.40949,27.84547],[86.41239,27.84548],[86.41266,27.84532],[86.41215,27.84458],[86.41079,27.84468],[86.40939,27.84435],[86.40874,27.84456]]]}},{"type":"Feature","properties":{"lake_id":"GL_27.97983_86.53991","l_km2":0.0114,"z":5252,"typ":"unmatched","d":453.0,"chg":21.3,"cls":"not assessed","glof":0,"prov":"Karnali","gnm":"","rgi":"RGI2000-v7.0-G-15-06442"},"geometry":{"type":"Polygon","coordinates":[[[86.53948,27.97945],[86.53952,27.9804],[86.54013,27.98058],[86.54037,27.98025],[86.54015,27.97993],[86.54026,27.97917],[86.53981,27.9791],[86.53948,27.97945]]]}},{"type":"Feature","properties":{"lake_id":"GL_27.96056_86.66307","l_km2":0.0194,"z":5156,"typ":"proglacial lake","d":608.0,"chg":-0.4,"cls":"stable","glof":0,"prov":"Karnali","gnm":"","rgi":"RGI2000-v7.0-G-15-06698"},"geometry":{"type":"Polygon","coordinates":[[[86.66209,27.96086],[86.6627,27.96123],[86.66353,27.96102],[86.66398,27.96052],[86.66397,27.96008],[86.66317,27.9599],[86.66217,27.96041],[86.66209,27.96086]]]}},{"type":"Feature","properties":{"lake_id":"GL_27.99155_86.65202","l_km2":0.0196,"z":5259,"typ":"proglacial lake","d":301.0,"chg":-8.1,"cls":"stable","glof":0,"prov":"Bagmati","gnm":"","rgi":"RGI2000-v7.0-G-15-06688"},"geometry":{"type":"Polygon","coordinates":[[[86.65101,27.99145],[86.65162,27.99206],[86.65244,27.99212],[86.65311,27.99183],[86.65285,27.99132],[86.65203,27.99112],[86.65165,27.99078],[86.65101,27.99145]]]}},{"type":"Feature","properties":{"lake_id":"GL_27.84999_86.92842","l_km2":0.5228,"z":5383,"typ":"proglacial lake","d":36.0,"chg":0.8,"cls":"stable","glof":0,"prov":"Province 1","gnm":"","rgi":"RGI2000-v7.0-G-15-06799"},"geometry":{"type":"Polygon","coordinates":[[[86.92263,27.85464],[86.92325,27.85523],[86.92408,27.85534],[86.92614,27.85373],[86.92868,27.85307],[86.9299,27.85208],[86.93104,27.85058],[86.93173,27.85015],[86.93248,27.84884],[86.9335,27.84783],[86.93313,27.84603],[86.93327,27.84536],[86.9336,27.84511],[86.93356,27.84438],[86.93313,27.84341],[86.93275,27.84339],[86.93133,27.8461],[86.92992,27.84684],[86.92876,27.84808],[86.92752,27.84846],[86.92655,27.84799],[86.92533,27.84777],[86.92482,27.84797],[86.92468,27.84853],[86.92498,27.84998],[86.92561,27.85032],[86.92577,27.8498],[86.92616,27.84978],[86.92612,27.85057],[86.92573,27.85039],[86.92551,27.85138],[86.92486,27.85153],[86.92376,27.85247],[86.92263,27.85464]]]}},{"type":"Feature","properties":{"lake_id":"GL_27.92879_86.83813","l_km2":0.0307,"z":5432,"typ":"proglacial lake","d":443.0,"chg":2.2,"cls":"stable","glof":0,"prov":"Province 1","gnm":"","rgi":"RGI2000-v7.0-G-15-06744"},"geometry":{"type":"Polygon","coordinates":[[[86.83701,27.9285],[86.83746,27.92947],[86.83858,27.92962],[86.83923,27.92938],[86.83866,27.92793],[86.83795,27.92793],[86.83701,27.9285]]]}},{"type":"Feature","properties":{"lake_id":"GL_27.79951_86.39556","l_km2":0.0187,"z":4800,"typ":"supraglacial lake","d":986.0,"chg":6.0,"cls":"stable","glof":0,"prov":"Province 1","gnm":"","rgi":"RGI2000-v7.0-G-15-08837"},"geometry":{"type":"Polygon","coordinates":[[[86.39481,27.79933],[86.39501,27.80002],[86.39556,27.80027],[86.39613,27.8],[86.39638,27.79957],[86.39585,27.79886],[86.39502,27.79888],[86.39481,27.79933]]]}},{"type":"Feature","properties":{"lake_id":"GL_27.89829_86.92818","l_km2":1.7382,"z":5000,"typ":"proglacial lake","d":0.0,"chg":18.2,"cls":"expanding","glof":1,"prov":"Province 1","gnm":"Imja/Lhotse Shar Gl.","rgi":"RGI2000-v7.0-G-15-06763"},"geometry":{"type":"Polygon","coordinates":[[[86.9117,27.89984],[86.91223,27.90022],[86.91211,27.9007],[86.91259,27.90074],[86.91235,27.90117],[86.91267,27.90163],[86.91326,27.90161],[86.91334,27.90101],[86.91306,27.90056],[86.91403,27.90078],[86.91475,27.90168],[86.91452,27.90224],[86.91483,27.90238],[86.91572,27.90235],[86.91832,27.90141],[86.92895,27.90035],[86.93371,27.9009],[86.93672,27.9018],[86.93958,27.90207],[86.93999,27.90141],[86.93964,27.90092],[86.93962,27.89989],[86.94036,27.89962],[86.94082,27.89899],[86.94133,27.89888],[86.94253,27.89733],[86.94129,27.89543],[86.94082,27.89508],[86.93652,27.89481],[86.93497,27.8944],[86.92812,27.89504],[86.92627,27.89497],[86.92274,27.89558],[86.92009,27.89641],[86.91495,27.89747],[86.914,27.898],[86.9131,27.8982],[86.91302,27.89863],[86.91328,27.89872],[86.91253,27.89915],[86.91278,27.89971],[86.91204,27.89965],[86.9117,27.89984]]]}},{"type":"Feature","properties":{"lake_id":"GL_27.98862_86.64914","l_km2":0.0504,"z":5202,"typ":"proglacial lake","d":212.0,"chg":1.8,"cls":"stable","glof":0,"prov":"Province 1","gnm":"","rgi":"RGI2000-v7.0-G-15-06691"},"geometry":{"type":"Polygon","coordinates":[[[86.64775,27.9881],[86.64836,27.98872],[86.64791,27.98994],[86.6489,27.99005],[86.65015,27.98883],[86.65054,27.98709],[86.64775,27.9881]]]}},{"type":"Feature","properties":{"lake_id":"GL_27.95101_86.69029","l_km2":0.4351,"z":4743,"typ":"ice-marginal lake","d":334.0,"chg":1.2,"cls":"expanding","glof":0,"prov":"Gandaki","gnm":"Ngojumba","rgi":"RGI2000-v7.0-G-15-08305"},"geometry":{"type":"Polygon","coordinates":[[[86.68508,27.95046],[86.6851,27.95101],[86.68565,27.95147],[86.69024,27.95348],[86.69241,27.95468],[86.69334,27.95463],[86.69341,27.95354],[86.69439,27.95221],[86.69421,27.94994],[86.69545,27.94893],[86.69244,27.94919],[86.69123,27.94846],[86.69043,27.9483],[86.68884,27.94877],[86.68809,27.94848],[86.68764,27.94862],[86.68592,27.94822],[86.68598,27.94932],[86.68538,27.95001],[86.68542,27.95039],[86.68508,27.95046]]]}},{"type":"Feature","properties":{"lake_id":"GL_27.85672_86.91839","l_km2":0.0986,"z":5405,"typ":"proglacial lake","d":554.0,"chg":16.8,"cls":"expanding","glof":0,"prov":"Bagmati","gnm":"","rgi":"RGI2000-v7.0-G-15-06777"},"geometry":{"type":"Polygon","coordinates":[[[86.91635,27.85673],[86.91667,27.85765],[86.91787,27.85822],[86.92008,27.85767],[86.92039,27.85649],[86.91966,27.85557],[86.91976,27.85537],[86.91929,27.85523],[86.91722,27.85564],[86.91657,27.85609],[86.91635,27.85673]]]}},{"type":"Feature","properties":{"lake_id":"GL_27.8867_86.89724","l_km2":0.0513,"z":5122,"typ":"proglacial lake","d":0.0,"chg":3.8,"cls":"stable","glof":0,"prov":"Bagmati","gnm":"Ombigaichain","rgi":"RGI2000-v7.0-G-15-06795"},"geometry":{"type":"Polygon","coordinates":[[[86.89555,27.88712],[86.89578,27.88764],[86.89661,27.88782],[86.89759,27.88786],[86.89807,27.88762],[86.89852,27.88697],[86.89856,27.88614],[86.89794,27.88553],[86.89799,27.88457],[86.89763,27.88462],[86.89726,27.88522],[86.89724,27.88553],[86.89765,27.88562],[86.89771,27.88591],[86.89718,27.88667],[86.89641,27.88658],[86.8961,27.8863],[86.89568,27.88652],[86.89555,27.88712]]]}},{"type":"Feature","properties":{"lake_id":"GL_27.92367_86.78669","l_km2":0.5753,"z":4506,"typ":"proglacial lake","d":562.0,"chg":0.9,"cls":"stable","glof":0,"prov":"Bagmati","gnm":"Cholo","rgi":"RGI2000-v7.0-G-15-08346"},"geometry":{"type":"Polygon","coordinates":[[[86.7805,27.92768],[86.78054,27.92809],[86.78103,27.92833],[86.78154,27.929],[86.78207,27.92889],[86.78365,27.9279],[86.7854,27.92725],[86.78701,27.92599],[86.78805,27.9255],[86.78858,27.92487],[86.79131,27.92356],[86.7943,27.92141],[86.79037,27.92123],[86.78946,27.92045],[86.7894,27.91933],[86.78877,27.91911],[86.78857,27.91839],[86.78804,27.91837],[86.78649,27.9192],[86.7855,27.91941],[86.78664,27.91951],[86.78623,27.91978],[86.78639,27.92001],[86.78625,27.92106],[86.78541,27.92178],[86.78476,27.92198],[86.78411,27.92265],[86.78358,27.92385],[86.7826,27.92484],[86.78191,27.92605],[86.78097,27.92676],[86.7805,27.92768]]]}},{"type":"Feature","properties":{"lake_id":"GL_27.96205_86.77452","l_km2":0.0309,"z":5105,"typ":"proglacial lake","d":343.0,"chg":7.4,"cls":"stable","glof":0,"prov":"Province 1","gnm":"","rgi":"RGI2000-v7.0-G-15-06736"},"geometry":{"type":"Polygon","coordinates":[[[86.77348,27.96173],[86.77309,27.9631],[86.77343,27.96321],[86.77392,27.96206],[86.77452,27.9621],[86.77529,27.96273],[86.7759,27.96243],[86.776,27.96192],[86.77462,27.96116],[86.77423,27.96115],[86.77348,27.96173]]]}},{"type":"Feature","properties":{"lake_id":"GL_27.92042_86.74526","l_km2":0.0228,"z":4879,"typ":"proglacial lake","d":348.0,"chg":-0.9,"cls":"stable","glof":1,"prov":"Province 1","gnm":"","rgi":"RGI2000-v7.0-G-15-06724"},"geometry":{"type":"Polygon","coordinates":[[[86.7437,27.92032],[86.74395,27.92068],[86.74513,27.92086],[86.74613,27.92079],[86.74692,27.92047],[86.74619,27.92005],[86.74517,27.91996],[86.74409,27.92006],[86.7437,27.92032]]]}},{"type":"Feature","properties":{"lake_id":"GL_30.25499_81.6887","l_km2":0.2153,"z":4258,"typ":"unconnected glacial lake","d":6956.0,"chg":-17.2,"cls":"shrinking","glof":0,"prov":"Province 1","gnm":"","rgi":"RGI2000-v7.0-G-15-02831"},"geometry":{"type":"Polygon","coordinates":[[[81.68621,30.25855],[81.68642,30.25856],[81.68691,30.25798],[81.68803,30.2574],[81.68978,30.25736],[81.69,30.2567],[81.69102,30.25592],[81.69116,30.25543],[81.69065,30.25401],[81.69067,30.25179],[81.69059,30.25219],[81.68979,30.25262],[81.68954,30.25304],[81.68877,30.25285],[81.68954,30.25279],[81.69022,30.25224],[81.69045,30.25203],[81.69005,30.25179],[81.68934,30.2521],[81.68909,30.25191],[81.6887,30.25236],[81.68795,30.25227],[81.68823,30.25267],[81.68813,30.25287],[81.68777,30.25282],[81.68766,30.25249],[81.68733,30.25262],[81.68676,30.25446],[81.68679,30.25575],[81.68649,30.25629],[81.68664,30.25699],[81.68633,30.25719],[81.68648,30.25771],[81.68621,30.25855]]]}},{"type":"Feature","properties":{"lake_id":"GL_27.84866_87.8315","l_km2":0.3346,"z":4437,"typ":"unconnected glacial lake","d":1312.0,"chg":1.4,"cls":"stable","glof":0,"prov":"Bagmati","gnm":"","rgi":"RGI2000-v7.0-G-15-08208"},"geometry":{"type":"Polygon","coordinates":[[[87.8283,27.84823],[87.82898,27.84946],[87.8289,27.84962],[87.82849,27.84937],[87.82876,27.84973],[87.82854,27.85058],[87.82993,27.85133],[87.82987,27.8518],[87.82951,27.852],[87.82963,27.85234],[87.82927,27.85321],[87.82984,27.85364],[87.83068,27.85364],[87.83282,27.85005],[87.83465,27.84775],[87.83396,27.84712],[87.83368,27.84574],[87.83402,27.84473],[87.83389,27.84394],[87.83437,27.84294],[87.83328,27.84334],[87.83218,27.8452],[87.83006,27.84734],[87.8283,27.84823]]]}},{"type":"Feature","properties":{"lake_id":"GL_28.6798_84.06132","l_km2":0.0378,"z":4616,"typ":"unconnected glacial lake","d":3664.0,"chg":6.3,"cls":"stable","glof":0,"prov":"Province 1","gnm":"","rgi":"RGI2000-v7.0-G-15-04842"},"geometry":{"type":"Polygon","coordinates":[[[84.06034,28.67913],[84.06037,28.68018],[84.06061,28.68051],[84.06123,28.6808],[84.06239,28.68063],[84.06245,28.67984],[84.0615,28.67879],[84.06077,28.6786],[84.06034,28.67913]]]}},{"type":"Feature","properties":{"lake_id":"GL_29.03872_83.66937","l_km2":0.1015,"z":5475,"typ":"proglacial lake","d":0.0,"chg":-1.3,"cls":"stable","glof":0,"prov":"Bagmati","gnm":"","rgi":"RGI2000-v7.0-G-15-04152"},"geometry":{"type":"Polygon","coordinates":[[[83.66755,29.03811],[83.66834,29.03908],[83.66849,29.04045],[83.66916,29.04091],[83.66962,29.04095],[83.66982,29.04021],[83.67076,29.0401],[83.67127,29.03962],[83.67038,29.03817],[83.67056,29.03761],[83.67013,29.03695],[83.66849,29.03697],[83.66774,29.03747],[83.66755,29.03811]]]}},{"type":"Feature","properties":{"lake_id":"GL_28.68277_83.59163","l_km2":0.0052,"z":2716,"typ":"unmatched","d":2740.0,"chg":2.6,"cls":"not assessed","glof":0,"prov":"Province 1","gnm":"","rgi":"RGI2000-v7.0-G-15-04067"},"geometry":{"type":"Polygon","coordinates":[[[83.59123,28.68254],[83.59137,28.68317],[83.59196,28.683],[83.59186,28.68241],[83.59123,28.68254]]]}},{"type":"Feature","properties":{"lake_id":"GL_29.00372_83.60982","l_km2":0.006,"z":5622,"typ":"unmatched","d":6.0,"chg":0.7,"cls":"not assessed","glof":0,"prov":"Province 1","gnm":"","rgi":"RGI2000-v7.0-G-15-04122"},"geometry":{"type":"Polygon","coordinates":[[[83.6091,29.00362],[83.60937,29.00383],[83.61032,29.00416],[83.61016,29.00337],[83.6091,29.00362]]]}},{"type":"Feature","properties":{"lake_id":"GL_28.67197_83.85906","l_km2":0.0123,"z":4985,"typ":"proglacial lake","d":122.0,"chg":3.4,"cls":"stable","glof":0,"prov":"Province 1","gnm":"","rgi":"RGI2000-v7.0-G-15-04686"},"geometry":{"type":"Polygon","coordinates":[[[83.85833,28.67213],[83.85859,28.67252],[83.8593,28.67242],[83.85974,28.67145],[83.85911,28.67144],[83.85833,28.67213]]]}},{"type":"Feature","properties":{"lake_id":"GL_29.13734_83.78986","l_km2":0.0217,"z":5898,"typ":"proglacial lake","d":287.0,"chg":-0.6,"cls":"stable","glof":0,"prov":"Province 1","gnm":"","rgi":"RGI2000-v7.0-G-15-04219"},"geometry":{"type":"Polygon","coordinates":[[[83.78897,29.13728],[83.78909,29.13805],[83.78955,29.13826],[83.79001,29.13809],[83.79069,29.13737],[83.79058,29.13681],[83.79104,29.1366],[83.79022,29.13656],[83.78897,29.13728]]]}},{"type":"Feature","properties":{"lake_id":"GL_28.71011_83.89607","l_km2":0.0269,"z":4999,"typ":"unconnected glacial lake","d":1671.0,"chg":3.8,"cls":"stable","glof":0,"prov":"Province 1","gnm":"","rgi":"RGI2000-v7.0-G-15-04666"},"geometry":{"type":"Polygon","coordinates":[[[83.89532,28.70945],[83.89519,28.71056],[83.89554,28.71076],[83.89638,28.71086],[83.89739,28.71044],[83.89626,28.70932],[83.89574,28.70916],[83.89532,28.70945]]]}},{"type":"Feature","properties":{"lake_id":"GL_28.663_84.47167","l_km2":0.2522,"z":4088,"typ":"ice-marginal lake","d":93.0,"chg":3.1,"cls":"expanding","glof":0,"prov":"Bagmati","gnm":"","rgi":"RGI2000-v7.0-G-15-05031"},"geometry":{"type":"Polygon","coordinates":[[[84.46841,28.6571],[84.47058,28.66296],[84.47155,28.66688],[84.47188,28.66744],[84.47332,28.66814],[84.47357,28.668],[84.47351,28.66691],[84.47393,28.6656],[84.47343,28.66256],[84.47301,28.66205],[84.47261,28.66193],[84.47197,28.66034],[84.46993,28.65835],[84.46916,28.65725],[84.46872,28.65688],[84.46841,28.6571]]]}},{"type":"Feature","properties":{"lake_id":"GL_29.19648_82.94826","l_km2":4.8311,"z":3614,"typ":"unconnected glacial lake","d":2009.0,"chg":-0.6,"cls":"shrinking","glof":0,"prov":"Province 1","gnm":"","rgi":"RGI2000-v7.0-G-15-03712"},"geometry":{"type":"Polygon","coordinates":[[[82.93481,29.17681],[82.93501,29.17766],[82.93601,29.17914],[82.93598,29.17952],[82.93521,29.18052],[82.93567,29.18079],[82.93669,29.18066],[82.93715,29.18183],[82.93699,29.18219],[82.93668,29.18229],[82.93646,29.18438],[82.93677,29.18454],[82.93732,29.18442],[82.93792,29.1847],[82.93918,29.1868],[82.94012,29.18664],[82.94068,29.18689],[82.94196,29.18627],[82.94257,29.18772],[82.9431,29.18786],[82.94338,29.18822],[82.94325,29.18918],[82.94387,29.18936],[82.9444,29.18914],[82.94476,29.18952],[82.94521,29.18954],[82.94635,29.1922],[82.9469,29.19264],[82.94724,29.19247],[82.9481,29.19304],[82.94843,29.19471],[82.94907,29.19555],[82.9484,29.1963],[82.94884,29.19664],[82.94927,29.19762],[82.94926,29.19818],[82.94864,29.19924],[82.94852,29.20036],[82.94787,29.20068],[82.94769,29.20107],[82.9471,29.20119],[82.94686,29.2017],[82.94705,29.20291],[82.94636,29.20333],[82.9467,29.20398],[82.94635,29.20498],[82.94648,29.20535],[82.94573,29.20599],[82.94511,29.2061],[82.94518,29.20757],[82.94478,29.20794],[82.94416,29.20808],[82.9431,29.20957],[82.94218,29.21],[82.94204,29.21108],[82.94108,29.21137],[82.94078,29.21193],[82.94039,29.2121],[82.9403,29.21262],[82.93886,29.21356],[82.93783,29.21499],[82.93726,29.21512],[82.93771,29.21613],[82.93882,29.21698],[82.94216,29.21767],[82.94293,29.21813],[82.94348,29.21777],[82.944,29.21773],[82.9444,29.21827],[82.94485,29.21835],[82.94624,29.21763],[82.94618,29.21705],[82.94645,29.21681],[82.94747,29.21653],[82.94747,29.21528],[82.94777,29.21499],[82.94799,29.21374],[82.94877,29.2133],[82.94906,29.2125],[82.94998,29.21214],[82.95003,29.2117],[82.95055,29.21103],[82.9519,29.21027],[82.95187,29.20905],[82.95303,29.20798],[82.95291,29.20735],[82.95393,29.20562],[82.95426,29.20558],[82.95478,29.20601],[82.95539,29.20701],[82.95585,29.20704],[82.95656,29.20659],[82.95743,29.20687],[82.9578,29.20677],[82.95828,29.20731],[82.96091,29.20704],[82.96315,29.20737],[82.96439,29.20643],[82.9659,29.20602],[82.96573,29.20529],[82.96586,29.20435],[82.96518,29.20346],[82.96519,29.20299],[82.9659,29.20251],[82.96666,29.20235],[82.96667,29.20193],[82.96631,29.2012],[82.96543,29.20056],[82.96437,29.20082],[82.96371,29.20066],[82.96322,29.20134],[82.96241,29.20162],[82.96146,29.20151],[82.96124,29.20181],[82.96013,29.20173],[82.95971,29.20139],[82.95918,29.20143],[82.95843,29.20206],[82.95787,29.2019],[82.9575,29.20111],[82.95764,29.20084],[82.95737,29.20057],[82.95647,29.201],[82.95569,29.2009],[82.95575,29.20067],[82.95543,29.20053],[82.95537,29.2002],[82.95605,29.19946],[82.95609,29.19897],[82.95534,29.19864],[82.95523,29.19804],[82.95555,29.19567],[82.95516,29.19359],[82.95594,29.19334],[82.95609,29.1928],[82.95522,29.19127],[82.95458,29.1913],[82.95427,29.19109],[82.9541,29.19075],[82.95442,29.19051],[82.95416,29.19064],[82.95346,29.19038],[82.953,29.19046],[82.95306,29.19017],[82.95279,29.1899],[82.95317,29.18963],[82.95275,29.18931],[82.95279,29.18871],[82.95162,29.18804],[82.95177,29.18748],[82.95114,29.18666],[82.95193,29.18577],[82.95204,29.18531],[82.95271,29.18476],[82.95186,29.18452],[82.95105,29.18284],[82.94981,29.18264],[82.94931,29.18311],[82.94793,29.18341],[82.94764,29.18332],[82.94766,29.18299],[82.94744,29.18325],[82.94682,29.18295],[82.94691,29.18268],[82.94625,29.18235],[82.94643,29.18207],[82.94628,29.1817],[82.94524,29.18142],[82.94519,29.18097],[82.94542,29.18081],[82.94437,29.17978],[82.94421,29.17873],[82.94393,29.17843],[82.94395,29.17825],[82.94432,29.17821],[82.94377,29.17764],[82.94303,29.17743],[82.94384,29.17574],[82.94357,29.17546],[82.94364,29.17497],[82.94461,29.17407],[82.94446,29.17362],[82.94334,29.17335],[82.94211,29.1734],[82.94035,29.17406],[82.93939,29.17416],[82.9382,29.17332],[82.93797,29.17399],[82.93661,29.1739],[82.93632,29.17408],[82.93584,29.17564],[82.93481,29.17681]]]}},{"type":"Feature","properties":{"lake_id":"GL_28.56346_84.65484","l_km2":0.0082,"z":3854,"typ":"unmatched","d":1741.0,"chg":20.8,"cls":"not assessed","glof":0,"prov":"Province 1","gnm":"","rgi":"RGI2000-v7.0-G-15-05200"},"geometry":{"type":"Polygon","coordinates":[[[84.65438,28.56325],[84.65473,28.56398],[84.65505,28.56417],[84.65529,28.56367],[84.655,28.56296],[84.65445,28.56291],[84.65438,28.56325]]]}},{"type":"Feature","properties":{"lake_id":"GL_27.84025_86.95144","l_km2":0.0719,"z":5427,"typ":"proglacial lake","d":380.0,"chg":2.4,"cls":"stable","glof":0,"prov":"Province 1","gnm":"Hungu and Merala","rgi":"RGI2000-v7.0-G-15-06769"},"geometry":{"type":"Polygon","coordinates":[[[86.94983,27.83932],[86.94991,27.83964],[86.95066,27.84031],[86.95062,27.84107],[86.95012,27.8414],[86.95038,27.84179],[86.95107,27.84165],[86.95154,27.8419],[86.95312,27.84069],[86.95304,27.84],[86.95219,27.83919],[86.95097,27.83899],[86.95028,27.83851],[86.94983,27.83932]]]}},{"type":"Feature","properties":{"lake_id":"GL_27.78324_86.95824","l_km2":0.9072,"z":5206,"typ":"proglacial lake","d":0.0,"chg":-2.6,"cls":"shrinking","glof":0,"prov":"Province 1","gnm":"","rgi":"RGI2000-v7.0-G-15-07206"},"geometry":{"type":"Polygon","coordinates":[[[86.94889,27.77766],[86.94963,27.77865],[86.94958,27.77885],[86.94901,27.77889],[86.94894,27.77917],[86.94984,27.77968],[86.94988,27.78049],[86.95079,27.78226],[86.95199,27.78306],[86.95237,27.78405],[86.95274,27.78438],[86.95487,27.78551],[86.95629,27.78597],[86.95684,27.78586],[86.95779,27.78647],[86.95873,27.78665],[86.95946,27.78654],[86.96096,27.78682],[86.96275,27.78647],[86.96299,27.78666],[86.96378,27.78649],[86.96453,27.78676],[86.96715,27.78683],[86.96805,27.78725],[86.96884,27.78678],[86.96933,27.78617],[86.96933,27.78574],[86.96965,27.78564],[86.96959,27.78597],[86.96973,27.78583],[86.96961,27.7853],[86.96898,27.78545],[86.9691,27.78492],[86.96805,27.78528],[86.96768,27.78485],[86.96654,27.78473],[86.96648,27.78456],[86.96624,27.78467],[86.96624,27.78447],[86.96575,27.78436],[86.96579,27.78389],[86.96521,27.78406],[86.96514,27.78366],[86.96498,27.78406],[86.96423,27.78413],[86.96267,27.78353],[86.96246,27.78304],[86.96269,27.7827],[86.96342,27.78288],[86.96348,27.7831],[86.9637,27.78301],[86.9635,27.78281],[86.96382,27.78265],[86.96372,27.78246],[86.9634,27.78258],[86.96305,27.78214],[86.96275,27.7821],[86.96287,27.78187],[86.96313,27.78189],[86.96326,27.7822],[86.96364,27.78243],[86.96322,27.78201],[86.96352,27.78147],[86.96323,27.78169],[86.96228,27.78165],[86.96194,27.78108],[86.96165,27.78102],[86.96202,27.78084],[86.96173,27.78073],[86.96066,27.78097],[86.95966,27.78039],[86.95802,27.78055],[86.95698,27.78109],[86.95656,27.7821],[86.95589,27.78248],[86.95507,27.78126],[86.95514,27.78011],[86.95264,27.77939],[86.95124,27.77784],[86.94996,27.77759],[86.94992,27.77685],[86.94917,27.77688],[86.94933,27.7775],[86.94889,27.77766]]]}},{"type":"Feature","properties":{"lake_id":"GL_27.6752_87.63328","l_km2":0.0556,"z":4918,"typ":"proglacial lake","d":969.0,"chg":8.3,"cls":"stable","glof":0,"prov":"Province 1","gnm":"","rgi":"RGI2000-v7.0-G-15-07454"},"geometry":{"type":"Polygon","coordinates":[[[87.63178,27.67611],[87.63309,27.67659],[87.63357,27.67636],[87.63464,27.6748],[87.63443,27.67386],[87.63291,27.67405],[87.63226,27.67483],[87.63178,27.67611]]]}},{"type":"Feature","properties":{"lake_id":"GL_27.72896_87.63293","l_km2":0.031,"z":4936,"typ":"proglacial lake","d":210.0,"chg":4.6,"cls":"stable","glof":0,"prov":"Province 1","gnm":"","rgi":"RGI2000-v7.0-G-15-07459"},"geometry":{"type":"Polygon","coordinates":[[[87.63176,27.72856],[87.63262,27.72964],[87.63264,27.73016],[87.63293,27.73031],[87.63363,27.72937],[87.63391,27.72805],[87.63235,27.72822],[87.63176,27.72856]]]}},{"type":"Feature","properties":{"lake_id":"GL_27.70357_87.55853","l_km2":0.0181,"z":4807,"typ":"unconnected glacial lake","d":4125.0,"chg":10.4,"cls":"stable","glof":0,"prov":"Province 1","gnm":"","rgi":"RGI2000-v7.0-G-15-07455"},"geometry":{"type":"Polygon","coordinates":[[[87.55709,27.70346],[87.55739,27.70384],[87.55861,27.7038],[87.55906,27.70399],[87.55991,27.70363],[87.55924,27.70315],[87.55861,27.70336],[87.558,27.7031],[87.55709,27.70346]]]}},{"type":"Feature","properties":{"lake_id":"GL_27.674_87.6259","l_km2":0.0392,"z":4919,"typ":"proglacial lake","d":251.0,"chg":-0.3,"cls":"stable","glof":0,"prov":"Province 1","gnm":"","rgi":"RGI2000-v7.0-G-15-07454"},"geometry":{"type":"Polygon","coordinates":[[[87.62465,27.67434],[87.62573,27.67507],[87.62612,27.67507],[87.62681,27.67447],[87.62727,27.67333],[87.62544,27.67312],[87.62473,27.6738],[87.62465,27.67434]]]}},{"type":"Feature","properties":{"lake_id":"GL_27.72846_87.67011","l_km2":0.013,"z":4923,"typ":"unmatched","d":1930.0,"chg":null,"cls":"not assessed","glof":0,"prov":"Karnali","gnm":"","rgi":"RGI2000-v7.0-G-15-07437"},"geometry":{"type":"Polygon","coordinates":[[[87.66952,27.72863],[87.66971,27.72912],[87.6706,27.72881],[87.67072,27.72825],[87.67035,27.72775],[87.66978,27.72802],[87.66952,27.72863]]]}},{"type":"Feature","properties":{"lake_id":"GL_28.23606_85.61098","l_km2":0.0081,"z":5175,"typ":"unmatched","d":0.0,"chg":19.0,"cls":"not assessed","glof":0,"prov":"Province 1","gnm":"Yala Glacier","rgi":"RGI2000-v7.0-G-15-05917"},"geometry":{"type":"Polygon","coordinates":[[[85.61046,28.23566],[85.6105,28.23605],[85.61096,28.23655],[85.61169,28.2365],[85.61121,28.23608],[85.61095,28.23538],[85.61046,28.23566]]]}},{"type":"Feature","properties":{"lake_id":"GL_27.8219_87.73965","l_km2":0.0674,"z":5190,"typ":"proglacial lake","d":0.0,"chg":17.6,"cls":"expanding","glof":0,"prov":"Gandaki","gnm":"","rgi":"RGI2000-v7.0-G-15-07506"},"geometry":{"type":"Polygon","coordinates":[[[87.73822,27.82141],[87.73853,27.82255],[87.73947,27.82251],[87.73981,27.82272],[87.73972,27.82337],[87.74022,27.82391],[87.74053,27.82407],[87.741,27.82396],[87.74037,27.82111],[87.73963,27.82021],[87.73956,27.81936],[87.73822,27.82141]]]}},{"type":"Feature","properties":{"lake_id":"GL_28.11138_85.48667","l_km2":0.0193,"z":4937,"typ":"unmatched","d":190.0,"chg":2.0,"cls":"stable","glof":0,"prov":"Gandaki","gnm":"","rgi":"RGI2000-v7.0-G-15-05923"},"geometry":{"type":"Polygon","coordinates":[[[85.48565,28.1106],[85.48592,28.11063],[85.48579,28.11105],[85.48615,28.11127],[85.48609,28.11154],[85.48657,28.11189],[85.48671,28.11229],[85.48717,28.1124],[85.48742,28.11115],[85.48697,28.11081],[85.48672,28.1109],[85.48634,28.11044],[85.48565,28.1106]]]}},{"type":"Feature","properties":{"lake_id":"GL_27.72444_87.63238","l_km2":0.0104,"z":4954,"typ":"unmatched","d":0.0,"chg":null,"cls":"not assessed","glof":0,"prov":"Gandaki","gnm":"","rgi":"RGI2000-v7.0-G-15-07459"},"geometry":{"type":"Polygon","coordinates":[[[87.63173,27.72423],[87.63182,27.72477],[87.63219,27.72508],[87.633,27.72447],[87.63311,27.72397],[87.63173,27.72423]]]}},{"type":"Feature","properties":{"lake_id":"GL_27.66208_87.71137","l_km2":0.0099,"z":4653,"typ":"unmatched","d":1652.0,"chg":null,"cls":"not assessed","glof":0,"prov":"Karnali","gnm":"","rgi":"RGI2000-v7.0-G-15-07462"},"geometry":{"type":"Polygon","coordinates":[[[87.71058,27.66224],[87.71069,27.66248],[87.71132,27.66265],[87.71222,27.66164],[87.71137,27.6617],[87.71058,27.66224]]]}},{"type":"Feature","properties":{"lake_id":"GL_27.74269_87.605","l_km2":0.007,"z":4810,"typ":"unmatched","d":1572.0,"chg":4.8,"cls":"not assessed","glof":0,"prov":"Gandaki","gnm":"","rgi":"RGI2000-v7.0-G-15-07460"},"geometry":{"type":"Polygon","coordinates":[[[87.60447,27.74255],[87.60508,27.74336],[87.6052,27.74332],[87.60542,27.74244],[87.60465,27.74228],[87.60447,27.74255]]]}},{"type":"Feature","properties":{"lake_id":"GL_27.675_87.51688","l_km2":0.0525,"z":4647,"typ":"unconnected glacial lake","d":8358.0,"chg":-6.8,"cls":"stable","glof":0,"prov":"Gandaki","gnm":"","rgi":"RGI2000-v7.0-G-15-07452"},"geometry":{"type":"Polygon","coordinates":[[[87.5147,27.67425],[87.51539,27.67499],[87.51655,27.67549],[87.51679,27.67581],[87.51896,27.67625],[87.51896,27.67584],[87.51813,27.67478],[87.51567,27.6739],[87.51496,27.67396],[87.5147,27.67425]]]}},{"type":"Feature","properties":{"lake_id":"GL_27.70528_87.59679","l_km2":0.025,"z":4769,"typ":"proglacial lake","d":378.0,"chg":4.2,"cls":"stable","glof":0,"prov":"Gandaki","gnm":"","rgi":"RGI2000-v7.0-G-15-07455"},"geometry":{"type":"Polygon","coordinates":[[[87.59554,27.70505],[87.59625,27.70573],[87.59696,27.70602],[87.59755,27.70595],[87.59783,27.70569],[87.59783,27.70515],[87.59756,27.70483],[87.59645,27.70461],[87.59564,27.70476],[87.59554,27.70505]]]}},{"type":"Feature","properties":{"lake_id":"GL_30.30223_81.87117","l_km2":0.0646,"z":5513,"typ":"proglacial lake","d":0.0,"chg":null,"cls":"not assessed","glof":0,"prov":"Gandaki","gnm":"","rgi":"RGI2000-v7.0-G-15-03089"},"geometry":{"type":"Polygon","coordinates":[[[81.86976,30.30286],[81.86975,30.30429],[81.87016,30.30381],[81.87128,30.3037],[81.87173,30.30247],[81.87273,30.30167],[81.87303,30.30087],[81.8719,30.30063],[81.87027,30.30165],[81.86976,30.30286]]]}},{"type":"Feature","properties":{"lake_id":"GL_29.85564_82.56261","l_km2":0.0674,"z":4862,"typ":"unconnected glacial lake","d":2562.0,"chg":2.8,"cls":"stable","glof":0,"prov":"Karnali","gnm":"","rgi":"RGI2000-v7.0-G-15-03503"},"geometry":{"type":"Polygon","coordinates":[[[82.56033,29.85783],[82.56091,29.85784],[82.56204,29.85682],[82.56261,29.85676],[82.56352,29.85615],[82.56405,29.85562],[82.56439,29.8547],[82.56323,29.85399],[82.56227,29.85438],[82.56159,29.85502],[82.56175,29.85583],[82.56159,29.85634],[82.56033,29.85783]]]}},{"type":"Feature","properties":{"lake_id":"GL_29.95212_82.55549","l_km2":0.0079,"z":5177,"typ":"unmatched","d":4252.0,"chg":3.9,"cls":"not assessed","glof":0,"prov":"Gandaki","gnm":"","rgi":"RGI2000-v7.0-G-15-03353"},"geometry":{"type":"Polygon","coordinates":[[[82.55495,29.95242],[82.5552,29.95262],[82.55592,29.95234],[82.55595,29.95178],[82.55531,29.95173],[82.55495,29.95242]]]}},{"type":"Feature","properties":{"lake_id":"GL_30.20079_81.917","l_km2":0.0331,"z":5171,"typ":"unmatched","d":49.0,"chg":-25.0,"cls":"stable","glof":0,"prov":"Province 1","gnm":"","rgi":"RGI2000-v7.0-G-15-03108"},"geometry":{"type":"Polygon","coordinates":[[[81.91473,30.2007],[81.91667,30.20146],[81.91924,30.20063],[81.91899,30.20038],[81.91781,30.20023],[81.91473,30.2007]]]}},{"type":"Feature","properties":{"lake_id":"GL_27.99727_86.62018","l_km2":0.0231,"z":4945,"typ":"unmatched","d":0.0,"chg":null,"cls":"not assessed","glof":0,"prov":"Province 1","gnm":"Lumsamba","rgi":"RGI2000-v7.0-G-15-06678"},"geometry":{"type":"Polygon","coordinates":[[[86.61892,27.9964],[86.61896,27.99672],[86.61951,27.99678],[86.61987,27.99785],[86.62036,27.99778],[86.62034,27.9985],[86.62081,27.99852],[86.62107,27.99779],[86.62032,27.99716],[86.62077,27.99678],[86.62069,27.99655],[86.62033,27.99628],[86.61967,27.99644],[86.61969,27.99664],[86.61892,27.9964]]]}},{"type":"Feature","properties":{"lake_id":"GL_27.82223_86.93501","l_km2":0.0371,"z":5170,"typ":"proglacial lake","d":738.0,"chg":12.0,"cls":"stable","glof":0,"prov":"Province 1","gnm":"","rgi":"RGI2000-v7.0-G-15-06800"},"geometry":{"type":"Polygon","coordinates":[[[86.93369,27.82292],[86.93373,27.8233],[86.93404,27.82295],[86.93441,27.82328],[86.93416,27.8238],[86.93469,27.82384],[86.93467,27.8234],[86.93509,27.82314],[86.93524,27.82257],[86.93632,27.82203],[86.93636,27.82153],[86.93556,27.8212],[86.93536,27.82086],[86.9342,27.8218],[86.93406,27.82218],[86.93422,27.82254],[86.93369,27.82292]]]}},{"type":"Feature","properties":{"lake_id":"GL_27.94991_86.82233","l_km2":0.0538,"z":4923,"typ":"supraglacial lake","d":0.0,"chg":61.8,"cls":"expanding","glof":0,"prov":"Province 1","gnm":"Khumbu Glacier","rgi":"RGI2000-v7.0-G-15-08331"},"geometry":{"type":"Polygon","coordinates":[[[86.82104,27.9488],[86.8212,27.94938],[86.82159,27.94962],[86.82148,27.95025],[86.82203,27.95117],[86.82293,27.95179],[86.82291,27.95134],[86.82317,27.95135],[86.82336,27.95099],[86.8238,27.95126],[86.82289,27.94928],[86.82135,27.94743],[86.82192,27.94899],[86.82145,27.94871],[86.82104,27.9488]]]}},{"type":"Feature","properties":{"lake_id":"GL_27.82548_86.9337","l_km2":0.0235,"z":5173,"typ":"unmatched","d":824.0,"chg":12.2,"cls":"stable","glof":0,"prov":"Province 1","gnm":"","rgi":"RGI2000-v7.0-G-15-06800"},"geometry":{"type":"Polygon","coordinates":[[[86.9327,27.82545],[86.93304,27.82573],[86.9328,27.82599],[86.9329,27.82631],[86.93329,27.82644],[86.93385,27.82615],[86.93373,27.82653],[86.93379,27.82657],[86.93422,27.82599],[86.934,27.82566],[86.93444,27.82552],[86.93457,27.82445],[86.93396,27.82427],[86.93359,27.82445],[86.93396,27.82442],[86.93414,27.82471],[86.93371,27.82472],[86.93335,27.82543],[86.9331,27.82543],[86.93302,27.8251],[86.9327,27.82545]]]}},{"type":"Feature","properties":{"lake_id":"GL_27.5588_88.03831","l_km2":0.014,"z":5110,"typ":"proglacial lake","d":0.0,"chg":-0.4,"cls":"stable","glof":0,"prov":"Province 1","gnm":"","rgi":"RGI2000-v7.0-G-15-07837"},"geometry":{"type":"Polygon","coordinates":[[[88.03743,27.55901],[88.03808,27.5594],[88.03887,27.5591],[88.03947,27.55854],[88.0386,27.55855],[88.03847,27.55815],[88.03777,27.55844],[88.03743,27.55901]]]}},{"type":"Feature","properties":{"lake_id":"GL_30.05701_82.14267","l_km2":0.0327,"z":4839,"typ":"proglacial lake","d":300.0,"chg":11.0,"cls":"stable","glof":0,"prov":"Province 1","gnm":"","rgi":"RGI2000-v7.0-G-15-02966"},"geometry":{"type":"Polygon","coordinates":[[[82.14047,30.05729],[82.14074,30.05744],[82.14151,30.05743],[82.14197,30.05802],[82.1427,30.05787],[82.14256,30.05729],[82.14289,30.05689],[82.14412,30.05715],[82.14445,30.05703],[82.14447,30.05663],[82.14392,30.05625],[82.14249,30.05645],[82.14115,30.05693],[82.14122,30.0574],[82.14047,30.05729]]]}},{"type":"Feature","properties":{"lake_id":"GL_29.73096_82.6373","l_km2":0.061,"z":5070,"typ":"proglacial lake","d":351.0,"chg":-1.5,"cls":"stable","glof":0,"prov":"Bagmati","gnm":"","rgi":"RGI2000-v7.0-G-15-03465"},"geometry":{"type":"Polygon","coordinates":[[[82.63681,29.72977],[82.63635,29.73279],[82.63674,29.73304],[82.63707,29.73298],[82.63781,29.73227],[82.63837,29.73026],[82.63775,29.72843],[82.63681,29.72977]]]}},{"type":"Feature","properties":{"lake_id":"GL_29.69395_82.60838","l_km2":0.0292,"z":4930,"typ":"unconnected glacial lake","d":4284.0,"chg":10.2,"cls":"stable","glof":0,"prov":"Province 1","gnm":"","rgi":"RGI2000-v7.0-G-15-03471"},"geometry":{"type":"Polygon","coordinates":[[[82.60722,29.69417],[82.60812,29.69471],[82.60919,29.69459],[82.60958,29.69434],[82.60862,29.69302],[82.60759,29.69324],[82.60722,29.69417]]]}},{"type":"Feature","properties":{"lake_id":"GL_29.81159_82.70033","l_km2":0.0105,"z":5059,"typ":"unmatched","d":68.0,"chg":6.4,"cls":"not assessed","glof":0,"prov":"Bagmati","gnm":"","rgi":"RGI2000-v7.0-G-15-03453"},"geometry":{"type":"Polygon","coordinates":[[[82.69974,29.81208],[82.69995,29.81235],[82.70085,29.81163],[82.70075,29.81096],[82.70017,29.81108],[82.69974,29.81208]]]}},{"type":"Feature","properties":{"lake_id":"GL_27.99_86.60863","l_km2":0.0103,"z":4801,"typ":"unmatched","d":0.0,"chg":7.3,"cls":"not assessed","glof":0,"prov":"Province 1","gnm":"Bhote Kosi","rgi":"RGI2000-v7.0-G-15-08551"},"geometry":{"type":"Polygon","coordinates":[[[86.6079,27.99091],[86.6081,27.99097],[86.60881,27.99054],[86.60924,27.98902],[86.60837,27.98955],[86.60835,27.99018],[86.6079,27.99091]]]}},{"type":"Feature","properties":{"lake_id":"GL_27.99342_86.61645","l_km2":0.0194,"z":4930,"typ":"proglacial lake","d":0.0,"chg":22.4,"cls":"stable","glof":0,"prov":"Province 1","gnm":"Lumsamba","rgi":"RGI2000-v7.0-G-15-06678"},"geometry":{"type":"Polygon","coordinates":[[[86.61491,27.99294],[86.61521,27.99321],[86.61562,27.99312],[86.61582,27.99339],[86.616,27.99336],[86.61588,27.99314],[86.61621,27.99316],[86.61626,27.99401],[86.6169,27.99433],[86.61693,27.99475],[86.61714,27.99471],[86.6173,27.99423],[86.61702,27.99407],[86.6169,27.99359],[86.61731,27.99349],[86.61731,27.99314],[86.61682,27.99293],[86.61674,27.9926],[86.61615,27.99301],[86.61599,27.99284],[86.61619,27.99271],[86.61566,27.99256],[86.61523,27.99271],[86.61543,27.99283],[86.61568,27.99267],[86.61566,27.99293],[86.61491,27.99294]]]}},{"type":"Feature","properties":{"lake_id":"GL_27.90043_86.91026","l_km2":0.0214,"z":4994,"typ":"proglacial lake","d":447.0,"chg":86.9,"cls":"expanding","glof":0,"prov":"Province 1","gnm":"Lothse Glacier","rgi":"RGI2000-v7.0-G-15-06758"},"geometry":{"type":"Polygon","coordinates":[[[86.90887,27.90058],[86.90902,27.90065],[86.90944,27.90056],[86.90973,27.90113],[86.9107,27.90123],[86.91074,27.90099],[86.91044,27.90087],[86.91123,27.90047],[86.91129,27.90005],[86.9108,27.89965],[86.91023,27.8998],[86.90979,27.90029],[86.90936,27.90009],[86.90887,27.90058]]]}},{"type":"Feature","properties":{"lake_id":"GL_27.87191_87.03404","l_km2":0.0234,"z":5167,"typ":"unmatched","d":0.0,"chg":null,"cls":"not assessed","glof":0,"prov":"Province 1","gnm":"Barun","rgi":"RGI2000-v7.0-G-15-06766"},"geometry":{"type":"Polygon","coordinates":[[[87.03387,27.87144],[87.03263,27.87298],[87.03355,27.8729],[87.03452,27.87179],[87.03515,27.87171],[87.03539,27.87092],[87.03468,27.87101],[87.03387,27.87144]]]}},{"type":"Feature","properties":{"lake_id":"GL_27.96783_86.82865","l_km2":0.0084,"z":4998,"typ":"unmatched","d":0.0,"chg":null,"cls":"not assessed","glof":0,"prov":"Province 1","gnm":"Khumbu Glacier","rgi":"RGI2000-v7.0-G-15-08331"},"geometry":{"type":"Polygon","coordinates":[[[86.82817,27.96813],[86.82855,27.9684],[86.82919,27.9681],[86.82886,27.96721],[86.82861,27.96719],[86.82853,27.96757],[86.82825,27.96761],[86.82817,27.96813]]]}},{"type":"Feature","properties":{"lake_id":"GL_27.77106_86.86943","l_km2":0.4502,"z":4925,"typ":"proglacial lake","d":0.0,"chg":181.4,"cls":"expanding","glof":0,"prov":"Karnali","gnm":"Inkhu","rgi":"RGI2000-v7.0-G-15-08353"},"geometry":{"type":"Polygon","coordinates":[[[86.86519,27.77628],[86.86546,27.77661],[86.866,27.77632],[86.86643,27.77656],[86.86602,27.77695],[86.86584,27.77811],[86.86618,27.77914],[86.86683,27.77901],[86.8673,27.77934],[86.86846,27.77842],[86.86887,27.77672],[86.86848,27.77573],[86.86807,27.77566],[86.86771,27.77528],[86.86714,27.77566],[86.86698,27.77551],[86.86728,27.77517],[86.86732,27.77426],[86.86781,27.77414],[86.86824,27.7745],[86.86915,27.77461],[86.86948,27.7741],[86.86956,27.77246],[86.87035,27.77243],[86.87072,27.77214],[86.87052,27.77174],[86.87084,27.77125],[86.87169,27.77076],[86.87173,27.77014],[86.87212,27.76977],[86.872,27.76923],[86.87243,27.76728],[86.87316,27.76618],[86.87316,27.76562],[86.8716,27.76374],[86.87083,27.76374],[86.87042,27.76338],[86.87036,27.76425],[86.87008,27.76432],[86.86896,27.76735],[86.86877,27.76977],[86.86962,27.77057],[86.86895,27.77076],[86.86855,27.7706],[86.86836,27.77113],[86.86893,27.77107],[86.8694,27.7713],[86.86853,27.77187],[86.86755,27.77217],[86.8672,27.77333],[86.86647,27.77396],[86.86639,27.7747],[86.86519,27.77628]]]}},{"type":"Feature","properties":{"lake_id":"GL_27.82291_86.57737","l_km2":0.0495,"z":4653,"typ":"unmatched","d":0.0,"chg":69.4,"cls":"expanding","glof":0,"prov":"Karnali","gnm":"Thyangbo","rgi":"RGI2000-v7.0-G-15-08418"},"geometry":{"type":"Polygon","coordinates":[[[86.57605,27.82275],[86.57684,27.82394],[86.57812,27.82406],[86.57879,27.8237],[86.57887,27.82318],[86.57816,27.82281],[86.57772,27.82166],[86.57642,27.82167],[86.57626,27.82194],[86.57658,27.82223],[86.57619,27.82239],[86.57605,27.82275]]]}},{"type":"Feature","properties":{"lake_id":"GL_29.70067_82.57641","l_km2":0.0351,"z":4821,"typ":"unconnected glacial lake","d":6118.0,"chg":5.8,"cls":"stable","glof":0,"prov":"Karnali","gnm":"","rgi":"RGI2000-v7.0-G-15-03477"},"geometry":{"type":"Polygon","coordinates":[[[82.57518,29.70083],[82.57532,29.70163],[82.57662,29.70159],[82.57721,29.70059],[82.5779,29.69997],[82.57752,29.6997],[82.57649,29.69974],[82.57518,29.70083]]]}},{"type":"Feature","properties":{"lake_id":"GL_29.37193_82.58296","l_km2":0.0195,"z":4698,"typ":"unmatched","d":128.0,"chg":21.9,"cls":"stable","glof":0,"prov":"Karnali","gnm":"","rgi":"RGI2000-v7.0-G-15-03543"},"geometry":{"type":"Polygon","coordinates":[[[82.58193,29.37118],[82.58277,29.37213],[82.583,29.37288],[82.58327,29.37297],[82.5838,29.37266],[82.584,29.37206],[82.58292,29.37169],[82.58277,29.37104],[82.58227,29.37081],[82.58193,29.37118]]]}},{"type":"Feature","properties":{"lake_id":"GL_27.74291_86.92999","l_km2":0.0105,"z":4792,"typ":"unmatched","d":1669.0,"chg":12.7,"cls":"not assessed","glof":1,"prov":"Province 1","gnm":"","rgi":"RGI2000-v7.0-G-15-06836"},"geometry":{"type":"Polygon","coordinates":[[[86.9293,27.74281],[86.92948,27.74318],[86.92993,27.74342],[86.93033,27.74338],[86.93058,27.74291],[86.93054,27.74255],[86.93025,27.74243],[86.9293,27.74281]]]}},{"type":"Feature","properties":{"lake_id":"GL_28.85646_82.66812","l_km2":0.0114,"z":4663,"typ":"unmatched","d":3069.0,"chg":22.8,"cls":"stable","glof":0,"prov":"Province 1","gnm":"","rgi":"RGI2000-v7.0-G-15-04444"},"geometry":{"type":"Polygon","coordinates":[[[82.66749,28.85614],[82.66787,28.85706],[82.66863,28.85689],[82.66876,28.85639],[82.66851,28.85611],[82.66793,28.85588],[82.66749,28.85614]]]}},{"type":"Feature","properties":{"lake_id":"GL_29.69278_82.93643","l_km2":0.0244,"z":5497,"typ":"proglacial lake","d":1310.0,"chg":10.2,"cls":"stable","glof":0,"prov":"Province 1","gnm":"","rgi":"RGI2000-v7.0-G-15-03412"},"geometry":{"type":"Polygon","coordinates":[[[82.93553,29.6918],[82.93582,29.69307],[82.93642,29.69364],[82.93718,29.69378],[82.93742,29.69334],[82.93723,29.69286],[82.93651,29.69202],[82.9358,29.69161],[82.93553,29.6918]]]}},{"type":"Feature","properties":{"lake_id":"GL_29.1645_83.55454","l_km2":0.0185,"z":5383,"typ":"unconnected glacial lake","d":6277.0,"chg":9.2,"cls":"stable","glof":0,"prov":"Province 1","gnm":"","rgi":"RGI2000-v7.0-G-15-03918"},"geometry":{"type":"Polygon","coordinates":[[[83.55371,29.16451],[83.55399,29.16515],[83.55453,29.16517],[83.55522,29.16478],[83.55522,29.16401],[83.55466,29.16368],[83.55371,29.16451]]]}},{"type":"Feature","properties":{"lake_id":"GL_29.19924_83.56434","l_km2":0.0293,"z":5549,"typ":"proglacial lake","d":5486.0,"chg":1.0,"cls":"stable","glof":0,"prov":"Province 1","gnm":"","rgi":"RGI2000-v7.0-G-15-03918"},"geometry":{"type":"Polygon","coordinates":[[[83.56328,29.19864],[83.56413,29.20003],[83.56465,29.20024],[83.56568,29.20005],[83.56503,29.19897],[83.56392,29.19817],[83.56351,29.19816],[83.56328,29.19864]]]}},{"type":"Feature","properties":{"lake_id":"GL_30.4167_81.42594","l_km2":0.1653,"z":5493,"typ":"unconnected glacial lake","d":1222.0,"chg":-0.9,"cls":"stable","glof":0,"prov":"Karnali","gnm":"","rgi":"RGI2000-v7.0-G-15-04477"},"geometry":{"type":"Polygon","coordinates":[[[81.42375,30.41659],[81.42398,30.4175],[81.42496,30.41833],[81.42695,30.41943],[81.42732,30.4193],[81.42776,30.41869],[81.42798,30.41771],[81.42791,30.41646],[81.42638,30.41427],[81.42576,30.41402],[81.42463,30.4147],[81.42389,30.41545],[81.42375,30.41659]]]}},{"type":"Feature","properties":{"lake_id":"GL_30.32403_81.40516","l_km2":0.0084,"z":5733,"typ":"unmatched","d":114.0,"chg":-2.7,"cls":"not assessed","glof":0,"prov":"Karnali","gnm":"","rgi":"RGI2000-v7.0-G-15-02671"},"geometry":{"type":"Polygon","coordinates":[[[81.40461,30.32442],[81.40492,30.32454],[81.40559,30.32424],[81.40554,30.32353],[81.40483,30.32377],[81.40461,30.32442]]]}},{"type":"Feature","properties":{"lake_id":"GL_30.40458_81.42649","l_km2":0.1112,"z":5473,"typ":"unconnected glacial lake","d":1726.0,"chg":5.5,"cls":"expanding","glof":0,"prov":"Karnali","gnm":"","rgi":"RGI2000-v7.0-G-15-04477"},"geometry":{"type":"Polygon","coordinates":[[[81.42367,30.40251],[81.42492,30.40259],[81.42642,30.40336],[81.42644,30.40371],[81.42603,30.40416],[81.42545,30.40564],[81.42595,30.4067],[81.42594,30.40723],[81.42679,30.40759],[81.42723,30.40752],[81.42768,30.4069],[81.42687,30.40654],[81.42685,30.40614],[81.42778,30.40592],[81.42845,30.40527],[81.42838,30.40491],[81.42742,30.40387],[81.4275,30.40293],[81.42665,30.40264],[81.42599,30.40187],[81.4256,30.40176],[81.42408,30.40195],[81.42367,30.40251]]]}},{"type":"Feature","properties":{"lake_id":"GL_29.11883_83.63996","l_km2":0.0098,"z":5586,"typ":"unconnected glacial lake","d":740.0,"chg":2.1,"cls":"not assessed","glof":0,"prov":"Karnali","gnm":"","rgi":"RGI2000-v7.0-G-15-04188"},"geometry":{"type":"Polygon","coordinates":[[[83.63924,29.11877],[83.63924,29.11931],[83.63967,29.11925],[83.64088,29.11865],[83.64038,29.11835],[83.63924,29.11877]]]}},{"type":"Feature","properties":{"lake_id":"GL_29.18812_83.56237","l_km2":0.021,"z":5441,"typ":"proglacial lake","d":5576.0,"chg":13.6,"cls":"stable","glof":0,"prov":"Karnali","gnm":"","rgi":"RGI2000-v7.0-G-15-03918"},"geometry":{"type":"Polygon","coordinates":[[[83.5614,29.1883],[83.56182,29.18885],[83.56242,29.18884],[83.5633,29.1881],[83.56293,29.18733],[83.56271,29.1873],[83.56224,29.18742],[83.5614,29.1883]]]}},{"type":"Feature","properties":{"lake_id":"GL_30.32017_81.67671","l_km2":0.0081,"z":4753,"typ":"unmatched","d":12369.0,"chg":54.8,"cls":"not assessed","glof":0,"prov":"Karnali","gnm":"","rgi":"RGI2000-v7.0-G-15-03142"},"geometry":{"type":"Polygon","coordinates":[[[81.67622,30.31974],[81.67664,30.32068],[81.67722,30.3206],[81.67726,30.3203],[81.67669,30.31958],[81.67644,30.31951],[81.67622,30.31974]]]}},{"type":"Feature","properties":{"lake_id":"GL_28.62298_84.14084","l_km2":0.0057,"z":3263,"typ":"unmatched","d":4361.0,"chg":25.2,"cls":"not assessed","glof":0,"prov":"Province 1","gnm":"","rgi":"RGI2000-v7.0-G-15-04807"},"geometry":{"type":"Polygon","coordinates":[[[84.14035,28.62314],[84.14097,28.62344],[84.14133,28.62264],[84.14082,28.62257],[84.14035,28.62314]]]}},{"type":"Feature","properties":{"lake_id":"GL_30.31091_81.45843","l_km2":0.0055,"z":5374,"typ":"unmatched","d":1446.0,"chg":12.5,"cls":"not assessed","glof":0,"prov":"Province 1","gnm":"","rgi":"RGI2000-v7.0-G-15-02753"},"geometry":{"type":"Polygon","coordinates":[[[81.45795,30.31067],[81.45831,30.31128],[81.4588,30.31118],[81.45868,30.31063],[81.45795,30.31067]]]}},{"type":"Feature","properties":{"lake_id":"GL_30.35677_81.43902","l_km2":0.024,"z":5492,"typ":"proglacial lake","d":551.0,"chg":-12.1,"cls":"stable","glof":0,"prov":"Province 1","gnm":"","rgi":"RGI2000-v7.0-G-15-02749"},"geometry":{"type":"Polygon","coordinates":[[[81.43818,30.35624],[81.4386,30.35754],[81.43894,30.35781],[81.4395,30.35772],[81.43972,30.35667],[81.43941,30.35587],[81.43882,30.35584],[81.43818,30.35624]]]}},{"type":"Feature","properties":{"lake_id":"GL_29.10014_83.62707","l_km2":0.0083,"z":5751,"typ":"unmatched","d":0.0,"chg":0.4,"cls":"not assessed","glof":0,"prov":"Karnali","gnm":"","rgi":"RGI2000-v7.0-G-15-04184"},"geometry":{"type":"Polygon","coordinates":[[[83.62634,29.10004],[83.62699,29.10061],[83.62735,29.10026],[83.62784,29.1002],[83.62735,29.09961],[83.62716,29.0999],[83.62634,29.10004]]]}},{"type":"Feature","properties":{"lake_id":"GL_27.90286_87.8503","l_km2":0.0114,"z":5251,"typ":"unmatched","d":98.0,"chg":2.8,"cls":"stable","glof":0,"prov":"Province 1","gnm":"","rgi":"RGI2000-v7.0-G-15-07947"},"geometry":{"type":"Polygon","coordinates":[[[87.84977,27.90274],[87.85006,27.90356],[87.85091,27.90307],[87.85081,27.90264],[87.85023,27.90212],[87.84977,27.90274]]]}},{"type":"Feature","properties":{"lake_id":"GL_28.76352_83.71659","l_km2":0.0079,"z":2828,"typ":"unmatched","d":5936.0,"chg":7.1,"cls":"not assessed","glof":0,"prov":"Province 1","gnm":"","rgi":"RGI2000-v7.0-G-15-04711"},"geometry":{"type":"Polygon","coordinates":[[[83.71565,28.76345],[83.71692,28.76402],[83.71727,28.76333],[83.71696,28.76315],[83.71565,28.76345]]]}},{"type":"Feature","properties":{"lake_id":"GL_30.33285_81.51153","l_km2":0.0267,"z":5217,"typ":"unconnected glacial lake","d":5117.0,"chg":-1.2,"cls":"stable","glof":0,"prov":"Province 1","gnm":"","rgi":"RGI2000-v7.0-G-15-02750"},"geometry":{"type":"Polygon","coordinates":[[[81.5105,30.33287],[81.51082,30.33381],[81.51117,30.33385],[81.51198,30.33341],[81.51234,30.33296],[81.51243,30.33195],[81.51208,30.33175],[81.5105,30.33287]]]}},{"type":"Feature","properties":{"lake_id":"GL_30.36014_81.41448","l_km2":0.0079,"z":5699,"typ":"unmatched","d":470.0,"chg":-0.3,"cls":"not assessed","glof":0,"prov":"Province 1","gnm":"","rgi":"RGI2000-v7.0-G-15-02673"},"geometry":{"type":"Polygon","coordinates":[[[81.41406,30.35991],[81.41437,30.36061],[81.41481,30.36077],[81.41466,30.35962],[81.41428,30.35955],[81.41406,30.35991]]]}},{"type":"Feature","properties":{"lake_id":"GL_29.1154_83.63123","l_km2":0.0054,"z":5591,"typ":"unmatched","d":702.0,"chg":35.7,"cls":"not assessed","glof":0,"prov":"Karnali","gnm":"","rgi":"RGI2000-v7.0-G-15-04185"},"geometry":{"type":"Polygon","coordinates":[[[83.63077,29.11524],[83.63124,29.11581],[83.63155,29.11589],[83.63162,29.11544],[83.63139,29.11512],[83.63091,29.11495],[83.63077,29.11524]]]}},{"type":"Feature","properties":{"lake_id":"GL_30.32576_81.51527","l_km2":0.0062,"z":5218,"typ":"unmatched","d":5714.0,"chg":9.6,"cls":"not assessed","glof":0,"prov":"Karnali","gnm":"","rgi":"RGI2000-v7.0-G-15-02750"},"geometry":{"type":"Polygon","coordinates":[[[81.51463,30.32573],[81.51531,30.32611],[81.51588,30.32576],[81.51539,30.3254],[81.51463,30.32573]]]}},{"type":"Feature","properties":{"lake_id":"GL_30.31534_81.6865","l_km2":0.0176,"z":4768,"typ":"unmatched","d":11279.0,"chg":291.5,"cls":"not assessed","glof":0,"prov":"Province 1","gnm":"","rgi":"RGI2000-v7.0-G-15-03142"},"geometry":{"type":"Polygon","coordinates":[[[81.68552,30.31475],[81.68569,30.31547],[81.68653,30.31564],[81.68705,30.31617],[81.6874,30.31622],[81.68729,30.31521],[81.68667,30.31514],[81.68602,30.31457],[81.68552,30.31475]]]}},{"type":"Feature","properties":{"lake_id":"GL_30.40691_81.42268","l_km2":0.0187,"z":5478,"typ":"unconnected glacial lake","d":2036.0,"chg":2.1,"cls":"stable","glof":0,"prov":"Karnali","gnm":"","rgi":"RGI2000-v7.0-G-15-04477"},"geometry":{"type":"Polygon","coordinates":[[[81.42173,30.40657],[81.42217,30.40755],[81.42368,30.40706],[81.42358,30.40661],[81.423,30.40636],[81.42239,30.40632],[81.42173,30.40657]]]}},{"type":"Feature","properties":{"lake_id":"GL_29.19365_83.55528","l_km2":0.0168,"z":5476,"typ":"unconnected glacial lake","d":4743.0,"chg":30.8,"cls":"stable","glof":0,"prov":"Karnali","gnm":"","rgi":"RGI2000-v7.0-G-15-03918"},"geometry":{"type":"Polygon","coordinates":[[[83.5542,29.19325],[83.55446,29.19388],[83.5551,29.19416],[83.55564,29.19418],[83.55649,29.19373],[83.55595,29.19324],[83.55506,29.19342],[83.5545,29.1931],[83.5542,29.19325]]]}},{"type":"Feature","properties":{"lake_id":"GL_29.0974_83.59958","l_km2":0.0096,"z":5553,"typ":"proglacial lake","d":1292.0,"chg":-28.6,"cls":"stable","glof":0,"prov":"Karnali","gnm":"","rgi":"RGI2000-v7.0-G-15-04182"},"geometry":{"type":"Polygon","coordinates":[[[83.59867,29.09701],[83.59966,29.09795],[83.60034,29.09775],[83.59957,29.09694],[83.59867,29.09701]]]}},{"type":"Feature","properties":{"lake_id":"GL_30.34267_81.46175","l_km2":0.007,"z":5459,"typ":"unmatched","d":273.0,"chg":5.5,"cls":"not assessed","glof":0,"prov":"Karnali","gnm":"","rgi":"RGI2000-v7.0-G-15-02750"},"geometry":{"type":"Polygon","coordinates":[[[81.46126,30.34246],[81.46166,30.34309],[81.46226,30.34302],[81.46182,30.34224],[81.46138,30.34221],[81.46126,30.34246]]]}},{"type":"Feature","properties":{"lake_id":"GL_30.34034_81.46415","l_km2":0.0157,"z":5440,"typ":"proglacial lake","d":537.0,"chg":-5.2,"cls":"stable","glof":0,"prov":"Karnali","gnm":"","rgi":"RGI2000-v7.0-G-15-02750"},"geometry":{"type":"Polygon","coordinates":[[[81.46351,30.3398],[81.46371,30.34085],[81.4647,30.3411],[81.46451,30.33979],[81.46393,30.33947],[81.46351,30.3398]]]}},{"type":"Feature","properties":{"lake_id":"GL_27.82968_88.06904","l_km2":0.0047,"z":5578,"typ":"unmatched","d":707.0,"chg":1.4,"cls":"not assessed","glof":0,"prov":"Karnali","gnm":"","rgi":"RGI2000-v7.0-G-15-07898"},"geometry":{"type":"Polygon","coordinates":[[[88.0685,27.82969],[88.06867,27.82992],[88.06931,27.82991],[88.06954,27.82957],[88.06907,27.82943],[88.0685,27.82969]]]}},{"type":"Feature","properties":{"lake_id":"GL_27.83017_88.06995","l_km2":0.0064,"z":5578,"typ":"unmatched","d":660.0,"chg":6.0,"cls":"not assessed","glof":0,"prov":"Karnali","gnm":"","rgi":"RGI2000-v7.0-G-15-07898"},"geometry":{"type":"Polygon","coordinates":[[[88.06946,27.83024],[88.06975,27.8306],[88.07034,27.83048],[88.07046,27.83005],[88.0698,27.82978],[88.06946,27.83024]]]}}]}